community,community_area,population,category,total23,total24,total25,total22,total26,total19,total20,total21,last12mos,total_prior3years,avg_prior3years,inc_19to25,inc_19tolast12,inc_25tolast12,inc_prior3yearavgtolast12,rate19,rate20,rate21,rate22,rate23,rate24,rate25,rate_last12,rate_prior3years
Douglas,35,20000,Aggravated Assault,73,70,61,70,33,53,65,72,46,204,68,15.1,-13.2,-24.6,-32,265,325,360,350,365,350,305,230,340
Douglas,35,20000,Aggravated Battery,89,94,89,86,55,89,78,78,77,272,90.7,0,-13.5,-13.5,-15,445,390,390,430,445,470,445,385,453.5
Douglas,35,20000,Arson,5,3,1,2,0,1,3,2,0,9,3,0,-100,-100,-100,5,15,10,10,25,15,5,0,15
Douglas,35,20000,Burglary,54,68,97,38,128,35,58,36,161,219,73,177.1,360,66,121,175,290,180,190,270,340,485,805,365
Douglas,35,20000,Criminal Sexual Abuse,11,11,14,10,11,27,13,14,15,36,12,-48.1,-44.4,7.1,25,135,65,70,50,55,55,70,75,60
Douglas,35,20000,Criminal Sexual Assault,21,19,22,18,21,17,15,19,28,62,20.7,29.4,64.7,27.3,35,85,75,95,90,105,95,110,140,103.5
Douglas,35,20000,Disorderly Conduct,16,26,18,18,17,22,22,12,18,60,20,-18.2,-18.2,0,-10,110,110,60,90,80,130,90,90,100
Douglas,35,20000,Drug Abuse,27,31,43,31,25,64,45,25,29,101,33.7,-32.8,-54.7,-32.6,-14,320,225,125,155,135,155,215,145,168.5
Douglas,35,20000,Embezzlement,0,1,0,0,0,1,0,0,0,1,0.3,-100,-100,NA,-100,5,0,0,0,0,5,0,0,1.5
Douglas,35,20000,Forgery & Counterfeiting,16,9,6,7,4,9,8,5,6,31,10.3,-33.3,-33.3,0,-42,45,40,25,35,80,45,30,30,51.5
Douglas,35,20000,Fraud,141,155,155,149,77,181,195,183,110,451,150.3,-14.4,-39.2,-29,-27,905,975,915,745,705,775,775,550,751.5
Douglas,35,20000,Gambling,1,0,1,0,0,1,0,0,0,2,0.7,0,-100,-100,-100,5,0,0,0,5,0,5,0,3.5
Douglas,35,20000,Human Trafficking,1,0,0,0,0,0,0,0,0,1,0.3,NA,NA,NA,-100,0,0,0,0,5,0,0,0,1.5
Douglas,35,20000,Involuntary Manslaughter,0,1,0,0,0,0,0,0,0,1,0.3,NA,NA,NA,-100,0,0,0,0,0,5,0,0,1.5
Douglas,35,20000,Liquor License,1,0,0,2,1,2,0,2,1,1,0.3,-100,-50,NA,233,10,0,10,10,5,0,0,5,1.5
Douglas,35,20000,Misc Non-Index Offense,243,256,264,260,196,352,221,225,248,763,254.3,-25,-29.5,-6.1,-2,1760,1105,1125,1300,1215,1280,1320,1240,1271.5
Douglas,35,20000,Motor Vehicle Theft,593,279,359,397,252,86,112,175,370,1231,410.3,317.4,330.2,3.1,-10,430,560,875,1985,2965,1395,1795,1850,2051.5
Douglas,35,20000,Murder,8,9,4,8,5,3,3,7,5,21,7,33.3,66.7,25,-29,15,15,35,40,40,45,20,25,35
Douglas,35,20000,Obscenity,0,0,2,0,1,0,0,0,1,2,0.7,NA,NA,-50,43,0,0,0,0,0,0,10,5,3.5
Douglas,35,20000,Offenses Against Family,11,5,5,11,5,9,4,11,5,21,7,-44.4,-44.4,0,-29,45,20,55,55,55,25,25,25,35
Douglas,35,20000,Prostitution,1,1,0,0,1,0,0,0,1,2,0.7,NA,NA,NA,43,0,0,0,0,5,5,0,5,3.5
Douglas,35,20000,Robbery,74,72,58,70,38,85,82,84,49,204,68,-31.8,-42.4,-15.5,-28,425,410,420,350,370,360,290,245,340
Douglas,35,20000,Simple Assault,198,216,218,190,161,218,155,181,216,632,210.7,0,-0.9,-0.9,3,1090,775,905,950,990,1080,1090,1080,1053.5
Douglas,35,20000,Simple Battery,432,459,407,391,283,485,380,381,373,1298,432.7,-16.1,-23.1,-8.4,-14,2425,1900,1905,1955,2160,2295,2035,1865,2163.5
Douglas,35,20000,Stolen Property,1,1,0,0,0,0,1,0,0,2,0.7,NA,NA,NA,-100,0,5,0,0,5,5,0,0,3.5
Douglas,35,20000,Theft,409,452,460,417,284,541,330,312,419,1321,440.3,-15,-22.6,-8.9,-5,2705,1650,1560,2085,2045,2260,2300,2095,2201.5
Douglas,35,20000,Theft Over $500,271,233,199,248,120,203,115,165,175,703,234.3,-2,-13.8,-12.1,-25,1015,575,825,1240,1355,1165,995,875,1171.5
Douglas,35,20000,Vandalism,383,327,346,294,329,214,209,212,417,1056,352,61.7,94.9,20.5,18,1070,1045,1060,1470,1915,1635,1730,2085,1760
Douglas,35,20000,Weapons Violation,102,104,77,83,42,50,74,80,51,283,94.3,54,2,-33.8,-46,250,370,400,415,510,520,385,255,471.5
Oakland,36,7000,Aggravated Assault,24,30,21,22,20,23,26,16,23,75,25,-8.7,0,9.5,-8,328.6,371.4,228.6,314.3,342.9,428.6,300,328.6,357.1
Oakland,36,7000,Aggravated Battery,26,31,20,27,15,19,21,27,18,77,25.7,5.3,-5.3,-10,-30,271.4,300,385.7,385.7,371.4,442.9,285.7,257.1,367.1
Oakland,36,7000,Arson,1,0,0,0,2,1,0,1,2,1,0.3,-100,100,NA,567,14.3,0,14.3,0,14.3,0,0,28.6,4.3
Oakland,36,7000,Burglary,7,20,22,14,33,18,16,15,42,49,16.3,22.2,133.3,90.9,158,257.1,228.6,214.3,200,100,285.7,314.3,600,232.9
Oakland,36,7000,Criminal Sexual Abuse,1,4,4,2,2,4,2,1,4,9,3,0,0,0,33,57.1,28.6,14.3,28.6,14.3,57.1,57.1,57.1,42.9
Oakland,36,7000,Criminal Sexual Assault,1,2,1,8,3,6,6,2,4,4,1.3,-83.3,-33.3,300,208,85.7,85.7,28.6,114.3,14.3,28.6,14.3,57.1,18.6
Oakland,36,7000,Disorderly Conduct,3,2,4,0,1,4,3,3,2,9,3,0,-50,-50,-33,57.1,42.9,42.9,0,42.9,28.6,57.1,28.6,42.9
Oakland,36,7000,Drug Abuse,5,3,3,3,1,7,6,1,1,11,3.7,-57.1,-85.7,-66.7,-73,100,85.7,14.3,42.9,71.4,42.9,42.9,14.3,52.9
Oakland,36,7000,Embezzlement,0,0,0,0,0,0,1,0,0,0,0,NA,NA,NA,NA,0,14.3,0,0,0,0,0,0,0
Oakland,36,7000,Forgery & Counterfeiting,5,1,4,3,1,1,0,0,2,10,3.3,300,100,-50,-39,14.3,0,0,42.9,71.4,14.3,57.1,28.6,47.1
Oakland,36,7000,Fraud,41,49,45,29,23,37,59,64,42,135,45,21.6,13.5,-6.7,-7,528.6,842.9,914.3,414.3,585.7,700,642.9,600,642.9
Oakland,36,7000,Gambling,0,0,0,0,0,0,0,0,0,0,0,NA,NA,NA,NA,0,0,0,0,0,0,0,0,0
Oakland,36,7000,Human Trafficking,0,0,0,0,0,0,0,0,0,0,0,NA,NA,NA,NA,0,0,0,0,0,0,0,0,0
Oakland,36,7000,Involuntary Manslaughter,0,0,0,0,0,0,0,0,0,0,0,NA,NA,NA,NA,0,0,0,0,0,0,0,0,0
Oakland,36,7000,Liquor License,0,0,0,2,0,0,0,0,0,0,0,NA,NA,NA,NA,0,0,0,28.6,0,0,0,0,0
Oakland,36,7000,Misc Non-Index Offense,95,89,52,77,51,79,77,65,65,236,78.7,-34.2,-17.7,25,-17,1128.6,1100,928.6,1100,1357.1,1271.4,742.9,928.6,1124.3
Oakland,36,7000,Motor Vehicle Theft,202,118,118,127,102,18,28,32,130,438,146,555.6,622.2,10.2,-11,257.1,400,457.1,1814.3,2885.7,1685.7,1685.7,1857.1,2085.7
Oakland,36,7000,Murder,1,2,0,0,2,1,1,3,2,3,1,-100,100,NA,100,14.3,14.3,42.9,0,14.3,28.6,0,28.6,14.3
Oakland,36,7000,Obscenity,0,0,0,0,0,0,0,0,0,0,0,NA,NA,NA,NA,0,0,0,0,0,0,0,0,0
Oakland,36,7000,Offenses Against Family,4,5,6,9,0,2,4,4,2,15,5,200,0,-66.7,-60,28.6,57.1,57.1,128.6,57.1,71.4,85.7,28.6,71.4
Oakland,36,7000,Prostitution,0,0,0,0,0,0,0,0,0,0,0,NA,NA,NA,NA,0,0,0,0,0,0,0,0,0
Oakland,36,7000,Robbery,37,23,14,20,15,22,20,32,18,74,24.7,-36.4,-18.2,28.6,-27,314.3,285.7,457.1,285.7,528.6,328.6,200,257.1,352.9
Oakland,36,7000,Simple Assault,66,65,52,58,47,52,46,51,61,183,61,0,17.3,17.3,0,742.9,657.1,728.6,828.6,942.9,928.6,742.9,871.4,871.4
Oakland,36,7000,Simple Battery,139,112,127,102,92,108,99,94,127,378,126,17.6,17.6,0,1,1542.9,1414.3,1342.9,1457.1,1985.7,1600,1814.3,1814.3,1800
Oakland,36,7000,Stolen Property,0,0,0,0,0,0,0,1,0,0,0,NA,NA,NA,NA,0,0,14.3,0,0,0,0,0,0
Oakland,36,7000,Theft,94,117,111,85,84,91,61,50,107,322,107.3,22,17.6,-3.6,-0,1300,871.4,714.3,1214.3,1342.9,1671.4,1585.7,1528.6,1532.9
Oakland,36,7000,Theft Over $500,61,52,42,49,23,39,38,40,30,155,51.7,7.7,-23.1,-28.6,-42,557.1,542.9,571.4,700,871.4,742.9,600,428.6,738.6
Oakland,36,7000,Vandalism,144,129,123,87,87,84,83,72,117,396,132,46.4,39.3,-4.9,-11,1200,1185.7,1028.6,1242.9,2057.1,1842.9,1757.1,1671.4,1885.7
Oakland,36,7000,Weapons Violation,25,28,34,37,17,22,26,17,19,87,29,54.5,-13.6,-44.1,-34,314.3,371.4,242.9,528.6,357.1,400,485.7,271.4,414.3
Fuller Park,37,3000,Aggravated Assault,37,32,27,24,18,22,37,36,23,96,32,22.7,4.5,-14.8,-28,733.3,1233.3,1200,800,1233.3,1066.7,900,766.7,1066.7
Fuller Park,37,3000,Aggravated Battery,42,41,29,31,26,31,38,34,31,112,37.3,-6.5,0,6.9,-17,1033.3,1266.7,1133.3,1033.3,1400,1366.7,966.7,1033.3,1243.3
Fuller Park,37,3000,Arson,6,1,2,0,1,1,9,3,1,9,3,100,0,-50,-67,33.3,300,100,0,200,33.3,66.7,33.3,100
Fuller Park,37,3000,Burglary,17,21,17,15,24,26,18,7,30,55,18.3,-34.6,15.4,76.5,64,866.7,600,233.3,500,566.7,700,566.7,1000,610
Fuller Park,37,3000,Criminal Sexual Abuse,2,0,2,7,2,4,3,4,3,4,1.3,-50,-25,50,131,133.3,100,133.3,233.3,66.7,0,66.7,100,43.3
Fuller Park,37,3000,Criminal Sexual Assault,0,1,5,5,2,10,2,2,3,6,2,-50,-70,-40,50,333.3,66.7,66.7,166.7,0,33.3,166.7,100,66.7
Fuller Park,37,3000,Disorderly Conduct,7,5,12,3,15,19,8,2,18,24,8,-36.8,-5.3,50,125,633.3,266.7,66.7,100,233.3,166.7,400,600,266.7
Fuller Park,37,3000,Drug Abuse,10,13,22,9,10,63,22,12,16,45,15,-65.1,-74.6,-27.3,7,2100,733.3,400,300,333.3,433.3,733.3,533.3,500
Fuller Park,37,3000,Embezzlement,0,0,0,0,0,1,0,0,0,0,0,-100,-100,NA,NA,33.3,0,0,0,0,0,0,0,0
Fuller Park,37,3000,Forgery & Counterfeiting,5,3,4,2,2,17,8,2,3,12,4,-76.5,-82.4,-25,-25,566.7,266.7,66.7,66.7,166.7,100,133.3,100,133.3
Fuller Park,37,3000,Fraud,39,28,15,27,21,44,45,37,24,82,27.3,-65.9,-45.5,60,-12,1466.7,1500,1233.3,900,1300,933.3,500,800,910
Fuller Park,37,3000,Gambling,0,0,0,0,0,0,0,0,0,0,0,NA,NA,NA,NA,0,0,0,0,0,0,0,0,0
Fuller Park,37,3000,Human Trafficking,0,0,0,0,0,0,0,0,0,0,0,NA,NA,NA,NA,0,0,0,0,0,0,0,0,0
Fuller Park,37,3000,Involuntary Manslaughter,0,0,0,0,0,0,0,0,0,0,0,NA,NA,NA,NA,0,0,0,0,0,0,0,0,0
Fuller Park,37,3000,Liquor License,0,0,0,1,0,0,0,0,0,0,0,NA,NA,NA,NA,0,0,0,33.3,0,0,0,0,0
Fuller Park,37,3000,Misc Non-Index Offense,52,64,64,52,44,115,72,45,60,180,60,-44.3,-47.8,-6.2,0,3833.3,2400,1500,1733.3,1733.3,2133.3,2133.3,2000,2000
Fuller Park,37,3000,Motor Vehicle Theft,93,46,62,60,47,35,41,40,66,201,67,77.1,88.6,6.5,-1,1166.7,1366.7,1333.3,2000,3100,1533.3,2066.7,2200,2233.3
Fuller Park,37,3000,Murder,2,3,3,6,5,4,2,4,8,8,2.7,-25,100,166.7,196,133.3,66.7,133.3,200,66.7,100,100,266.7,90
Fuller Park,37,3000,Obscenity,0,0,0,0,0,0,0,0,0,0,0,NA,NA,NA,NA,0,0,0,0,0,0,0,0,0
Fuller Park,37,3000,Offenses Against Family,1,1,4,5,1,2,1,0,3,6,2,100,50,-25,50,66.7,33.3,0,166.7,33.3,33.3,133.3,100,66.7
Fuller Park,37,3000,Prostitution,0,0,0,1,0,0,0,0,0,0,0,NA,NA,NA,NA,0,0,0,33.3,0,0,0,0,0
Fuller Park,37,3000,Robbery,31,63,56,30,23,49,48,30,31,150,50,14.3,-36.7,-44.6,-38,1633.3,1600,1000,1000,1033.3,2100,1866.7,1033.3,1666.7
Fuller Park,37,3000,Simple Assault,56,43,39,41,38,48,46,40,49,138,46,-18.8,2.1,25.6,7,1600,1533.3,1333.3,1366.7,1866.7,1433.3,1300,1633.3,1533.3
Fuller Park,37,3000,Simple Battery,100,122,104,79,81,129,91,85,106,326,108.7,-19.4,-17.8,1.9,-2,4300,3033.3,2833.3,2633.3,3333.3,4066.7,3466.7,3533.3,3623.3
Fuller Park,37,3000,Stolen Property,0,1,0,0,0,0,0,0,0,1,0.3,NA,NA,NA,-100,0,0,0,0,0,33.3,0,0,10
Fuller Park,37,3000,Theft,77,75,91,79,53,129,63,53,78,243,81,-29.5,-39.5,-14.3,-4,4300,2100,1766.7,2633.3,2566.7,2500,3033.3,2600,2700
Fuller Park,37,3000,Theft Over $500,29,28,25,37,19,42,25,22,27,82,27.3,-40.5,-35.7,8,-1,1400,833.3,733.3,1233.3,966.7,933.3,833.3,900,910
Fuller Park,37,3000,Vandalism,64,69,65,73,52,85,70,71,64,198,66,-23.5,-24.7,-1.5,-3,2833.3,2333.3,2366.7,2433.3,2133.3,2300,2166.7,2133.3,2200
Fuller Park,37,3000,Weapons Violation,56,43,37,59,31,29,34,29,43,136,45.3,27.6,48.3,16.2,-5,966.7,1133.3,966.7,1966.7,1866.7,1433.3,1233.3,1433.3,1510
Grand Boulevard,38,25000,Aggravated Assault,136,135,98,107,66,69,89,114,82,369,123,42,18.8,-16.3,-33,276,356,456,428,544,540,392,328,492
Grand Boulevard,38,25000,Aggravated Battery,136,115,95,128,97,116,135,123,121,346,115.3,-18.1,4.3,27.4,5,464,540,492,512,544,460,380,484,461.2
Grand Boulevard,38,25000,Arson,3,3,2,9,8,2,9,7,8,8,2.7,0,300,300,196,8,36,28,36,12,12,8,32,10.8
Grand Boulevard,38,25000,Burglary,79,131,111,95,146,106,77,69,186,321,107,4.7,75.5,67.6,74,424,308,276,380,316,524,444,744,428
Grand Boulevard,38,25000,Criminal Sexual Abuse,20,16,11,9,16,21,13,14,18,47,15.7,-47.6,-14.3,63.6,15,84,52,56,36,80,64,44,72,62.8
Grand Boulevard,38,25000,Criminal Sexual Assault,22,25,23,14,19,22,13,26,25,70,23.3,4.5,13.6,8.7,7,88,52,104,56,88,100,92,100,93.2
Grand Boulevard,38,25000,Disorderly Conduct,17,20,22,13,22,38,25,5,26,59,19.7,-42.1,-31.6,18.2,32,152,100,20,52,68,80,88,104,78.8
Grand Boulevard,38,25000,Drug Abuse,31,27,46,40,88,191,57,32,96,104,34.7,-75.9,-49.7,108.7,177,764,228,128,160,124,108,184,384,138.8
Grand Boulevard,38,25000,Embezzlement,0,0,1,2,0,1,0,0,0,1,0.3,0,-100,-100,-100,4,0,0,8,0,0,4,0,1.2
Grand Boulevard,38,25000,Forgery & Counterfeiting,10,6,17,8,5,13,17,8,7,33,11,30.8,-46.2,-58.8,-36,52,68,32,32,40,24,68,28,44
Grand Boulevard,38,25000,Fraud,177,149,164,188,96,186,207,199,130,490,163.3,-11.8,-30.1,-20.7,-20,744,828,796,752,708,596,656,520,653.2
Grand Boulevard,38,25000,Gambling,0,2,0,0,0,0,0,1,0,2,0.7,NA,NA,NA,-100,0,0,4,0,0,8,0,0,2.8
Grand Boulevard,38,25000,Human Trafficking,0,0,0,0,0,0,0,0,0,0,0,NA,NA,NA,NA,0,0,0,0,0,0,0,0,0
Grand Boulevard,38,25000,Involuntary Manslaughter,0,0,0,0,1,0,0,0,1,0,0,NA,NA,NA,NA,0,0,0,0,0,0,0,4,0
Grand Boulevard,38,25000,Liquor License,0,4,0,2,0,2,1,1,0,4,1.3,-100,-100,NA,-100,8,4,4,8,0,16,0,0,5.2
Grand Boulevard,38,25000,Misc Non-Index Offense,307,325,327,328,248,377,299,297,318,959,319.7,-13.3,-15.6,-2.8,-1,1508,1196,1188,1312,1228,1300,1308,1272,1278.8
Grand Boulevard,38,25000,Motor Vehicle Theft,625,465,437,510,310,135,178,164,425,1527,509,223.7,214.8,-2.7,-17,540,712,656,2040,2500,1860,1748,1700,2036
Grand Boulevard,38,25000,Murder,5,8,3,13,0,5,6,15,2,16,5.3,-40,-60,-33.3,-62,20,24,60,52,20,32,12,8,21.2
Grand Boulevard,38,25000,Obscenity,0,0,0,0,0,0,0,0,0,0,0,NA,NA,NA,NA,0,0,0,0,0,0,0,0,0
Grand Boulevard,38,25000,Offenses Against Family,13,8,15,12,10,11,14,11,17,36,12,36.4,54.5,13.3,42,44,56,44,48,52,32,60,68,48
Grand Boulevard,38,25000,Prostitution,0,0,5,0,0,12,8,11,0,5,1.7,-58.3,-100,-100,-100,48,32,44,0,0,0,20,0,6.8
Grand Boulevard,38,25000,Robbery,122,91,64,118,47,97,83,100,59,277,92.3,-34,-39.2,-7.8,-36,388,332,400,472,488,364,256,236,369.2
Grand Boulevard,38,25000,Simple Assault,259,246,262,204,189,212,208,223,243,767,255.7,23.6,14.6,-7.3,-5,848,832,892,816,1036,984,1048,972,1022.8
Grand Boulevard,38,25000,Simple Battery,567,563,491,464,371,659,497,426,499,1621,540.3,-25.5,-24.3,1.6,-8,2636,1988,1704,1856,2268,2252,1964,1996,2161.2
Grand Boulevard,38,25000,Stolen Property,0,0,0,0,0,1,0,0,0,0,0,-100,-100,NA,NA,4,0,0,0,0,0,0,0,0
Grand Boulevard,38,25000,Theft,377,561,464,360,350,522,372,297,469,1402,467.3,-11.1,-10.2,1.1,0,2088,1488,1188,1440,1508,2244,1856,1876,1869.2
Grand Boulevard,38,25000,Theft Over $500,265,241,163,226,119,178,148,154,165,669,223,-8.4,-7.3,1.2,-26,712,592,616,904,1060,964,652,660,892
Grand Boulevard,38,25000,Vandalism,523,536,466,431,364,345,385,358,548,1525,508.3,35.1,58.8,17.6,8,1380,1540,1432,1724,2092,2144,1864,2192,2033.2
Grand Boulevard,38,25000,Weapons Violation,154,148,117,161,55,75,115,139,75,419,139.7,56,0,-35.9,-46,300,460,556,644,616,592,468,300,558.8
Kenwood,39,19000,Aggravated Assault,48,49,51,46,38,34,40,37,50,148,49.3,50,47.1,-2,1,178.9,210.5,194.7,242.1,252.6,257.9,268.4,263.2,259.5
Kenwood,39,19000,Aggravated Battery,54,60,50,59,55,38,53,47,71,164,54.7,31.6,86.8,42,30,200,278.9,247.4,310.5,284.2,315.8,263.2,373.7,287.9
Kenwood,39,19000,Arson,2,0,6,4,1,0,1,1,4,8,2.7,NA,NA,-33.3,48,0,5.3,5.3,21.1,10.5,0,31.6,21.1,14.2
Kenwood,39,19000,Burglary,60,61,83,48,100,42,42,28,126,204,68,97.6,200,51.8,85,221.1,221.1,147.4,252.6,315.8,321.1,436.8,663.2,357.9
Kenwood,39,19000,Criminal Sexual Abuse,3,21,9,7,9,8,8,4,11,33,11,12.5,37.5,22.2,0,42.1,42.1,21.1,36.8,15.8,110.5,47.4,57.9,57.9
Kenwood,39,19000,Criminal Sexual Assault,8,16,11,13,10,14,6,10,13,35,11.7,-21.4,-7.1,18.2,11,73.7,31.6,52.6,68.4,42.1,84.2,57.9,68.4,61.6
Kenwood,39,19000,Disorderly Conduct,3,4,7,2,6,3,1,3,9,14,4.7,133.3,200,28.6,91,15.8,5.3,15.8,10.5,15.8,21.1,36.8,47.4,24.7
Kenwood,39,19000,Drug Abuse,11,6,13,8,11,15,8,3,15,30,10,-13.3,0,15.4,50,78.9,42.1,15.8,42.1,57.9,31.6,68.4,78.9,52.6
Kenwood,39,19000,Embezzlement,1,2,1,0,0,0,1,0,0,4,1.3,NA,NA,-100,-100,0,5.3,0,0,5.3,10.5,5.3,0,6.8
Kenwood,39,19000,Forgery & Counterfeiting,3,5,8,5,8,7,4,2,9,16,5.3,14.3,28.6,12.5,70,36.8,21.1,10.5,26.3,15.8,26.3,42.1,47.4,27.9
Kenwood,39,19000,Fraud,134,113,106,112,78,129,130,122,107,353,117.7,-17.8,-17.1,0.9,-9,678.9,684.2,642.1,589.5,705.3,594.7,557.9,563.2,619.5
Kenwood,39,19000,Gambling,0,0,0,0,0,0,0,0,0,0,0,NA,NA,NA,NA,0,0,0,0,0,0,0,0,0
Kenwood,39,19000,Human Trafficking,0,0,0,0,0,0,0,0,0,0,0,NA,NA,NA,NA,0,0,0,0,0,0,0,0,0
Kenwood,39,19000,Involuntary Manslaughter,0,0,0,0,0,0,0,0,0,0,0,NA,NA,NA,NA,0,0,0,0,0,0,0,0,0
Kenwood,39,19000,Liquor License,0,1,0,0,0,0,0,0,0,1,0.3,NA,NA,NA,-100,0,0,0,0,0,5.3,0,0,1.6
Kenwood,39,19000,Misc Non-Index Offense,180,176,188,154,132,164,140,148,177,544,181.3,14.6,7.9,-5.9,-2,863.2,736.8,778.9,810.5,947.4,926.3,989.5,931.6,954.2
Kenwood,39,19000,Motor Vehicle Theft,318,277,193,256,162,54,74,93,217,788,262.7,257.4,301.9,12.4,-17,284.2,389.5,489.5,1347.4,1673.7,1457.9,1015.8,1142.1,1382.6
Kenwood,39,19000,Murder,3,2,0,8,1,1,0,2,1,5,1.7,-100,0,NA,-41,5.3,0,10.5,42.1,15.8,10.5,0,5.3,8.9
Kenwood,39,19000,Obscenity,0,0,0,0,0,0,0,0,0,0,0,NA,NA,NA,NA,0,0,0,0,0,0,0,0,0
Kenwood,39,19000,Offenses Against Family,6,8,5,6,5,9,5,7,7,19,6.3,-44.4,-22.2,40,11,47.4,26.3,36.8,31.6,31.6,42.1,26.3,36.8,33.2
Kenwood,39,19000,Prostitution,2,1,0,0,1,1,0,1,1,3,1,-100,0,NA,0,5.3,0,5.3,0,10.5,5.3,0,5.3,5.3
Kenwood,39,19000,Robbery,100,58,31,57,21,42,36,74,28,189,63,-26.2,-33.3,-9.7,-56,221.1,189.5,389.5,300,526.3,305.3,163.2,147.4,331.6
Kenwood,39,19000,Simple Assault,126,154,137,107,125,89,92,98,159,417,139,53.9,78.7,16.1,14,468.4,484.2,515.8,563.2,663.2,810.5,721.1,836.8,731.6
Kenwood,39,19000,Simple Battery,239,262,276,256,217,207,181,185,281,777,259,33.3,35.7,1.8,8,1089.5,952.6,973.7,1347.4,1257.9,1378.9,1452.6,1478.9,1363.2
Kenwood,39,19000,Stolen Property,0,0,0,0,1,0,0,0,1,0,0,NA,NA,NA,NA,0,0,0,0,0,0,0,5.3,0
Kenwood,39,19000,Theft,276,360,376,240,249,268,175,197,327,1012,337.3,40.3,22,-13,-3,1410.5,921.1,1036.8,1263.2,1452.6,1894.7,1978.9,1721.1,1775.3
Kenwood,39,19000,Theft Over $500,173,146,138,177,92,97,77,97,136,457,152.3,42.3,40.2,-1.4,-11,510.5,405.3,510.5,931.6,910.5,768.4,726.3,715.8,801.6
Kenwood,39,19000,Vandalism,280,279,327,231,255,150,127,134,350,886,295.3,118,133.3,7,19,789.5,668.4,705.3,1215.8,1473.7,1468.4,1721.1,1842.1,1554.2
Kenwood,39,19000,Weapons Violation,38,36,29,32,15,19,17,31,19,103,34.3,52.6,0,-34.5,-45,100,89.5,163.2,168.4,200,189.5,152.6,100,180.5
Lincoln Square,4,40000,Aggravated Assault,47,30,33,36,32,24,29,28,38,110,36.7,37.5,58.3,15.2,4,60,72.5,70,90,117.5,75,82.5,95,91.8
Lincoln Square,4,40000,Aggravated Battery,45,24,28,27,18,34,25,24,24,97,32.3,-17.6,-29.4,-14.3,-26,85,62.5,60,67.5,112.5,60,70,60,80.8
Lincoln Square,4,40000,Arson,2,1,1,3,0,0,1,0,0,4,1.3,NA,NA,-100,-100,0,2.5,0,7.5,5,2.5,2.5,0,3.3
Lincoln Square,4,40000,Burglary,126,111,97,94,99,97,102,85,125,334,111.3,0,28.9,28.9,12,242.5,255,212.5,235,315,277.5,242.5,312.5,278.2
Lincoln Square,4,40000,Criminal Sexual Abuse,21,14,24,12,13,19,7,12,18,59,19.7,26.3,-5.3,-25,-9,47.5,17.5,30,30,52.5,35,60,45,49.2
Lincoln Square,4,40000,Criminal Sexual Assault,26,14,17,26,32,30,16,14,36,57,19,-43.3,20,111.8,89,75,40,35,65,65,35,42.5,90,47.5
Lincoln Square,4,40000,Disorderly Conduct,3,7,3,4,6,8,2,1,7,13,4.3,-62.5,-12.5,133.3,63,20,5,2.5,10,7.5,17.5,7.5,17.5,10.8
Lincoln Square,4,40000,Drug Abuse,21,9,13,9,9,18,15,8,12,43,14.3,-27.8,-33.3,-7.7,-16,45,37.5,20,22.5,52.5,22.5,32.5,30,35.8
Lincoln Square,4,40000,Embezzlement,0,0,0,0,0,0,0,0,0,0,0,NA,NA,NA,NA,0,0,0,0,0,0,0,0,0
Lincoln Square,4,40000,Forgery & Counterfeiting,11,16,4,31,7,19,12,15,8,31,10.3,-78.9,-57.9,100,-22,47.5,30,37.5,77.5,27.5,40,10,20,25.8
Lincoln Square,4,40000,Fraud,206,178,183,208,104,192,256,210,147,567,189,-4.7,-23.4,-19.7,-22,480,640,525,520,515,445,457.5,367.5,472.5
Lincoln Square,4,40000,Gambling,0,0,0,0,0,0,0,0,0,0,0,NA,NA,NA,NA,0,0,0,0,0,0,0,0,0
Lincoln Square,4,40000,Human Trafficking,0,0,0,0,0,0,0,0,0,0,0,NA,NA,NA,NA,0,0,0,0,0,0,0,0,0
Lincoln Square,4,40000,Involuntary Manslaughter,0,0,0,0,0,0,0,0,0,0,0,NA,NA,NA,NA,0,0,0,0,0,0,0,0,0
Lincoln Square,4,40000,Liquor License,4,2,0,2,1,2,6,0,1,6,2,-100,-50,NA,-50,5,15,0,5,10,5,0,2.5,5
Lincoln Square,4,40000,Misc Non-Index Offense,174,198,189,195,147,162,122,147,200,561,187,16.7,23.5,5.8,7,405,305,367.5,487.5,435,495,472.5,500,467.5
Lincoln Square,4,40000,Motor Vehicle Theft,181,161,91,96,71,63,88,43,85,433,144.3,44.4,34.9,-6.6,-41,157.5,220,107.5,240,452.5,402.5,227.5,212.5,360.8
Lincoln Square,4,40000,Murder,0,0,1,2,1,0,1,2,1,1,0.3,NA,NA,0,233,0,2.5,5,5,0,0,2.5,2.5,0.7
Lincoln Square,4,40000,Obscenity,0,0,1,0,0,0,0,0,0,1,0.3,NA,NA,-100,-100,0,0,0,0,0,0,2.5,0,0.7
Lincoln Square,4,40000,Offenses Against Family,4,4,6,8,2,8,7,6,4,14,4.7,-25,-50,-33.3,-15,20,17.5,15,20,10,10,15,10,11.8
Lincoln Square,4,40000,Prostitution,2,0,1,0,1,1,0,1,1,3,1,0,0,0,0,2.5,0,2.5,0,5,0,2.5,2.5,2.5
Lincoln Square,4,40000,Robbery,57,49,26,36,13,28,33,42,20,132,44,-7.1,-28.6,-23.1,-55,70,82.5,105,90,142.5,122.5,65,50,110
Lincoln Square,4,40000,Simple Assault,144,120,110,105,87,95,78,94,119,374,124.7,15.8,25.3,8.2,-5,237.5,195,235,262.5,360,300,275,297.5,311.8
Lincoln Square,4,40000,Simple Battery,279,285,251,274,199,277,265,253,259,815,271.7,-9.4,-6.5,3.2,-5,692.5,662.5,632.5,685,697.5,712.5,627.5,647.5,679.2
Lincoln Square,4,40000,Stolen Property,0,0,1,0,0,0,1,0,0,1,0.3,NA,NA,-100,-100,0,2.5,0,0,0,0,2.5,0,0.7
Lincoln Square,4,40000,Theft,314,364,403,337,318,431,479,360,424,1081,360.3,-6.5,-1.6,5.2,18,1077.5,1197.5,900,842.5,785,910,1007.5,1060,900.8
Lincoln Square,4,40000,Theft Over $500,283,222,216,283,127,110,138,156,166,721,240.3,96.4,50.9,-23.1,-31,275,345,390,707.5,707.5,555,540,415,600.8
Lincoln Square,4,40000,Vandalism,257,218,197,222,93,185,198,191,146,672,224,6.5,-21.1,-25.9,-35,462.5,495,477.5,555,642.5,545,492.5,365,560
Lincoln Square,4,40000,Weapons Violation,11,8,14,16,5,6,7,10,7,33,11,133.3,16.7,-50,-36,15,17.5,25,40,27.5,20,35,17.5,27.5
Washington Park,40,13000,Aggravated Assault,93,91,100,92,69,61,70,101,87,284,94.7,63.9,42.6,-13,-8,469.2,538.5,776.9,707.7,715.4,700,769.2,669.2,728.5
Washington Park,40,13000,Aggravated Battery,137,156,126,102,104,111,106,122,134,419,139.7,13.5,20.7,6.3,-4,853.8,815.4,938.5,784.6,1053.8,1200,969.2,1030.8,1074.6
Washington Park,40,13000,Arson,5,1,4,3,4,2,5,2,4,10,3.3,100,100,0,21,15.4,38.5,15.4,23.1,38.5,7.7,30.8,30.8,25.4
Washington Park,40,13000,Burglary,53,51,62,66,87,85,61,57,106,166,55.3,-27.1,24.7,71,92,653.8,469.2,438.5,507.7,407.7,392.3,476.9,815.4,425.4
Washington Park,40,13000,Criminal Sexual Abuse,8,9,2,8,14,13,10,9,14,19,6.3,-84.6,7.7,600,122,100,76.9,69.2,61.5,61.5,69.2,15.4,107.7,48.5
Washington Park,40,13000,Criminal Sexual Assault,15,21,19,13,20,20,15,12,24,55,18.3,-5,20,26.3,31,153.8,115.4,92.3,100,115.4,161.5,146.2,184.6,140.8
Washington Park,40,13000,Disorderly Conduct,8,7,29,8,20,18,9,2,28,44,14.7,61.1,55.6,-3.4,90,138.5,69.2,15.4,61.5,61.5,53.8,223.1,215.4,113.1
Washington Park,40,13000,Drug Abuse,25,26,50,24,50,119,40,16,68,101,33.7,-58,-42.9,36,102,915.4,307.7,123.1,184.6,192.3,200,384.6,523.1,259.2
Washington Park,40,13000,Embezzlement,1,1,0,0,0,0,0,1,0,2,0.7,NA,NA,NA,-100,0,0,7.7,0,7.7,7.7,0,0,5.4
Washington Park,40,13000,Forgery & Counterfeiting,4,8,7,5,5,11,5,2,10,19,6.3,-36.4,-9.1,42.9,59,84.6,38.5,15.4,38.5,30.8,61.5,53.8,76.9,48.5
Washington Park,40,13000,Fraud,129,89,80,78,43,80,120,131,63,298,99.3,0,-21.2,-21.2,-37,615.4,923.1,1007.7,600,992.3,684.6,615.4,484.6,763.8
Washington Park,40,13000,Gambling,0,2,1,0,0,1,0,0,0,3,1,0,-100,-100,-100,7.7,0,0,0,0,15.4,7.7,0,7.7
Washington Park,40,13000,Human Trafficking,1,0,0,1,0,1,0,1,0,1,0.3,-100,-100,NA,-100,7.7,0,7.7,7.7,7.7,0,0,0,2.3
Washington Park,40,13000,Involuntary Manslaughter,0,0,0,0,0,0,0,0,0,0,0,NA,NA,NA,NA,0,0,0,0,0,0,0,0,0
Washington Park,40,13000,Liquor License,1,0,3,1,0,1,0,1,1,4,1.3,200,0,-66.7,-23,7.7,0,7.7,7.7,7.7,0,23.1,7.7,10
Washington Park,40,13000,Misc Non-Index Offense,175,231,254,219,182,281,193,209,220,660,220,-9.6,-21.7,-13.4,0,2161.5,1484.6,1607.7,1684.6,1346.2,1776.9,1953.8,1692.3,1692.3
Washington Park,40,13000,Motor Vehicle Theft,392,279,241,322,178,81,108,123,224,912,304,197.5,176.5,-7.1,-26,623.1,830.8,946.2,2476.9,3015.4,2146.2,1853.8,1723.1,2338.5
Washington Park,40,13000,Murder,10,10,6,5,4,11,13,9,5,26,8.7,-45.5,-54.5,-16.7,-43,84.6,100,69.2,38.5,76.9,76.9,46.2,38.5,66.9
Washington Park,40,13000,Obscenity,0,0,0,0,0,0,0,0,0,0,0,NA,NA,NA,NA,0,0,0,0,0,0,0,0,0
Washington Park,40,13000,Offenses Against Family,16,19,11,18,10,13,12,12,12,46,15.3,-15.4,-7.7,9.1,-22,100,92.3,92.3,138.5,123.1,146.2,84.6,92.3,117.7
Washington Park,40,13000,Prostitution,1,0,0,0,0,1,3,0,0,1,0.3,-100,-100,NA,-100,7.7,23.1,0,0,7.7,0,0,0,2.3
Washington Park,40,13000,Robbery,93,64,43,76,40,66,55,55,52,200,66.7,-34.8,-21.2,20.9,-22,507.7,423.1,423.1,584.6,715.4,492.3,330.8,400,513.1
Washington Park,40,13000,Simple Assault,177,176,211,153,143,176,134,148,206,564,188,19.9,17,-2.4,10,1353.8,1030.8,1138.5,1176.9,1361.5,1353.8,1623.1,1584.6,1446.2
Washington Park,40,13000,Simple Battery,431,421,444,361,362,469,405,363,449,1296,432,-5.3,-4.3,1.1,4,3607.7,3115.4,2792.3,2776.9,3315.4,3238.5,3415.4,3453.8,3323.1
Washington Park,40,13000,Stolen Property,0,0,0,0,0,0,0,0,0,0,0,NA,NA,NA,NA,0,0,0,0,0,0,0,0,0
Washington Park,40,13000,Theft,213,239,263,180,144,271,183,159,212,715,238.3,-3,-21.8,-19.4,-11,2084.6,1407.7,1223.1,1384.6,1638.5,1838.5,2023.1,1630.8,1833.1
Washington Park,40,13000,Theft Over $500,129,138,90,146,54,85,77,83,82,357,119,5.9,-3.5,-8.9,-31,653.8,592.3,638.5,1123.1,992.3,1061.5,692.3,630.8,915.4
Washington Park,40,13000,Vandalism,330,288,312,254,205,291,266,243,266,930,310,7.2,-8.6,-14.7,-14,2238.5,2046.2,1869.2,1953.8,2538.5,2215.4,2400,2046.2,2384.6
Washington Park,40,13000,Weapons Violation,143,130,90,119,101,77,82,103,119,363,121,16.9,54.5,32.2,-2,592.3,630.8,792.3,915.4,1100,1000,692.3,915.4,930.8
Hyde Park,41,29000,Aggravated Assault,29,50,35,56,24,30,24,37,33,114,38,16.7,10,-5.7,-13,103.4,82.8,127.6,193.1,100,172.4,120.7,113.8,131
Hyde Park,41,29000,Aggravated Battery,44,65,57,37,47,29,43,40,65,166,55.3,96.6,124.1,14,18,100,148.3,137.9,127.6,151.7,224.1,196.6,224.1,190.7
Hyde Park,41,29000,Arson,0,2,0,0,3,0,1,3,3,2,0.7,NA,NA,NA,329,0,3.4,10.3,0,0,6.9,0,10.3,2.4
Hyde Park,41,29000,Burglary,73,94,105,57,118,55,71,50,153,272,90.7,90.9,178.2,45.7,69,189.7,244.8,172.4,196.6,251.7,324.1,362.1,527.6,312.8
Hyde Park,41,29000,Criminal Sexual Abuse,8,18,14,9,18,17,7,20,20,40,13.3,-17.6,17.6,42.9,50,58.6,24.1,69,31,27.6,62.1,48.3,69,45.9
Hyde Park,41,29000,Criminal Sexual Assault,21,29,30,18,20,11,13,20,30,80,26.7,172.7,172.7,0,12,37.9,44.8,69,62.1,72.4,100,103.4,103.4,92.1
Hyde Park,41,29000,Disorderly Conduct,0,1,6,3,21,4,2,1,24,7,2.3,50,500,300,943,13.8,6.9,3.4,10.3,0,3.4,20.7,82.8,7.9
Hyde Park,41,29000,Drug Abuse,2,2,3,5,5,11,5,2,6,7,2.3,-72.7,-45.5,100,161,37.9,17.2,6.9,17.2,6.9,6.9,10.3,20.7,7.9
Hyde Park,41,29000,Embezzlement,1,0,0,1,0,0,0,1,0,1,0.3,NA,NA,NA,-100,0,0,3.4,3.4,3.4,0,0,0,1
Hyde Park,41,29000,Forgery & Counterfeiting,12,11,27,8,7,13,11,8,14,50,16.7,107.7,7.7,-48.1,-16,44.8,37.9,27.6,27.6,41.4,37.9,93.1,48.3,57.6
Hyde Park,41,29000,Fraud,168,176,173,153,111,175,166,163,156,517,172.3,-1.1,-10.9,-9.8,-9,603.4,572.4,562.1,527.6,579.3,606.9,596.6,537.9,594.1
Hyde Park,41,29000,Gambling,0,0,0,0,0,0,0,0,0,0,0,NA,NA,NA,NA,0,0,0,0,0,0,0,0,0
Hyde Park,41,29000,Human Trafficking,0,0,0,0,2,0,1,0,2,0,0,NA,NA,NA,NA,0,3.4,0,0,0,0,0,6.9,0
Hyde Park,41,29000,Involuntary Manslaughter,0,0,0,0,0,0,0,0,0,0,0,NA,NA,NA,NA,0,0,0,0,0,0,0,0,0
Hyde Park,41,29000,Liquor License,1,0,2,1,1,0,0,0,1,3,1,NA,NA,-50,0,0,0,0,3.4,3.4,0,6.9,3.4,3.4
Hyde Park,41,29000,Misc Non-Index Offense,174,167,172,155,148,164,148,119,187,513,171,4.9,14,8.7,9,565.5,510.3,410.3,534.5,600,575.9,593.1,644.8,589.7
Hyde Park,41,29000,Motor Vehicle Theft,377,229,195,228,163,65,62,111,220,801,267,200,238.5,12.8,-18,224.1,213.8,382.8,786.2,1300,789.7,672.4,758.6,920.7
Hyde Park,41,29000,Murder,1,2,2,1,2,0,0,5,2,5,1.7,NA,NA,0,18,0,0,17.2,3.4,3.4,6.9,6.9,6.9,5.9
Hyde Park,41,29000,Obscenity,0,0,0,0,0,0,0,0,0,0,0,NA,NA,NA,NA,0,0,0,0,0,0,0,0,0
Hyde Park,41,29000,Offenses Against Family,6,5,8,0,4,5,6,5,7,19,6.3,60,40,-12.5,11,17.2,20.7,17.2,0,20.7,17.2,27.6,24.1,21.7
Hyde Park,41,29000,Prostitution,0,0,0,1,0,0,0,0,0,0,0,NA,NA,NA,NA,0,0,0,3.4,0,0,0,0,0
Hyde Park,41,29000,Robbery,155,88,50,130,23,72,81,97,33,293,97.7,-30.6,-54.2,-34,-66,248.3,279.3,334.5,448.3,534.5,303.4,172.4,113.8,336.9
Hyde Park,41,29000,Simple Assault,118,145,121,108,116,100,96,103,139,384,128,21,39,14.9,9,344.8,331,355.2,372.4,406.9,500,417.2,479.3,441.4
Hyde Park,41,29000,Simple Battery,205,211,227,208,190,225,139,193,238,643,214.3,0.9,5.8,4.8,11,775.9,479.3,665.5,717.2,706.9,727.6,782.8,820.7,739
Hyde Park,41,29000,Stolen Property,1,0,0,0,0,2,1,0,0,1,0.3,-100,-100,NA,-100,6.9,3.4,0,0,3.4,0,0,0,1
Hyde Park,41,29000,Theft,487,606,842,463,363,482,347,388,550,1935,645,74.7,14.1,-34.7,-15,1662.1,1196.6,1337.9,1596.6,1679.3,2089.7,2903.4,1896.6,2224.1
Hyde Park,41,29000,Theft Over $500,292,250,199,270,138,121,101,197,198,741,247,64.5,63.6,-0.5,-20,417.2,348.3,679.3,931,1006.9,862.1,686.2,682.8,851.7
Hyde Park,41,29000,Vandalism,265,244,266,215,270,133,129,135,367,775,258.3,100,175.9,38,42,458.6,444.8,465.5,741.4,913.8,841.4,917.2,1265.5,890.7
Hyde Park,41,29000,Weapons Violation,24,32,24,11,34,14,16,19,37,80,26.7,71.4,164.3,54.2,39,48.3,55.2,65.5,37.9,82.8,110.3,82.8,127.6,92.1
Woodlawn,42,24000,Aggravated Assault,119,129,116,124,91,79,109,132,123,364,121.3,46.8,55.7,6,1,329.2,454.2,550,516.7,495.8,537.5,483.3,512.5,505.4
Woodlawn,42,24000,Aggravated Battery,171,198,150,145,130,179,189,170,162,519,173,-16.2,-9.5,8,-6,745.8,787.5,708.3,604.2,712.5,825,625,675,720.8
Woodlawn,42,24000,Arson,4,7,5,8,5,4,5,4,6,16,5.3,25,50,20,13,16.7,20.8,16.7,33.3,16.7,29.2,20.8,25,22.1
Woodlawn,42,24000,Burglary,162,124,130,112,145,129,104,90,186,416,138.7,0.8,44.2,43.1,34,537.5,433.3,375,466.7,675,516.7,541.7,775,577.9
Woodlawn,42,24000,Criminal Sexual Abuse,19,11,21,13,13,16,13,16,16,51,17,31.2,0,-23.8,-6,66.7,54.2,66.7,54.2,79.2,45.8,87.5,66.7,70.8
Woodlawn,42,24000,Criminal Sexual Assault,19,21,28,30,8,29,23,25,11,68,22.7,-3.4,-62.1,-60.7,-52,120.8,95.8,104.2,125,79.2,87.5,116.7,45.8,94.6
Woodlawn,42,24000,Disorderly Conduct,11,10,16,9,17,48,17,8,20,37,12.3,-66.7,-58.3,25,63,200,70.8,33.3,37.5,45.8,41.7,66.7,83.3,51.3
Woodlawn,42,24000,Drug Abuse,44,30,56,18,38,143,56,32,53,130,43.3,-60.8,-62.9,-5.4,22,595.8,233.3,133.3,75,183.3,125,233.3,220.8,180.4
Woodlawn,42,24000,Embezzlement,0,0,0,0,0,0,0,0,0,0,0,NA,NA,NA,NA,0,0,0,0,0,0,0,0,0
Woodlawn,42,24000,Forgery & Counterfeiting,4,11,24,8,14,19,8,10,18,39,13,26.3,-5.3,-25,38,79.2,33.3,41.7,33.3,16.7,45.8,100,75,54.2
Woodlawn,42,24000,Fraud,158,142,175,154,96,193,176,182,131,475,158.3,-9.3,-32.1,-25.1,-17,804.2,733.3,758.3,641.7,658.3,591.7,729.2,545.8,659.6
Woodlawn,42,24000,Gambling,0,0,0,0,3,4,0,0,3,0,0,-100,-25,NA,NA,16.7,0,0,0,0,0,0,12.5,0
Woodlawn,42,24000,Human Trafficking,1,1,0,0,0,0,0,0,0,2,0.7,NA,NA,NA,-100,0,0,0,0,4.2,4.2,0,0,2.9
Woodlawn,42,24000,Involuntary Manslaughter,0,0,0,0,1,1,0,0,1,0,0,-100,0,NA,NA,4.2,0,0,0,0,0,0,4.2,0
Woodlawn,42,24000,Liquor License,0,0,2,1,1,1,0,0,1,2,0.7,100,0,-50,43,4.2,0,0,4.2,0,0,8.3,4.2,2.9
Woodlawn,42,24000,Misc Non-Index Offense,285,370,370,290,297,438,311,300,382,1025,341.7,-15.5,-12.8,3.2,12,1825,1295.8,1250,1208.3,1187.5,1541.7,1541.7,1591.7,1423.8
Woodlawn,42,24000,Motor Vehicle Theft,516,324,307,386,252,103,120,161,339,1147,382.3,198.1,229.1,10.4,-11,429.2,500,670.8,1608.3,2150,1350,1279.2,1412.5,1592.9
Woodlawn,42,24000,Murder,10,13,7,14,9,7,8,18,10,30,10,0,42.9,42.9,0,29.2,33.3,75,58.3,41.7,54.2,29.2,41.7,41.7
Woodlawn,42,24000,Obscenity,0,0,0,0,0,0,0,0,0,0,0,NA,NA,NA,NA,0,0,0,0,0,0,0,0,0
Woodlawn,42,24000,Offenses Against Family,11,12,19,14,16,31,10,25,21,42,14,-38.7,-32.3,10.5,50,129.2,41.7,104.2,58.3,45.8,50,79.2,87.5,58.3
Woodlawn,42,24000,Prostitution,2,0,0,2,0,4,0,1,0,2,0.7,-100,-100,NA,-100,16.7,0,4.2,8.3,8.3,0,0,0,2.9
Woodlawn,42,24000,Robbery,108,113,81,114,61,133,98,86,79,302,100.7,-39.1,-40.6,-2.5,-22,554.2,408.3,358.3,475,450,470.8,337.5,329.2,419.6
Woodlawn,42,24000,Simple Assault,241,285,297,211,205,230,175,202,284,823,274.3,29.1,23.5,-4.4,4,958.3,729.2,841.7,879.2,1004.2,1187.5,1237.5,1183.3,1142.9
Woodlawn,42,24000,Simple Battery,494,606,580,464,426,675,527,441,578,1680,560,-14.1,-14.4,-0.3,3,2812.5,2195.8,1837.5,1933.3,2058.3,2525,2416.7,2408.3,2333.3
Woodlawn,42,24000,Stolen Property,1,1,0,0,0,1,0,0,0,2,0.7,-100,-100,NA,-100,4.2,0,0,0,4.2,4.2,0,0,2.9
Woodlawn,42,24000,Theft,394,477,532,338,370,435,333,310,511,1403,467.7,22.3,17.5,-3.9,9,1812.5,1387.5,1291.7,1408.3,1641.7,1987.5,2216.7,2129.2,1948.7
Woodlawn,42,24000,Theft Over $500,247,225,186,220,124,142,130,150,177,658,219.3,31,24.6,-4.8,-19,591.7,541.7,625,916.7,1029.2,937.5,775,737.5,913.8
Woodlawn,42,24000,Vandalism,510,463,439,395,351,412,382,335,486,1412,470.7,6.6,18,10.7,3,1716.7,1591.7,1395.8,1645.8,2125,1929.2,1829.2,2025,1961.2
Woodlawn,42,24000,Weapons Violation,205,228,136,184,127,111,153,167,152,569,189.7,22.5,36.9,11.8,-20,462.5,637.5,695.8,766.7,854.2,950,566.7,633.3,790.4
Rogers Park,1,55000,Aggravated Assault,91,105,75,80,58,71,79,71,78,271,90.3,5.6,9.9,4,-14,129.1,143.6,129.1,145.5,165.5,190.9,136.4,141.8,164.2
Rogers Park,1,55000,Aggravated Battery,107,91,94,90,69,58,68,92,95,292,97.3,62.1,63.8,1.1,-2,105.5,123.6,167.3,163.6,194.5,165.5,170.9,172.7,176.9
Rogers Park,1,55000,Arson,4,3,7,6,1,1,1,6,3,14,4.7,600,200,-57.1,-36,1.8,1.8,10.9,10.9,7.3,5.5,12.7,5.5,8.5
Rogers Park,1,55000,Burglary,109,113,132,133,86,183,120,82,119,354,118,-27.9,-35,-9.8,1,332.7,218.2,149.1,241.8,198.2,205.5,240,216.4,214.5
Rogers Park,1,55000,Criminal Sexual Abuse,33,36,33,37,22,25,30,23,28,102,34,32,12,-15.2,-18,45.5,54.5,41.8,67.3,60,65.5,60,50.9,61.8
Rogers Park,1,55000,Criminal Sexual Assault,37,35,35,41,35,38,43,28,48,107,35.7,-7.9,26.3,37.1,34,69.1,78.2,50.9,74.5,67.3,63.6,63.6,87.3,64.9
Rogers Park,1,55000,Disorderly Conduct,15,26,10,13,17,22,17,14,21,51,17,-54.5,-4.5,110,24,40,30.9,25.5,23.6,27.3,47.3,18.2,38.2,30.9
Rogers Park,1,55000,Drug Abuse,52,53,84,55,73,85,51,31,94,189,63,-1.2,10.6,11.9,49,154.5,92.7,56.4,100,94.5,96.4,152.7,170.9,114.5
Rogers Park,1,55000,Embezzlement,1,0,0,2,0,0,0,0,0,1,0.3,NA,NA,NA,-100,0,0,0,3.6,1.8,0,0,0,0.5
Rogers Park,1,55000,Forgery & Counterfeiting,39,17,14,27,9,16,14,9,12,70,23.3,-12.5,-25,-14.3,-48,29.1,25.5,16.4,49.1,70.9,30.9,25.5,21.8,42.4
Rogers Park,1,55000,Fraud,327,261,246,236,171,325,357,275,218,834,278,-24.3,-32.9,-11.4,-22,590.9,649.1,500,429.1,594.5,474.5,447.3,396.4,505.5
Rogers Park,1,55000,Gambling,0,0,0,0,0,2,0,0,0,0,0,-100,-100,NA,NA,3.6,0,0,0,0,0,0,0,0
Rogers Park,1,55000,Human Trafficking,0,0,0,0,0,1,0,0,0,0,0,-100,-100,NA,NA,1.8,0,0,0,0,0,0,0,0
Rogers Park,1,55000,Involuntary Manslaughter,0,0,0,0,0,0,0,0,0,0,0,NA,NA,NA,NA,0,0,0,0,0,0,0,0,0
Rogers Park,1,55000,Liquor License,0,4,4,5,1,0,4,4,1,8,2.7,NA,NA,-75,-63,0,7.3,7.3,9.1,0,7.3,7.3,1.8,4.9
Rogers Park,1,55000,Misc Non-Index Offense,451,393,411,364,278,382,256,284,387,1255,418.3,7.6,1.3,-5.8,-7,694.5,465.5,516.4,661.8,820,714.5,747.3,703.6,760.5
Rogers Park,1,55000,Motor Vehicle Theft,428,350,229,203,118,128,105,131,172,1007,335.7,78.9,34.4,-24.9,-49,232.7,190.9,238.2,369.1,778.2,636.4,416.4,312.7,610.4
Rogers Park,1,55000,Murder,7,8,3,8,2,6,6,2,2,18,6,-50,-66.7,-33.3,-67,10.9,10.9,3.6,14.5,12.7,14.5,5.5,3.6,10.9
Rogers Park,1,55000,Obscenity,0,0,0,0,0,0,0,0,0,0,0,NA,NA,NA,NA,0,0,0,0,0,0,0,0,0
Rogers Park,1,55000,Offenses Against Family,9,13,6,12,9,20,10,8,12,28,9.3,-70,-40,100,29,36.4,18.2,14.5,21.8,16.4,23.6,10.9,21.8,16.9
Rogers Park,1,55000,Prostitution,0,0,0,1,4,1,1,0,4,0,0,-100,300,NA,NA,1.8,1.8,0,1.8,0,0,0,7.3,0
Rogers Park,1,55000,Robbery,117,116,90,135,46,112,115,169,69,323,107.7,-19.6,-38.4,-23.3,-36,203.6,209.1,307.3,245.5,212.7,210.9,163.6,125.5,195.8
Rogers Park,1,55000,Simple Assault,254,256,242,239,173,209,201,210,228,752,250.7,15.8,9.1,-5.8,-9,380,365.5,381.8,434.5,461.8,465.5,440,414.5,455.8
Rogers Park,1,55000,Simple Battery,711,693,644,663,538,680,558,583,690,2048,682.7,-5.3,1.5,7.1,1,1236.4,1014.5,1060,1205.5,1292.7,1260,1170.9,1254.5,1241.3
Rogers Park,1,55000,Stolen Property,1,0,0,3,0,1,0,1,0,1,0.3,-100,-100,NA,-100,1.8,0,1.8,5.5,1.8,0,0,0,0.5
Rogers Park,1,55000,Theft,936,975,813,916,460,1050,691,686,638,2724,908,-22.6,-39.2,-21.5,-30,1909.1,1256.4,1247.3,1665.5,1701.8,1772.7,1478.2,1160,1650.9
Rogers Park,1,55000,Theft Over $500,355,308,237,341,112,178,155,209,163,900,300,33.1,-8.4,-31.2,-46,323.6,281.8,380,620,645.5,560,430.9,296.4,545.5
Rogers Park,1,55000,Vandalism,519,455,320,396,205,434,385,416,276,1294,431.3,-26.3,-36.4,-13.8,-36,789.1,700,756.4,720,943.6,827.3,581.8,501.8,784.2
Rogers Park,1,55000,Weapons Violation,49,45,39,57,35,31,33,47,43,133,44.3,25.8,38.7,10.3,-3,56.4,60,85.5,103.6,89.1,81.8,70.9,78.2,80.5
Jefferson Park,11,26000,Aggravated Assault,25,22,17,21,11,14,21,19,20,64,21.3,21.4,42.9,17.6,-6,53.8,80.8,73.1,80.8,96.2,84.6,65.4,76.9,81.9
Jefferson Park,11,26000,Aggravated Battery,23,20,14,21,12,12,14,12,15,57,19,16.7,25,7.1,-21,46.2,53.8,46.2,80.8,88.5,76.9,53.8,57.7,73.1
Jefferson Park,11,26000,Arson,2,3,0,0,1,1,0,7,1,5,1.7,-100,0,NA,-41,3.8,0,26.9,0,7.7,11.5,0,3.8,6.5
Jefferson Park,11,26000,Burglary,47,49,52,50,62,40,40,34,80,148,49.3,30,100,53.8,62,153.8,153.8,130.8,192.3,180.8,188.5,200,307.7,189.6
Jefferson Park,11,26000,Criminal Sexual Abuse,8,6,8,10,4,9,6,8,7,22,7.3,-11.1,-22.2,-12.5,-4,34.6,23.1,30.8,38.5,30.8,23.1,30.8,26.9,28.1
Jefferson Park,11,26000,Criminal Sexual Assault,7,0,3,5,5,4,6,9,5,10,3.3,-25,25,66.7,52,15.4,23.1,34.6,19.2,26.9,0,11.5,19.2,12.7
Jefferson Park,11,26000,Disorderly Conduct,1,2,6,1,1,5,3,2,4,9,3,20,-20,-33.3,33,19.2,11.5,7.7,3.8,3.8,7.7,23.1,15.4,11.5
Jefferson Park,11,26000,Drug Abuse,9,8,15,7,15,11,8,5,21,32,10.7,36.4,90.9,40,96,42.3,30.8,19.2,26.9,34.6,30.8,57.7,80.8,41.2
Jefferson Park,11,26000,Embezzlement,0,1,0,0,0,0,0,0,0,1,0.3,NA,NA,NA,-100,0,0,0,0,0,3.8,0,0,1.2
Jefferson Park,11,26000,Forgery & Counterfeiting,24,17,6,55,3,15,11,12,4,47,15.7,-60,-73.3,-33.3,-75,57.7,42.3,46.2,211.5,92.3,65.4,23.1,15.4,60.4
Jefferson Park,11,26000,Fraud,90,109,91,124,55,97,184,136,80,290,96.7,-6.2,-17.5,-12.1,-17,373.1,707.7,523.1,476.9,346.2,419.2,350,307.7,371.9
Jefferson Park,11,26000,Gambling,0,0,0,0,0,0,0,0,0,0,0,NA,NA,NA,NA,0,0,0,0,0,0,0,0,0
Jefferson Park,11,26000,Human Trafficking,0,0,0,0,0,0,0,0,0,0,0,NA,NA,NA,NA,0,0,0,0,0,0,0,0,0
Jefferson Park,11,26000,Involuntary Manslaughter,0,0,0,0,0,0,0,0,0,0,0,NA,NA,NA,NA,0,0,0,0,0,0,0,0,0
Jefferson Park,11,26000,Liquor License,0,0,1,2,1,0,1,1,1,1,0.3,NA,NA,0,233,0,3.8,3.8,7.7,0,0,3.8,3.8,1.2
Jefferson Park,11,26000,Misc Non-Index Offense,116,128,113,130,102,115,104,100,131,357,119,-1.7,13.9,15.9,10,442.3,400,384.6,500,446.2,492.3,434.6,503.8,457.7
Jefferson Park,11,26000,Motor Vehicle Theft,88,80,54,50,36,54,35,29,55,222,74,0,1.9,1.9,-26,207.7,134.6,111.5,192.3,338.5,307.7,207.7,211.5,284.6
Jefferson Park,11,26000,Murder,0,2,0,1,0,0,0,0,0,2,0.7,NA,NA,NA,-100,0,0,0,3.8,0,7.7,0,0,2.7
Jefferson Park,11,26000,Obscenity,0,0,0,0,0,0,0,0,0,0,0,NA,NA,NA,NA,0,0,0,0,0,0,0,0,0
Jefferson Park,11,26000,Offenses Against Family,5,3,1,3,3,4,5,4,3,9,3,-75,-25,200,0,15.4,19.2,15.4,11.5,19.2,11.5,3.8,11.5,11.5
Jefferson Park,11,26000,Prostitution,0,1,0,0,0,2,1,1,0,1,0.3,-100,-100,NA,-100,7.7,3.8,3.8,0,0,3.8,0,0,1.2
Jefferson Park,11,26000,Robbery,37,19,17,17,8,13,14,19,12,73,24.3,30.8,-7.7,-29.4,-51,50,53.8,73.1,65.4,142.3,73.1,65.4,46.2,93.5
Jefferson Park,11,26000,Simple Assault,64,58,73,60,49,55,60,51,72,195,65,32.7,30.9,-1.4,11,211.5,230.8,196.2,230.8,246.2,223.1,280.8,276.9,250
Jefferson Park,11,26000,Simple Battery,148,164,156,138,102,144,141,113,140,468,156,8.3,-2.8,-10.3,-10,553.8,542.3,434.6,530.8,569.2,630.8,600,538.5,600
Jefferson Park,11,26000,Stolen Property,1,0,0,1,0,0,0,0,0,1,0.3,NA,NA,NA,-100,0,0,0,3.8,3.8,0,0,0,1.2
Jefferson Park,11,26000,Theft,121,139,106,129,96,205,177,92,123,366,122,-48.3,-40,16,1,788.5,680.8,353.8,496.2,465.4,534.6,407.7,473.1,469.2
Jefferson Park,11,26000,Theft Over $500,187,106,40,155,20,58,68,94,33,333,111,-31,-43.1,-17.5,-70,223.1,261.5,361.5,596.2,719.2,407.7,153.8,126.9,426.9
Jefferson Park,11,26000,Vandalism,134,104,119,101,61,108,96,94,87,357,119,10.2,-19.4,-26.9,-27,415.4,369.2,361.5,388.5,515.4,400,457.7,334.6,457.7
Jefferson Park,11,26000,Weapons Violation,9,9,6,6,4,4,3,2,4,24,8,50,0,-33.3,-50,15.4,11.5,7.7,23.1,34.6,34.6,23.1,15.4,30.8
Forest Glen,12,20000,Aggravated Assault,10,6,7,12,6,6,16,7,7,23,7.7,16.7,16.7,0,-9,30,80,35,60,50,30,35,35,38.5
Forest Glen,12,20000,Aggravated Battery,5,4,6,7,7,3,6,6,7,15,5,100,133.3,16.7,40,15,30,30,35,25,20,30,35,25
Forest Glen,12,20000,Arson,2,0,0,0,0,0,1,0,0,2,0.7,NA,NA,NA,-100,0,5,0,0,10,0,0,0,3.5
Forest Glen,12,20000,Burglary,41,29,48,42,26,43,44,38,35,118,39.3,11.6,-18.6,-27.1,-11,215,220,190,210,205,145,240,175,196.5
Forest Glen,12,20000,Criminal Sexual Abuse,6,4,3,4,3,1,3,6,3,13,4.3,200,200,0,-30,5,15,30,20,30,20,15,15,21.5
Forest Glen,12,20000,Criminal Sexual Assault,2,2,3,2,0,0,2,4,1,7,2.3,NA,NA,-66.7,-57,0,10,20,10,10,10,15,5,11.5
Forest Glen,12,20000,Disorderly Conduct,0,1,0,3,0,2,2,2,0,1,0.3,-100,-100,NA,-100,10,10,10,15,0,5,0,0,1.5
Forest Glen,12,20000,Drug Abuse,2,4,7,6,1,3,0,2,5,13,4.3,133.3,66.7,-28.6,16,15,0,10,30,10,20,35,25,21.5
Forest Glen,12,20000,Embezzlement,1,0,1,0,0,1,0,0,1,2,0.7,0,0,0,43,5,0,0,0,5,0,5,5,3.5
Forest Glen,12,20000,Forgery & Counterfeiting,19,10,4,97,2,4,22,26,2,33,11,0,-50,-50,-82,20,110,130,485,95,50,20,10,55
Forest Glen,12,20000,Fraud,55,80,47,81,41,72,124,89,48,182,60.7,-34.7,-33.3,2.1,-21,360,620,445,405,275,400,235,240,303.5
Forest Glen,12,20000,Gambling,0,0,0,0,0,0,0,0,0,0,0,NA,NA,NA,NA,0,0,0,0,0,0,0,0,0
Forest Glen,12,20000,Human Trafficking,0,0,0,0,0,0,0,0,0,0,0,NA,NA,NA,NA,0,0,0,0,0,0,0,0,0
Forest Glen,12,20000,Involuntary Manslaughter,0,0,0,0,0,0,0,0,0,0,0,NA,NA,NA,NA,0,0,0,0,0,0,0,0,0
Forest Glen,12,20000,Liquor License,1,0,1,0,0,0,0,0,1,2,0.7,NA,NA,0,43,0,0,0,0,5,0,5,5,3.5
Forest Glen,12,20000,Misc Non-Index Offense,70,57,52,52,38,52,54,50,53,179,59.7,0,1.9,1.9,-11,260,270,250,260,350,285,260,265,298.5
Forest Glen,12,20000,Motor Vehicle Theft,38,53,29,23,21,22,18,14,29,120,40,31.8,31.8,0,-28,110,90,70,115,190,265,145,145,200
Forest Glen,12,20000,Murder,1,0,0,0,0,0,0,0,0,1,0.3,NA,NA,NA,-100,0,0,0,0,5,0,0,0,1.5
Forest Glen,12,20000,Obscenity,0,0,0,0,0,0,0,0,0,0,0,NA,NA,NA,NA,0,0,0,0,0,0,0,0,0
Forest Glen,12,20000,Offenses Against Family,2,0,2,3,0,1,0,0,1,4,1.3,100,0,-50,-23,5,0,0,15,10,0,10,5,6.5
Forest Glen,12,20000,Prostitution,0,0,1,0,0,0,0,0,0,1,0.3,NA,NA,-100,-100,0,0,0,0,0,0,5,0,1.5
Forest Glen,12,20000,Robbery,10,8,3,2,1,2,7,4,2,21,7,50,0,-33.3,-71,10,35,20,10,50,40,15,10,35
Forest Glen,12,20000,Simple Assault,23,19,16,29,14,26,32,24,19,58,19.3,-38.5,-26.9,18.8,-2,130,160,120,145,115,95,80,95,96.5
Forest Glen,12,20000,Simple Battery,40,54,46,42,39,60,49,53,55,140,46.7,-23.3,-8.3,19.6,18,300,245,265,210,200,270,230,275,233.5
Forest Glen,12,20000,Stolen Property,0,0,0,1,0,0,0,0,0,0,0,NA,NA,NA,NA,0,0,0,5,0,0,0,0,0
Forest Glen,12,20000,Theft,57,76,60,73,33,93,66,46,54,193,64.3,-35.5,-41.9,-10,-16,465,330,230,365,285,380,300,270,321.5
Forest Glen,12,20000,Theft Over $500,95,71,32,66,13,28,39,50,18,198,66,14.3,-35.7,-43.8,-73,140,195,250,330,475,355,160,90,330
Forest Glen,12,20000,Vandalism,53,59,38,67,30,43,66,43,37,150,50,-11.6,-14,-2.6,-26,215,330,215,335,265,295,190,185,250
Forest Glen,12,20000,Weapons Violation,6,8,3,6,5,1,3,11,6,17,5.7,200,500,100,5,5,15,55,30,30,40,15,30,28.5
North Park,13,18000,Aggravated Assault,26,29,23,27,12,13,24,16,18,78,26,76.9,38.5,-21.7,-31,72.2,133.3,88.9,150,144.4,161.1,127.8,100,144.4
North Park,13,18000,Aggravated Battery,17,16,19,22,13,7,15,23,16,52,17.3,171.4,128.6,-15.8,-8,38.9,83.3,127.8,122.2,94.4,88.9,105.6,88.9,96.1
North Park,13,18000,Arson,0,0,0,1,1,1,2,0,1,0,0,-100,0,NA,NA,5.6,11.1,0,5.6,0,0,0,5.6,0
North Park,13,18000,Burglary,41,38,63,39,45,39,34,30,68,142,47.3,61.5,74.4,7.9,44,216.7,188.9,166.7,216.7,227.8,211.1,350,377.8,262.8
North Park,13,18000,Criminal Sexual Abuse,11,8,3,9,4,10,8,5,4,22,7.3,-70,-60,33.3,-45,55.6,44.4,27.8,50,61.1,44.4,16.7,22.2,40.6
North Park,13,18000,Criminal Sexual Assault,5,6,7,8,5,8,6,1,6,18,6,-12.5,-25,-14.3,0,44.4,33.3,5.6,44.4,27.8,33.3,38.9,33.3,33.3
North Park,13,18000,Disorderly Conduct,2,1,0,0,0,2,0,2,0,3,1,-100,-100,NA,-100,11.1,0,11.1,0,11.1,5.6,0,0,5.6
North Park,13,18000,Drug Abuse,9,8,11,7,3,6,4,5,4,28,9.3,83.3,-33.3,-63.6,-57,33.3,22.2,27.8,38.9,50,44.4,61.1,22.2,51.7
North Park,13,18000,Embezzlement,0,0,0,0,1,0,1,0,1,0,0,NA,NA,NA,NA,0,5.6,0,0,0,0,0,5.6,0
North Park,13,18000,Forgery & Counterfeiting,21,14,7,71,6,12,29,35,7,42,14,-41.7,-41.7,0,-50,66.7,161.1,194.4,394.4,116.7,77.8,38.9,38.9,77.8
North Park,13,18000,Fraud,79,52,82,67,42,65,78,81,62,213,71,26.2,-4.6,-24.4,-13,361.1,433.3,450,372.2,438.9,288.9,455.6,344.4,394.4
North Park,13,18000,Gambling,0,0,0,1,0,1,0,0,0,0,0,-100,-100,NA,NA,5.6,0,0,5.6,0,0,0,0,0
North Park,13,18000,Human Trafficking,0,0,0,0,0,0,1,0,0,0,0,NA,NA,NA,NA,0,5.6,0,0,0,0,0,0,0
North Park,13,18000,Involuntary Manslaughter,1,0,0,0,0,0,0,0,0,1,0.3,NA,NA,NA,-100,0,0,0,0,5.6,0,0,0,1.7
North Park,13,18000,Liquor License,0,0,2,2,0,1,1,0,1,2,0.7,100,0,-50,43,5.6,5.6,0,11.1,0,0,11.1,5.6,3.9
North Park,13,18000,Misc Non-Index Offense,86,89,104,83,65,90,64,62,89,279,93,15.6,-1.1,-14.4,-4,500,355.6,344.4,461.1,477.8,494.4,577.8,494.4,516.7
North Park,13,18000,Motor Vehicle Theft,87,73,63,58,25,41,28,38,49,223,74.3,53.7,19.5,-22.2,-34,227.8,155.6,211.1,322.2,483.3,405.6,350,272.2,412.8
North Park,13,18000,Murder,0,0,0,2,1,0,1,2,1,0,0,NA,NA,NA,NA,0,5.6,11.1,11.1,0,0,0,5.6,0
North Park,13,18000,Obscenity,0,0,0,0,0,0,0,0,0,0,0,NA,NA,NA,NA,0,0,0,0,0,0,0,0,0
North Park,13,18000,Offenses Against Family,4,2,7,6,3,4,5,2,4,13,4.3,75,0,-42.9,-7,22.2,27.8,11.1,33.3,22.2,11.1,38.9,22.2,23.9
North Park,13,18000,Prostitution,0,1,0,0,2,1,0,0,2,1,0.3,-100,100,NA,567,5.6,0,0,0,0,5.6,0,11.1,1.7
North Park,13,18000,Robbery,19,23,19,22,6,16,19,11,10,61,20.3,18.8,-37.5,-47.4,-51,88.9,105.6,61.1,122.2,105.6,127.8,105.6,55.6,112.8
North Park,13,18000,Simple Assault,57,73,48,56,29,47,36,47,37,178,59.3,2.1,-21.3,-22.9,-38,261.1,200,261.1,311.1,316.7,405.6,266.7,205.6,329.4
North Park,13,18000,Simple Battery,145,182,136,140,91,127,92,80,120,463,154.3,7.1,-5.5,-11.8,-22,705.6,511.1,444.4,777.8,805.6,1011.1,755.6,666.7,857.2
North Park,13,18000,Stolen Property,0,0,0,0,0,1,0,0,0,0,0,-100,-100,NA,NA,5.6,0,0,0,0,0,0,0,0
North Park,13,18000,Theft,141,233,256,170,112,179,162,115,176,630,210,43,-1.7,-31.2,-16,994.4,900,638.9,944.4,783.3,1294.4,1422.2,977.8,1166.7
North Park,13,18000,Theft Over $500,92,82,56,88,28,51,52,60,41,230,76.7,9.8,-19.6,-26.8,-47,283.3,288.9,333.3,488.9,511.1,455.6,311.1,227.8,426.1
North Park,13,18000,Vandalism,83,104,79,106,48,69,108,75,72,266,88.7,14.5,4.3,-8.9,-19,383.3,600,416.7,588.9,461.1,577.8,438.9,400,492.8
North Park,13,18000,Weapons Violation,7,14,14,9,5,5,8,14,7,35,11.7,180,40,-50,-40,27.8,44.4,77.8,50,38.9,77.8,77.8,38.9,65
Albany Park,14,48000,Aggravated Assault,67,70,66,83,40,63,82,68,58,203,67.7,4.8,-7.9,-12.1,-14,131.2,170.8,141.7,172.9,139.6,145.8,137.5,120.8,141
Albany Park,14,48000,Aggravated Battery,55,72,63,64,37,49,61,52,52,190,63.3,28.6,6.1,-17.5,-18,102.1,127.1,108.3,133.3,114.6,150,131.2,108.3,131.9
Albany Park,14,48000,Arson,5,3,2,2,2,4,3,3,3,10,3.3,-50,-25,50,-9,8.3,6.2,6.2,4.2,10.4,6.2,4.2,6.2,6.9
Albany Park,14,48000,Burglary,105,107,112,83,130,106,89,77,160,324,108,5.7,50.9,42.9,48,220.8,185.4,160.4,172.9,218.8,222.9,233.3,333.3,225
Albany Park,14,48000,Criminal Sexual Abuse,26,18,19,28,13,13,11,9,19,63,21,46.2,46.2,0,-10,27.1,22.9,18.8,58.3,54.2,37.5,39.6,39.6,43.8
Albany Park,14,48000,Criminal Sexual Assault,21,24,19,22,14,16,19,25,21,64,21.3,18.8,31.2,10.5,-1,33.3,39.6,52.1,45.8,43.8,50,39.6,43.8,44.4
Albany Park,14,48000,Disorderly Conduct,5,7,9,3,7,14,8,6,8,21,7,-35.7,-42.9,-11.1,14,29.2,16.7,12.5,6.2,10.4,14.6,18.8,16.7,14.6
Albany Park,14,48000,Drug Abuse,29,25,27,48,33,53,46,17,42,81,27,-49.1,-20.8,55.6,56,110.4,95.8,35.4,100,60.4,52.1,56.2,87.5,56.2
Albany Park,14,48000,Embezzlement,1,0,0,0,0,2,0,1,0,1,0.3,-100,-100,NA,-100,4.2,0,2.1,0,2.1,0,0,0,0.6
Albany Park,14,48000,Forgery & Counterfeiting,17,12,6,27,11,23,18,16,15,35,11.7,-73.9,-34.8,150,28,47.9,37.5,33.3,56.2,35.4,25,12.5,31.2,24.4
Albany Park,14,48000,Fraud,206,196,225,129,124,155,173,158,169,627,209,45.2,9,-24.9,-19,322.9,360.4,329.2,268.8,429.2,408.3,468.8,352.1,435.4
Albany Park,14,48000,Gambling,0,0,0,0,0,0,1,0,0,0,0,NA,NA,NA,NA,0,2.1,0,0,0,0,0,0,0
Albany Park,14,48000,Human Trafficking,0,0,0,0,0,1,0,0,0,0,0,-100,-100,NA,NA,2.1,0,0,0,0,0,0,0,0
Albany Park,14,48000,Involuntary Manslaughter,0,0,0,0,0,0,0,0,0,0,0,NA,NA,NA,NA,0,0,0,0,0,0,0,0,0
Albany Park,14,48000,Liquor License,0,3,3,4,1,2,2,1,4,6,2,50,100,33.3,100,4.2,4.2,2.1,8.3,0,6.2,6.2,8.3,4.2
Albany Park,14,48000,Misc Non-Index Offense,216,259,313,215,186,200,163,179,258,788,262.7,56.5,29,-17.6,-2,416.7,339.6,372.9,447.9,450,539.6,652.1,537.5,547.3
Albany Park,14,48000,Motor Vehicle Theft,176,154,157,131,73,104,98,77,119,487,162.3,51,14.4,-24.2,-27,216.7,204.2,160.4,272.9,366.7,320.8,327.1,247.9,338.1
Albany Park,14,48000,Murder,5,6,2,6,2,1,7,2,2,13,4.3,100,100,0,-53,2.1,14.6,4.2,12.5,10.4,12.5,4.2,4.2,9
Albany Park,14,48000,Obscenity,0,0,1,0,0,0,0,0,1,1,0.3,NA,NA,0,233,0,0,0,0,0,0,2.1,2.1,0.6
Albany Park,14,48000,Offenses Against Family,6,5,6,13,5,13,11,6,8,17,5.7,-53.8,-38.5,33.3,40,27.1,22.9,12.5,27.1,12.5,10.4,12.5,16.7,11.9
Albany Park,14,48000,Prostitution,0,3,13,0,3,7,0,0,3,16,5.3,85.7,-57.1,-76.9,-43,14.6,0,0,0,0,6.2,27.1,6.2,11
Albany Park,14,48000,Robbery,82,68,44,45,28,75,83,59,39,194,64.7,-41.3,-48,-11.4,-40,156.2,172.9,122.9,93.8,170.8,141.7,91.7,81.2,134.8
Albany Park,14,48000,Simple Assault,140,132,153,98,98,106,90,96,142,425,141.7,44.3,34,-7.2,0,220.8,187.5,200,204.2,291.7,275,318.8,295.8,295.2
Albany Park,14,48000,Simple Battery,410,417,360,339,296,328,292,300,382,1187,395.7,9.8,16.5,6.1,-3,683.3,608.3,625,706.2,854.2,868.8,750,795.8,824.4
Albany Park,14,48000,Stolen Property,0,0,1,0,0,0,0,0,0,1,0.3,NA,NA,-100,-100,0,0,0,0,0,0,2.1,0,0.6
Albany Park,14,48000,Theft,347,438,364,317,234,454,343,295,324,1149,383,-19.8,-28.6,-11,-15,945.8,714.6,614.6,660.4,722.9,912.5,758.3,675,797.9
Albany Park,14,48000,Theft Over $500,274,165,108,191,66,124,111,127,91,547,182.3,-12.9,-26.6,-15.7,-50,258.3,231.2,264.6,397.9,570.8,343.8,225,189.6,379.8
Albany Park,14,48000,Vandalism,339,263,249,303,139,262,257,248,213,851,283.7,-5,-18.7,-14.5,-25,545.8,535.4,516.7,631.2,706.2,547.9,518.8,443.7,591
Albany Park,14,48000,Weapons Violation,45,30,35,50,23,46,54,44,32,110,36.7,-23.9,-30.4,-8.6,-13,95.8,112.5,91.7,104.2,93.8,62.5,72.9,66.7,76.5
Portage Park,15,63000,Aggravated Assault,88,79,62,72,41,73,70,75,53,229,76.3,-15.1,-27.4,-14.5,-31,115.9,111.1,119,114.3,139.7,125.4,98.4,84.1,121.1
Portage Park,15,63000,Aggravated Battery,73,56,48,72,24,58,55,52,39,177,59,-17.2,-32.8,-18.8,-34,92.1,87.3,82.5,114.3,115.9,88.9,76.2,61.9,93.7
Portage Park,15,63000,Arson,8,7,4,4,3,4,8,10,3,19,6.3,0,-25,-25,-52,6.3,12.7,15.9,6.3,12.7,11.1,6.3,4.8,10
Portage Park,15,63000,Burglary,119,130,168,139,193,139,136,88,250,417,139,20.9,79.9,48.8,80,220.6,215.9,139.7,220.6,188.9,206.3,266.7,396.8,220.6
Portage Park,15,63000,Criminal Sexual Abuse,29,24,26,29,9,16,29,28,14,79,26.3,62.5,-12.5,-46.2,-47,25.4,46,44.4,46,46,38.1,41.3,22.2,41.7
Portage Park,15,63000,Criminal Sexual Assault,21,17,17,29,11,24,16,17,18,55,18.3,-29.2,-25,5.9,-2,38.1,25.4,27,46,33.3,27,27,28.6,29
Portage Park,15,63000,Disorderly Conduct,14,11,19,6,17,10,9,6,20,44,14.7,90,100,5.3,36,15.9,14.3,9.5,9.5,22.2,17.5,30.2,31.7,23.3
Portage Park,15,63000,Drug Abuse,63,43,73,54,57,39,30,19,79,179,59.7,87.2,102.6,8.2,32,61.9,47.6,30.2,85.7,100,68.3,115.9,125.4,94.8
Portage Park,15,63000,Embezzlement,0,1,0,0,0,0,1,0,0,1,0.3,NA,NA,NA,-100,0,1.6,0,0,0,1.6,0,0,0.5
Portage Park,15,63000,Forgery & Counterfeiting,55,79,20,62,15,16,13,13,20,154,51.3,25,25,0,-61,25.4,20.6,20.6,98.4,87.3,125.4,31.7,31.7,81.4
Portage Park,15,63000,Fraud,251,227,205,257,141,280,280,282,194,683,227.7,-26.8,-30.7,-5.4,-15,444.4,444.4,447.6,407.9,398.4,360.3,325.4,307.9,361.4
Portage Park,15,63000,Gambling,0,0,0,0,0,0,0,0,0,0,0,NA,NA,NA,NA,0,0,0,0,0,0,0,0,0
Portage Park,15,63000,Human Trafficking,0,0,0,1,1,2,0,0,1,0,0,-100,-50,NA,NA,3.2,0,0,1.6,0,0,0,1.6,0
Portage Park,15,63000,Involuntary Manslaughter,0,0,0,0,0,0,0,0,0,0,0,NA,NA,NA,NA,0,0,0,0,0,0,0,0,0
Portage Park,15,63000,Liquor License,4,12,6,6,4,4,5,4,6,22,7.3,50,50,0,-18,6.3,7.9,6.3,9.5,6.3,19,9.5,9.5,11.6
Portage Park,15,63000,Misc Non-Index Offense,410,362,369,393,273,304,268,256,373,1141,380.3,21.4,22.7,1.1,-2,482.5,425.4,406.3,623.8,650.8,574.6,585.7,592.1,603.7
Portage Park,15,63000,Motor Vehicle Theft,386,257,204,216,173,134,108,112,229,847,282.3,52.2,70.9,12.3,-19,212.7,171.4,177.8,342.9,612.7,407.9,323.8,363.5,448.1
Portage Park,15,63000,Murder,3,1,3,3,0,3,6,3,0,7,2.3,0,-100,-100,-100,4.8,9.5,4.8,4.8,4.8,1.6,4.8,0,3.7
Portage Park,15,63000,Obscenity,0,1,0,0,0,0,0,0,0,1,0.3,NA,NA,NA,-100,0,0,0,0,0,1.6,0,0,0.5
Portage Park,15,63000,Offenses Against Family,13,17,9,11,9,24,20,16,11,39,13,-62.5,-54.2,22.2,-15,38.1,31.7,25.4,17.5,20.6,27,14.3,17.5,20.6
Portage Park,15,63000,Prostitution,1,0,3,4,3,3,1,1,3,4,1.3,0,0,0,131,4.8,1.6,1.6,6.3,1.6,0,4.8,4.8,2.1
Portage Park,15,63000,Robbery,104,73,42,63,26,56,71,54,36,219,73,-25,-35.7,-14.3,-51,88.9,112.7,85.7,100,165.1,115.9,66.7,57.1,115.9
Portage Park,15,63000,Simple Assault,174,160,170,184,127,188,149,178,166,504,168,-9.6,-11.7,-2.4,-1,298.4,236.5,282.5,292.1,276.2,254,269.8,263.5,266.7
Portage Park,15,63000,Simple Battery,468,426,414,440,351,526,423,437,441,1308,436,-21.3,-16.2,6.5,1,834.9,671.4,693.7,698.4,742.9,676.2,657.1,700,692.1
Portage Park,15,63000,Stolen Property,1,2,1,2,1,0,1,2,1,4,1.3,NA,NA,0,-23,0,1.6,3.2,3.2,1.6,3.2,1.6,1.6,2.1
Portage Park,15,63000,Theft,466,626,676,347,440,484,414,337,624,1768,589.3,39.7,28.9,-7.7,6,768.3,657.1,534.9,550.8,739.7,993.7,1073,990.5,935.4
Portage Park,15,63000,Theft Over $500,398,237,139,307,61,123,138,203,87,774,258,13,-29.3,-37.4,-66,195.2,219,322.2,487.3,631.7,376.2,220.6,138.1,409.5
Portage Park,15,63000,Vandalism,355,324,303,288,207,365,323,300,288,982,327.3,-17,-21.1,-5,-12,579.4,512.7,476.2,457.1,563.5,514.3,481,457.1,519.5
Portage Park,15,63000,Weapons Violation,42,44,73,45,23,33,38,44,42,159,53,121.2,27.3,-42.5,-21,52.4,60.3,69.8,71.4,66.7,69.8,115.9,66.7,84.1
Irving Park,16,52000,Aggravated Assault,70,61,57,64,28,49,67,75,41,188,62.7,16.3,-16.3,-28.1,-35,94.2,128.8,144.2,123.1,134.6,117.3,109.6,78.8,120.6
Irving Park,16,52000,Aggravated Battery,57,59,42,62,32,41,54,53,44,158,52.7,2.4,7.3,4.8,-17,78.8,103.8,101.9,119.2,109.6,113.5,80.8,84.6,101.3
Irving Park,16,52000,Arson,3,7,4,8,3,1,6,8,3,14,4.7,300,200,-25,-36,1.9,11.5,15.4,15.4,5.8,13.5,7.7,5.8,9
Irving Park,16,52000,Burglary,106,138,173,121,204,125,84,96,263,417,139,38.4,110.4,52,89,240.4,161.5,184.6,232.7,203.8,265.4,332.7,505.8,267.3
Irving Park,16,52000,Criminal Sexual Abuse,24,23,18,36,17,14,12,19,21,65,21.7,28.6,50,16.7,-3,26.9,23.1,36.5,69.2,46.2,44.2,34.6,40.4,41.7
Irving Park,16,52000,Criminal Sexual Assault,15,17,10,19,17,23,14,19,20,42,14,-56.5,-13,100,43,44.2,26.9,36.5,36.5,28.8,32.7,19.2,38.5,26.9
Irving Park,16,52000,Disorderly Conduct,4,7,10,4,4,7,5,1,6,21,7,42.9,-14.3,-40,-14,13.5,9.6,1.9,7.7,7.7,13.5,19.2,11.5,13.5
Irving Park,16,52000,Drug Abuse,31,29,27,66,15,38,26,20,22,87,29,-28.9,-42.1,-18.5,-24,73.1,50,38.5,126.9,59.6,55.8,51.9,42.3,55.8
Irving Park,16,52000,Embezzlement,0,0,1,0,0,0,0,0,0,1,0.3,NA,NA,-100,-100,0,0,0,0,0,0,1.9,0,0.6
Irving Park,16,52000,Forgery & Counterfeiting,30,19,3,34,3,24,19,8,3,52,17.3,-87.5,-87.5,0,-83,46.2,36.5,15.4,65.4,57.7,36.5,5.8,5.8,33.3
Irving Park,16,52000,Fraud,206,189,209,181,117,201,263,214,172,604,201.3,4,-14.4,-17.7,-15,386.5,505.8,411.5,348.1,396.2,363.5,401.9,330.8,387.1
Irving Park,16,52000,Gambling,0,0,0,0,0,1,0,0,0,0,0,-100,-100,NA,NA,1.9,0,0,0,0,0,0,0,0
Irving Park,16,52000,Human Trafficking,0,0,1,0,0,0,0,0,0,1,0.3,NA,NA,-100,-100,0,0,0,0,0,0,1.9,0,0.6
Irving Park,16,52000,Involuntary Manslaughter,0,0,0,0,0,0,0,0,0,0,0,NA,NA,NA,NA,0,0,0,0,0,0,0,0,0
Irving Park,16,52000,Liquor License,4,7,2,2,7,4,6,0,7,13,4.3,-50,75,250,63,7.7,11.5,0,3.8,7.7,13.5,3.8,13.5,8.3
Irving Park,16,52000,Misc Non-Index Offense,262,292,306,266,168,247,204,220,229,860,286.7,23.9,-7.3,-25.2,-20,475,392.3,423.1,511.5,503.8,561.5,588.5,440.4,551.3
Irving Park,16,52000,Motor Vehicle Theft,317,237,150,188,111,101,117,100,144,704,234.7,48.5,42.6,-4,-39,194.2,225,192.3,361.5,609.6,455.8,288.5,276.9,451.3
Irving Park,16,52000,Murder,2,2,1,3,0,3,2,2,0,5,1.7,-66.7,-100,-100,-100,5.8,3.8,3.8,5.8,3.8,3.8,1.9,0,3.3
Irving Park,16,52000,Obscenity,0,1,0,0,0,0,0,0,0,1,0.3,NA,NA,NA,-100,0,0,0,0,0,1.9,0,0,0.6
Irving Park,16,52000,Offenses Against Family,8,8,6,10,4,15,8,9,6,22,7.3,-60,-60,0,-18,28.8,15.4,17.3,19.2,15.4,15.4,11.5,11.5,14
Irving Park,16,52000,Prostitution,3,1,3,3,3,3,0,1,4,7,2.3,0,33.3,33.3,74,5.8,0,1.9,5.8,5.8,1.9,5.8,7.7,4.4
Irving Park,16,52000,Robbery,96,86,40,60,19,44,80,66,28,222,74,-9.1,-36.4,-30,-62,84.6,153.8,126.9,115.4,184.6,165.4,76.9,53.8,142.3
Irving Park,16,52000,Simple Assault,167,153,124,126,110,138,109,118,133,444,148,-10.1,-3.6,7.3,-10,265.4,209.6,226.9,242.3,321.2,294.2,238.5,255.8,284.6
Irving Park,16,52000,Simple Battery,386,396,348,335,261,407,335,311,347,1130,376.7,-14.5,-14.7,-0.3,-8,782.7,644.2,598.1,644.2,742.3,761.5,669.2,667.3,724.4
Irving Park,16,52000,Stolen Property,0,0,0,2,1,0,0,1,1,0,0,NA,NA,NA,NA,0,0,1.9,3.8,0,0,0,1.9,0
Irving Park,16,52000,Theft,375,433,343,384,238,545,347,356,320,1151,383.7,-37.1,-41.3,-6.7,-17,1048.1,667.3,684.6,738.5,721.2,832.7,659.6,615.4,737.9
Irving Park,16,52000,Theft Over $500,334,227,152,331,73,175,150,201,104,713,237.7,-13.1,-40.6,-31.6,-56,336.5,288.5,386.5,636.5,642.3,436.5,292.3,200,457.1
Irving Park,16,52000,Vandalism,289,291,259,277,196,305,267,286,271,839,279.7,-15.1,-11.1,4.6,-3,586.5,513.5,550,532.7,555.8,559.6,498.1,521.2,537.9
Irving Park,16,52000,Weapons Violation,45,44,24,38,11,31,29,51,18,113,37.7,-22.6,-41.9,-25,-52,59.6,55.8,98.1,73.1,86.5,84.6,46.2,34.6,72.5
Dunning,17,43000,Aggravated Assault,32,40,27,27,28,23,28,29,36,99,33,17.4,56.5,33.3,9,53.5,65.1,67.4,62.8,74.4,93,62.8,83.7,76.7
Dunning,17,43000,Aggravated Battery,27,26,21,25,16,21,20,37,21,74,24.7,0,0,0,-15,48.8,46.5,86,58.1,62.8,60.5,48.8,48.8,57.4
Dunning,17,43000,Arson,4,2,4,3,0,6,6,4,1,10,3.3,-33.3,-83.3,-75,-70,14,14,9.3,7,9.3,4.7,9.3,2.3,7.7
Dunning,17,43000,Burglary,65,69,95,63,100,82,70,64,133,229,76.3,15.9,62.2,40,74,190.7,162.8,148.8,146.5,151.2,160.5,220.9,309.3,177.4
Dunning,17,43000,Criminal Sexual Abuse,16,14,12,13,12,12,13,14,15,42,14,0,25,25,7,27.9,30.2,32.6,30.2,37.2,32.6,27.9,34.9,32.6
Dunning,17,43000,Criminal Sexual Assault,15,9,7,8,9,6,8,12,12,31,10.3,16.7,100,71.4,17,14,18.6,27.9,18.6,34.9,20.9,16.3,27.9,24
Dunning,17,43000,Disorderly Conduct,2,2,2,3,4,5,2,1,5,6,2,-60,0,150,150,11.6,4.7,2.3,7,4.7,4.7,4.7,11.6,4.7
Dunning,17,43000,Drug Abuse,22,10,13,11,11,15,14,8,15,45,15,-13.3,0,15.4,0,34.9,32.6,18.6,25.6,51.2,23.3,30.2,34.9,34.9
Dunning,17,43000,Embezzlement,1,0,0,0,0,0,0,0,0,1,0.3,NA,NA,NA,-100,0,0,0,0,2.3,0,0,0,0.7
Dunning,17,43000,Forgery & Counterfeiting,71,92,15,109,1,9,10,8,7,178,59.3,66.7,-22.2,-53.3,-88,20.9,23.3,18.6,253.5,165.1,214,34.9,16.3,137.9
Dunning,17,43000,Fraud,153,141,103,234,69,128,251,221,94,397,132.3,-19.5,-26.6,-8.7,-29,297.7,583.7,514,544.2,355.8,327.9,239.5,218.6,307.7
Dunning,17,43000,Gambling,0,0,0,0,0,0,0,0,0,0,0,NA,NA,NA,NA,0,0,0,0,0,0,0,0,0
Dunning,17,43000,Human Trafficking,0,0,0,0,0,0,0,0,0,0,0,NA,NA,NA,NA,0,0,0,0,0,0,0,0,0
Dunning,17,43000,Involuntary Manslaughter,0,0,0,0,0,0,0,0,0,0,0,NA,NA,NA,NA,0,0,0,0,0,0,0,0,0
Dunning,17,43000,Liquor License,7,2,5,1,1,1,4,1,2,14,4.7,400,100,-60,-57,2.3,9.3,2.3,2.3,16.3,4.7,11.6,4.7,10.9
Dunning,17,43000,Misc Non-Index Offense,217,193,233,196,134,183,152,202,189,643,214.3,27.3,3.3,-18.9,-12,425.6,353.5,469.8,455.8,504.7,448.8,541.9,439.5,498.4
Dunning,17,43000,Motor Vehicle Theft,186,152,114,91,89,54,60,59,129,452,150.7,111.1,138.9,13.2,-14,125.6,139.5,137.2,211.6,432.6,353.5,265.1,300,350.5
Dunning,17,43000,Murder,0,1,0,1,2,6,3,3,2,1,0.3,-100,-66.7,NA,567,14,7,7,2.3,0,2.3,0,4.7,0.7
Dunning,17,43000,Obscenity,0,0,0,0,1,0,0,0,1,0,0,NA,NA,NA,NA,0,0,0,0,0,0,0,2.3,0
Dunning,17,43000,Offenses Against Family,8,6,6,8,5,6,10,11,6,20,6.7,0,0,0,-10,14,23.3,25.6,18.6,18.6,14,14,14,15.6
Dunning,17,43000,Prostitution,1,0,0,2,2,1,3,1,2,1,0.3,-100,100,NA,567,2.3,7,2.3,4.7,2.3,0,0,4.7,0.7
Dunning,17,43000,Robbery,33,26,16,14,6,11,16,22,13,75,25,45.5,18.2,-18.8,-48,25.6,37.2,51.2,32.6,76.7,60.5,37.2,30.2,58.1
Dunning,17,43000,Simple Assault,102,99,93,106,60,101,86,84,87,294,98,-7.9,-13.9,-6.5,-11,234.9,200,195.3,246.5,237.2,230.2,216.3,202.3,227.9
Dunning,17,43000,Simple Battery,229,283,232,233,210,251,195,246,262,744,248,-7.6,4.4,12.9,6,583.7,453.5,572.1,541.9,532.6,658.1,539.5,609.3,576.7
Dunning,17,43000,Stolen Property,0,2,0,0,0,1,0,0,0,2,0.7,-100,-100,NA,-100,2.3,0,0,0,0,4.7,0,0,1.6
Dunning,17,43000,Theft,197,199,166,154,145,162,149,179,184,562,187.3,2.5,13.6,10.8,-2,376.7,346.5,416.3,358.1,458.1,462.8,386,427.9,435.6
Dunning,17,43000,Theft Over $500,197,136,74,147,28,62,84,139,51,407,135.7,19.4,-17.7,-31.1,-62,144.2,195.3,323.3,341.9,458.1,316.3,172.1,118.6,315.6
Dunning,17,43000,Vandalism,179,192,173,148,110,179,176,165,163,544,181.3,-3.4,-8.9,-5.8,-10,416.3,409.3,383.7,344.2,416.3,446.5,402.3,379.1,421.6
Dunning,17,43000,Weapons Violation,14,19,14,25,8,14,13,18,10,47,15.7,0,-28.6,-28.6,-36,32.6,30.2,41.9,58.1,32.6,44.2,32.6,23.3,36.5
Montclare,18,14000,Aggravated Assault,16,12,11,21,11,15,9,11,13,39,13,-26.7,-13.3,18.2,0,107.1,64.3,78.6,150,114.3,85.7,78.6,92.9,92.9
Montclare,18,14000,Aggravated Battery,10,11,15,6,7,11,12,13,12,36,12,36.4,9.1,-20,0,78.6,85.7,92.9,42.9,71.4,78.6,107.1,85.7,85.7
Montclare,18,14000,Arson,3,0,1,2,1,2,1,5,1,4,1.3,-50,-50,0,-23,14.3,7.1,35.7,14.3,21.4,0,7.1,7.1,9.3
Montclare,18,14000,Burglary,15,22,34,31,47,22,20,10,64,71,23.7,54.5,190.9,88.2,170,157.1,142.9,71.4,221.4,107.1,157.1,242.9,457.1,169.3
Montclare,18,14000,Criminal Sexual Abuse,2,1,2,3,4,7,1,2,5,5,1.7,-71.4,-28.6,150,194,50,7.1,14.3,21.4,14.3,7.1,14.3,35.7,12.1
Montclare,18,14000,Criminal Sexual Assault,1,4,2,3,4,4,6,2,4,7,2.3,-50,0,100,74,28.6,42.9,14.3,21.4,7.1,28.6,14.3,28.6,16.4
Montclare,18,14000,Disorderly Conduct,1,1,1,1,2,0,1,0,2,3,1,NA,NA,100,100,0,7.1,0,7.1,7.1,7.1,7.1,14.3,7.1
Montclare,18,14000,Drug Abuse,4,1,0,2,4,9,11,9,4,5,1.7,-100,-55.6,NA,135,64.3,78.6,64.3,14.3,28.6,7.1,0,28.6,12.1
Montclare,18,14000,Embezzlement,0,0,0,0,0,0,0,0,0,0,0,NA,NA,NA,NA,0,0,0,0,0,0,0,0,0
Montclare,18,14000,Forgery & Counterfeiting,6,13,12,8,2,5,6,6,4,31,10.3,140,-20,-66.7,-61,35.7,42.9,42.9,57.1,42.9,92.9,85.7,28.6,73.6
Montclare,18,14000,Fraud,43,57,50,62,20,46,64,51,31,150,50,8.7,-32.6,-38,-38,328.6,457.1,364.3,442.9,307.1,407.1,357.1,221.4,357.1
Montclare,18,14000,Gambling,0,0,0,0,0,0,0,0,0,0,0,NA,NA,NA,NA,0,0,0,0,0,0,0,0,0
Montclare,18,14000,Human Trafficking,0,0,0,0,0,0,0,0,0,0,0,NA,NA,NA,NA,0,0,0,0,0,0,0,0,0
Montclare,18,14000,Involuntary Manslaughter,0,0,0,0,0,0,0,0,0,0,0,NA,NA,NA,NA,0,0,0,0,0,0,0,0,0
Montclare,18,14000,Liquor License,2,0,3,0,2,0,0,0,2,5,1.7,NA,NA,-33.3,18,0,0,0,0,14.3,0,21.4,14.3,12.1
Montclare,18,14000,Misc Non-Index Offense,71,67,73,84,57,65,59,62,81,211,70.3,12.3,24.6,11,15,464.3,421.4,442.9,600,507.1,478.6,521.4,578.6,502.1
Montclare,18,14000,Motor Vehicle Theft,118,55,65,68,39,25,29,24,67,238,79.3,160,168,3.1,-16,178.6,207.1,171.4,485.7,842.9,392.9,464.3,478.6,566.4
Montclare,18,14000,Murder,1,0,0,2,2,0,1,0,2,1,0.3,NA,NA,NA,567,0,7.1,0,14.3,7.1,0,0,14.3,2.1
Montclare,18,14000,Obscenity,0,0,0,0,0,0,0,0,0,0,0,NA,NA,NA,NA,0,0,0,0,0,0,0,0,0
Montclare,18,14000,Offenses Against Family,4,3,3,3,1,2,5,3,2,10,3.3,50,0,-33.3,-39,14.3,35.7,21.4,21.4,28.6,21.4,21.4,14.3,23.6
Montclare,18,14000,Prostitution,1,0,0,0,1,0,0,1,1,1,0.3,NA,NA,NA,233,0,0,7.1,0,7.1,0,0,7.1,2.1
Montclare,18,14000,Robbery,14,11,5,15,6,13,13,6,6,30,10,-61.5,-53.8,20,-40,92.9,92.9,42.9,107.1,100,78.6,35.7,42.9,71.4
Montclare,18,14000,Simple Assault,37,51,40,30,20,31,33,32,26,128,42.7,29,-16.1,-35,-39,221.4,235.7,228.6,214.3,264.3,364.3,285.7,185.7,305
Montclare,18,14000,Simple Battery,90,89,99,77,61,103,95,88,81,278,92.7,-3.9,-21.4,-18.2,-13,735.7,678.6,628.6,550,642.9,635.7,707.1,578.6,662.1
Montclare,18,14000,Stolen Property,0,0,0,0,0,0,0,0,0,0,0,NA,NA,NA,NA,0,0,0,0,0,0,0,0,0
Montclare,18,14000,Theft,102,122,143,72,61,90,73,69,87,367,122.3,58.9,-3.3,-39.2,-29,642.9,521.4,492.9,514.3,728.6,871.4,1021.4,621.4,873.6
Montclare,18,14000,Theft Over $500,69,50,28,65,16,30,25,49,19,147,49,-6.7,-36.7,-32.1,-61,214.3,178.6,350,464.3,492.9,357.1,200,135.7,350
Montclare,18,14000,Vandalism,89,96,75,95,44,64,85,50,68,260,86.7,17.2,6.2,-9.3,-22,457.1,607.1,357.1,678.6,635.7,685.7,535.7,485.7,619.3
Montclare,18,14000,Weapons Violation,15,9,5,17,3,9,13,24,3,29,9.7,-44.4,-66.7,-40,-69,64.3,92.9,171.4,121.4,107.1,64.3,35.7,21.4,69.3
Belmont Cragin,19,78000,Aggravated Assault,144,168,132,151,102,93,113,115,134,444,148,41.9,44.1,1.5,-9,119.2,144.9,147.4,193.6,184.6,215.4,169.2,171.8,189.7
Belmont Cragin,19,78000,Aggravated Battery,93,115,100,83,61,107,127,100,79,308,102.7,-6.5,-26.2,-21,-23,137.2,162.8,128.2,106.4,119.2,147.4,128.2,101.3,131.7
Belmont Cragin,19,78000,Arson,15,8,2,11,4,6,4,6,4,25,8.3,-66.7,-33.3,100,-52,7.7,5.1,7.7,14.1,19.2,10.3,2.6,5.1,10.6
Belmont Cragin,19,78000,Burglary,132,127,206,117,256,149,98,91,339,465,155,38.3,127.5,64.6,119,191,125.6,116.7,150,169.2,162.8,264.1,434.6,198.7
Belmont Cragin,19,78000,Criminal Sexual Abuse,50,46,28,27,27,55,25,27,32,124,41.3,-49.1,-41.8,14.3,-23,70.5,32.1,34.6,34.6,64.1,59,35.9,41,52.9
Belmont Cragin,19,78000,Criminal Sexual Assault,35,31,28,36,24,38,27,30,32,94,31.3,-26.3,-15.8,14.3,2,48.7,34.6,38.5,46.2,44.9,39.7,35.9,41,40.1
Belmont Cragin,19,78000,Disorderly Conduct,12,11,24,18,28,34,13,11,33,47,15.7,-29.4,-2.9,37.5,110,43.6,16.7,14.1,23.1,15.4,14.1,30.8,42.3,20.1
Belmont Cragin,19,78000,Drug Abuse,62,50,65,57,39,174,155,83,57,177,59,-62.6,-67.2,-12.3,-3,223.1,198.7,106.4,73.1,79.5,64.1,83.3,73.1,75.6
Belmont Cragin,19,78000,Embezzlement,0,1,0,0,0,0,0,1,0,1,0.3,NA,NA,NA,-100,0,0,1.3,0,0,1.3,0,0,0.4
Belmont Cragin,19,78000,Forgery & Counterfeiting,62,31,21,85,9,25,17,16,14,114,38,-16,-44,-33.3,-63,32.1,21.8,20.5,109,79.5,39.7,26.9,17.9,48.7
Belmont Cragin,19,78000,Fraud,352,304,225,255,159,241,330,312,216,881,293.7,-6.6,-10.4,-4,-26,309,423.1,400,326.9,451.3,389.7,288.5,276.9,376.5
Belmont Cragin,19,78000,Gambling,0,0,0,0,0,0,0,0,0,0,0,NA,NA,NA,NA,0,0,0,0,0,0,0,0,0
Belmont Cragin,19,78000,Human Trafficking,0,2,0,0,0,0,0,1,0,2,0.7,NA,NA,NA,-100,0,0,1.3,0,0,2.6,0,0,0.9
Belmont Cragin,19,78000,Involuntary Manslaughter,0,0,0,0,0,0,0,0,0,0,0,NA,NA,NA,NA,0,0,0,0,0,0,0,0,0
Belmont Cragin,19,78000,Liquor License,1,9,11,11,6,2,6,5,10,21,7,450,400,-9.1,43,2.6,7.7,6.4,14.1,1.3,11.5,14.1,12.8,9
Belmont Cragin,19,78000,Misc Non-Index Offense,631,566,443,460,364,507,409,393,471,1640,546.7,-12.6,-7.1,6.3,-14,650,524.4,503.8,589.7,809,725.6,567.9,603.8,700.9
Belmont Cragin,19,78000,Motor Vehicle Theft,521,363,285,377,236,272,225,195,338,1169,389.7,4.8,24.3,18.6,-13,348.7,288.5,250,483.3,667.9,465.4,365.4,433.3,499.6
Belmont Cragin,19,78000,Murder,10,4,3,9,0,5,2,13,1,17,5.7,-40,-80,-66.7,-82,6.4,2.6,16.7,11.5,12.8,5.1,3.8,1.3,7.3
Belmont Cragin,19,78000,Obscenity,0,1,0,0,0,0,0,0,0,1,0.3,NA,NA,NA,-100,0,0,0,0,0,1.3,0,0,0.4
Belmont Cragin,19,78000,Offenses Against Family,24,22,14,32,16,39,22,26,19,60,20,-64.1,-51.3,35.7,-5,50,28.2,33.3,41,30.8,28.2,17.9,24.4,25.6
Belmont Cragin,19,78000,Prostitution,0,4,7,4,1,14,5,1,1,11,3.7,-50,-92.9,-85.7,-73,17.9,6.4,1.3,5.1,0,5.1,9,1.3,4.7
Belmont Cragin,19,78000,Robbery,247,165,86,107,74,130,94,88,96,498,166,-33.8,-26.2,11.6,-42,166.7,120.5,112.8,137.2,316.7,211.5,110.3,123.1,212.8
Belmont Cragin,19,78000,Simple Assault,288,307,235,234,200,251,233,226,246,830,276.7,-6.4,-2,4.7,-11,321.8,298.7,289.7,300,369.2,393.6,301.3,315.4,354.7
Belmont Cragin,19,78000,Simple Battery,731,756,662,658,505,821,679,638,657,2149,716.3,-19.4,-20,-0.8,-8,1052.6,870.5,817.9,843.6,937.2,969.2,848.7,842.3,918.3
Belmont Cragin,19,78000,Stolen Property,0,1,2,1,0,0,1,1,1,3,1,NA,NA,-50,0,0,1.3,1.3,1.3,0,1.3,2.6,1.3,1.3
Belmont Cragin,19,78000,Theft,592,819,701,547,499,651,495,422,648,2112,704,7.7,-0.5,-7.6,-8,834.6,634.6,541,701.3,759,1050,898.7,830.8,902.6
Belmont Cragin,19,78000,Theft Over $500,342,246,179,222,114,176,136,195,152,767,255.7,1.7,-13.6,-15.1,-41,225.6,174.4,250,284.6,438.5,315.4,229.5,194.9,327.8
Belmont Cragin,19,78000,Vandalism,473,455,408,434,309,490,413,455,438,1336,445.3,-16.7,-10.6,7.4,-2,628.2,529.5,583.3,556.4,606.4,583.3,523.1,561.5,570.9
Belmont Cragin,19,78000,Weapons Violation,164,114,79,177,66,86,155,195,77,357,119,-8.1,-10.5,-2.5,-35,110.3,198.7,250,226.9,210.3,146.2,101.3,98.7,152.6
West Ridge,2,77000,Aggravated Assault,99,91,80,90,69,67,86,60,89,270,90,19.4,32.8,11.2,-1,87,111.7,77.9,116.9,128.6,118.2,103.9,115.6,116.9
West Ridge,2,77000,Aggravated Battery,83,65,68,66,54,47,49,44,65,216,72,44.7,38.3,-4.4,-10,61,63.6,57.1,85.7,107.8,84.4,88.3,84.4,93.5
West Ridge,2,77000,Arson,7,7,2,7,4,5,4,6,6,16,5.3,-60,20,200,13,6.5,5.2,7.8,9.1,9.1,9.1,2.6,7.8,6.9
West Ridge,2,77000,Burglary,172,126,214,164,124,214,168,115,207,512,170.7,0,-3.3,-3.3,21,277.9,218.2,149.4,213,223.4,163.6,277.9,268.8,221.7
West Ridge,2,77000,Criminal Sexual Abuse,27,33,27,31,7,26,18,27,11,87,29,3.8,-57.7,-59.3,-62,33.8,23.4,35.1,40.3,35.1,42.9,35.1,14.3,37.7
West Ridge,2,77000,Criminal Sexual Assault,23,26,23,22,15,30,15,28,20,72,24,-23.3,-33.3,-13,-17,39,19.5,36.4,28.6,29.9,33.8,29.9,26,31.2
West Ridge,2,77000,Disorderly Conduct,8,12,10,5,9,15,7,5,12,30,10,-33.3,-20,20,20,19.5,9.1,6.5,6.5,10.4,15.6,13,15.6,13
West Ridge,2,77000,Drug Abuse,37,24,17,32,11,67,46,15,17,78,26,-74.6,-74.6,0,-35,87,59.7,19.5,41.6,48.1,31.2,22.1,22.1,33.8
West Ridge,2,77000,Embezzlement,1,1,0,0,0,1,0,1,0,2,0.7,-100,-100,NA,-100,1.3,0,1.3,0,1.3,1.3,0,0,0.9
West Ridge,2,77000,Forgery & Counterfeiting,79,91,12,157,14,21,21,53,16,182,60.7,-42.9,-23.8,33.3,-74,27.3,27.3,68.8,203.9,102.6,118.2,15.6,20.8,78.8
West Ridge,2,77000,Fraud,342,266,239,401,165,334,343,356,215,847,282.3,-28.4,-35.6,-10,-24,433.8,445.5,462.3,520.8,444.2,345.5,310.4,279.2,366.6
West Ridge,2,77000,Gambling,0,0,1,0,0,0,0,0,1,1,0.3,NA,NA,0,233,0,0,0,0,0,0,1.3,1.3,0.4
West Ridge,2,77000,Human Trafficking,0,0,0,0,0,0,0,0,0,0,0,NA,NA,NA,NA,0,0,0,0,0,0,0,0,0
West Ridge,2,77000,Involuntary Manslaughter,0,0,1,0,0,0,0,0,0,1,0.3,NA,NA,-100,-100,0,0,0,0,0,0,1.3,0,0.4
West Ridge,2,77000,Liquor License,2,3,4,1,5,3,3,7,7,9,3,33.3,133.3,75,133,3.9,3.9,9.1,1.3,2.6,3.9,5.2,9.1,3.9
West Ridge,2,77000,Misc Non-Index Offense,368,331,353,306,299,373,243,242,396,1052,350.7,-5.4,6.2,12.2,13,484.4,315.6,314.3,397.4,477.9,429.9,458.4,514.3,455.5
West Ridge,2,77000,Motor Vehicle Theft,450,397,255,299,153,127,140,117,221,1102,367.3,100.8,74,-13.3,-40,164.9,181.8,151.9,388.3,584.4,515.6,331.2,287,477
West Ridge,2,77000,Murder,4,4,2,6,2,3,6,2,2,10,3.3,-33.3,-33.3,0,-39,3.9,7.8,2.6,7.8,5.2,5.2,2.6,2.6,4.3
West Ridge,2,77000,Obscenity,0,1,0,0,0,0,0,0,0,1,0.3,NA,NA,NA,-100,0,0,0,0,0,1.3,0,0,0.4
West Ridge,2,77000,Offenses Against Family,17,6,14,20,7,28,14,13,12,37,12.3,-50,-57.1,-14.3,-2,36.4,18.2,16.9,26,22.1,7.8,18.2,15.6,16
West Ridge,2,77000,Prostitution,2,4,2,14,0,1,2,1,0,8,2.7,100,-100,-100,-100,1.3,2.6,1.3,18.2,2.6,5.2,2.6,0,3.5
West Ridge,2,77000,Robbery,132,125,70,133,39,90,99,100,54,327,109,-22.2,-40,-22.9,-50,116.9,128.6,129.9,172.7,171.4,162.3,90.9,70.1,141.6
West Ridge,2,77000,Simple Assault,230,222,178,205,216,157,146,155,259,630,210,13.4,65,45.5,23,203.9,189.6,201.3,266.2,298.7,288.3,231.2,336.4,272.7
West Ridge,2,77000,Simple Battery,560,584,541,522,390,542,518,489,520,1685,561.7,-0.2,-4.1,-3.9,-7,703.9,672.7,635.1,677.9,727.3,758.4,702.6,675.3,729.5
West Ridge,2,77000,Stolen Property,1,1,1,2,0,0,0,0,1,3,1,NA,NA,0,0,0,0,0,2.6,1.3,1.3,1.3,1.3,1.3
West Ridge,2,77000,Theft,504,589,602,553,351,726,589,525,491,1695,565,-17.1,-32.4,-18.4,-13,942.9,764.9,681.8,718.2,654.5,764.9,781.8,637.7,733.8
West Ridge,2,77000,Theft Over $500,397,277,174,416,89,198,178,210,138,848,282.7,-12.1,-30.3,-20.7,-51,257.1,231.2,272.7,540.3,515.6,359.7,226,179.2,367.1
West Ridge,2,77000,Vandalism,446,468,352,477,265,381,377,403,357,1266,422,-7.6,-6.3,1.4,-15,494.8,489.6,523.4,619.5,579.2,607.8,457.1,463.6,548.1
West Ridge,2,77000,Weapons Violation,40,27,28,51,29,25,31,32,38,95,31.7,12,52,35.7,20,32.5,40.3,41.6,66.2,51.9,35.1,36.4,49.4,41.2
Hermosa,20,24000,Aggravated Assault,46,58,32,41,35,35,44,33,41,136,45.3,-8.6,17.1,28.1,-9,145.8,183.3,137.5,170.8,191.7,241.7,133.3,170.8,188.7
Hermosa,20,24000,Aggravated Battery,36,43,32,36,18,23,35,26,23,111,37,39.1,0,-28.1,-38,95.8,145.8,108.3,150,150,179.2,133.3,95.8,154.2
Hermosa,20,24000,Arson,4,2,6,1,2,4,7,5,3,12,4,50,-25,-50,-25,16.7,29.2,20.8,4.2,16.7,8.3,25,12.5,16.7
Hermosa,20,24000,Burglary,21,43,45,28,93,52,57,37,110,109,36.3,-13.5,111.5,144.4,203,216.7,237.5,154.2,116.7,87.5,179.2,187.5,458.3,151.2
Hermosa,20,24000,Criminal Sexual Abuse,9,7,10,10,6,13,10,16,10,26,8.7,-23.1,-23.1,0,15,54.2,41.7,66.7,41.7,37.5,29.2,41.7,41.7,36.2
Hermosa,20,24000,Criminal Sexual Assault,12,15,8,15,5,10,12,10,6,35,11.7,-20,-40,-25,-49,41.7,50,41.7,62.5,50,62.5,33.3,25,48.8
Hermosa,20,24000,Disorderly Conduct,10,4,4,10,11,12,6,3,12,18,6,-66.7,0,200,100,50,25,12.5,41.7,41.7,16.7,16.7,50,25
Hermosa,20,24000,Drug Abuse,12,18,13,22,11,55,33,22,15,43,14.3,-76.4,-72.7,15.4,5,229.2,137.5,91.7,91.7,50,75,54.2,62.5,59.6
Hermosa,20,24000,Embezzlement,0,0,0,0,0,1,0,0,0,0,0,-100,-100,NA,NA,4.2,0,0,0,0,0,0,0,0
Hermosa,20,24000,Forgery & Counterfeiting,20,4,7,26,3,11,8,4,5,31,10.3,-36.4,-54.5,-28.6,-51,45.8,33.3,16.7,108.3,83.3,16.7,29.2,20.8,42.9
Hermosa,20,24000,Fraud,96,80,94,77,56,80,87,116,80,270,90,17.5,0,-14.9,-11,333.3,362.5,483.3,320.8,400,333.3,391.7,333.3,375
Hermosa,20,24000,Gambling,0,0,0,0,0,0,0,0,0,0,0,NA,NA,NA,NA,0,0,0,0,0,0,0,0,0
Hermosa,20,24000,Human Trafficking,1,0,0,0,0,0,0,0,0,1,0.3,NA,NA,NA,-100,0,0,0,0,4.2,0,0,0,1.2
Hermosa,20,24000,Involuntary Manslaughter,0,0,0,0,0,0,0,0,0,0,0,NA,NA,NA,NA,0,0,0,0,0,0,0,0,0
Hermosa,20,24000,Liquor License,1,1,6,2,1,1,1,0,1,8,2.7,500,0,-83.3,-63,4.2,4.2,0,8.3,4.2,4.2,25,4.2,11.3
Hermosa,20,24000,Misc Non-Index Offense,148,156,126,123,103,167,131,146,125,430,143.3,-24.6,-25.1,-0.8,-13,695.8,545.8,608.3,512.5,616.7,650,525,520.8,597.1
Hermosa,20,24000,Motor Vehicle Theft,222,114,75,135,75,72,58,62,104,411,137,4.2,44.4,38.7,-24,300,241.7,258.3,562.5,925,475,312.5,433.3,570.8
Hermosa,20,24000,Murder,2,2,1,1,0,0,2,3,0,5,1.7,NA,NA,-100,-100,0,8.3,12.5,4.2,8.3,8.3,4.2,0,7.1
Hermosa,20,24000,Obscenity,0,0,2,0,0,0,0,0,1,2,0.7,NA,NA,-50,43,0,0,0,0,0,0,8.3,4.2,2.9
Hermosa,20,24000,Offenses Against Family,9,11,9,18,3,15,13,14,3,29,9.7,-40,-80,-66.7,-69,62.5,54.2,58.3,75,37.5,45.8,37.5,12.5,40.4
Hermosa,20,24000,Prostitution,2,3,0,1,0,0,0,1,0,5,1.7,NA,NA,NA,-100,0,0,4.2,4.2,8.3,12.5,0,0,7.1
Hermosa,20,24000,Robbery,149,82,33,41,24,33,33,40,37,264,88,0,12.1,12.1,-58,137.5,137.5,166.7,170.8,620.8,341.7,137.5,154.2,366.7
Hermosa,20,24000,Simple Assault,86,105,86,63,66,68,57,67,90,277,92.3,26.5,32.4,4.7,-2,283.3,237.5,279.2,262.5,358.3,437.5,358.3,375,384.6
Hermosa,20,24000,Simple Battery,233,258,205,198,156,236,191,219,212,696,232,-13.1,-10.2,3.4,-9,983.3,795.8,912.5,825,970.8,1075,854.2,883.3,966.7
Hermosa,20,24000,Stolen Property,0,0,0,0,0,0,0,0,0,0,0,NA,NA,NA,NA,0,0,0,0,0,0,0,0,0
Hermosa,20,24000,Theft,147,195,174,207,116,184,153,173,165,516,172,-5.4,-10.3,-5.2,-4,766.7,637.5,720.8,862.5,612.5,812.5,725,687.5,716.7
Hermosa,20,24000,Theft Over $500,106,62,53,81,32,40,61,74,43,221,73.7,32.5,7.5,-18.9,-42,166.7,254.2,308.3,337.5,441.7,258.3,220.8,179.2,307.1
Hermosa,20,24000,Vandalism,183,150,131,133,115,152,137,141,161,464,154.7,-13.8,5.9,22.9,4,633.3,570.8,587.5,554.2,762.5,625,545.8,670.8,644.6
Hermosa,20,24000,Weapons Violation,67,52,37,59,21,39,47,57,29,156,52,-5.1,-25.6,-21.6,-44,162.5,195.8,237.5,245.8,279.2,216.7,154.2,120.8,216.7
Avondale,21,36000,Aggravated Assault,51,57,58,52,41,20,44,41,49,166,55.3,190,145,-15.5,-11,55.6,122.2,113.9,144.4,141.7,158.3,161.1,136.1,153.6
Avondale,21,36000,Aggravated Battery,37,29,40,38,23,49,53,47,31,106,35.3,-18.4,-36.7,-22.5,-12,136.1,147.2,130.6,105.6,102.8,80.6,111.1,86.1,98.1
Avondale,21,36000,Arson,3,5,2,1,1,5,4,1,2,10,3.3,-60,-60,0,-39,13.9,11.1,2.8,2.8,8.3,13.9,5.6,5.6,9.2
Avondale,21,36000,Burglary,71,88,143,92,197,122,94,68,241,302,100.7,17.2,97.5,68.5,139,338.9,261.1,188.9,255.6,197.2,244.4,397.2,669.4,279.7
Avondale,21,36000,Criminal Sexual Abuse,11,11,12,15,16,18,18,9,20,34,11.3,-33.3,11.1,66.7,77,50,50,25,41.7,30.6,30.6,33.3,55.6,31.4
Avondale,21,36000,Criminal Sexual Assault,8,11,5,8,5,15,9,16,7,24,8,-66.7,-53.3,40,-12,41.7,25,44.4,22.2,22.2,30.6,13.9,19.4,22.2
Avondale,21,36000,Disorderly Conduct,1,9,2,4,7,7,4,6,7,12,4,-71.4,0,250,75,19.4,11.1,16.7,11.1,2.8,25,5.6,19.4,11.1
Avondale,21,36000,Drug Abuse,22,8,12,19,7,29,30,10,11,42,14,-58.6,-62.1,-8.3,-21,80.6,83.3,27.8,52.8,61.1,22.2,33.3,30.6,38.9
Avondale,21,36000,Embezzlement,1,0,1,0,0,0,0,1,0,2,0.7,NA,NA,-100,-100,0,0,2.8,0,2.8,0,2.8,0,1.9
Avondale,21,36000,Forgery & Counterfeiting,21,13,6,21,3,14,5,5,4,40,13.3,-57.1,-71.4,-33.3,-70,38.9,13.9,13.9,58.3,58.3,36.1,16.7,11.1,36.9
Avondale,21,36000,Fraud,145,137,168,138,106,186,174,162,151,450,150,-9.7,-18.8,-10.1,1,516.7,483.3,450,383.3,402.8,380.6,466.7,419.4,416.7
Avondale,21,36000,Gambling,0,0,0,0,0,0,0,0,0,0,0,NA,NA,NA,NA,0,0,0,0,0,0,0,0,0
Avondale,21,36000,Human Trafficking,0,0,0,0,0,0,0,0,0,0,0,NA,NA,NA,NA,0,0,0,0,0,0,0,0,0
Avondale,21,36000,Involuntary Manslaughter,0,0,1,0,0,0,0,0,1,1,0.3,NA,NA,0,233,0,0,0,0,0,0,2.8,2.8,0.8
Avondale,21,36000,Liquor License,1,1,1,2,2,2,2,0,2,3,1,-50,0,100,100,5.6,5.6,0,5.6,2.8,2.8,2.8,5.6,2.8
Avondale,21,36000,Misc Non-Index Offense,169,205,185,168,140,217,144,151,185,559,186.3,-14.7,-14.7,0,-1,602.8,400,419.4,466.7,469.4,569.4,513.9,513.9,517.5
Avondale,21,36000,Motor Vehicle Theft,229,176,130,139,118,86,75,85,150,535,178.3,51.2,74.4,15.4,-16,238.9,208.3,236.1,386.1,636.1,488.9,361.1,416.7,495.3
Avondale,21,36000,Murder,1,0,3,2,2,2,4,3,3,4,1.3,50,50,0,131,5.6,11.1,8.3,5.6,2.8,0,8.3,8.3,3.6
Avondale,21,36000,Obscenity,0,0,0,0,0,0,0,0,0,0,0,NA,NA,NA,NA,0,0,0,0,0,0,0,0,0
Avondale,21,36000,Offenses Against Family,3,5,1,8,5,15,6,5,5,9,3,-93.3,-66.7,400,67,41.7,16.7,13.9,22.2,8.3,13.9,2.8,13.9,8.3
Avondale,21,36000,Prostitution,0,2,1,2,0,2,0,2,0,3,1,-50,-100,-100,-100,5.6,0,5.6,5.6,0,5.6,2.8,0,2.8
Avondale,21,36000,Robbery,121,71,41,89,23,79,82,72,36,233,77.7,-48.1,-54.4,-12.2,-54,219.4,227.8,200,247.2,336.1,197.2,113.9,100,215.8
Avondale,21,36000,Simple Assault,108,141,96,109,64,95,89,83,94,345,115,1.1,-1.1,-2.1,-18,263.9,247.2,230.6,302.8,300,391.7,266.7,261.1,319.4
Avondale,21,36000,Simple Battery,288,294,258,281,178,302,241,228,243,840,280,-14.6,-19.5,-5.8,-13,838.9,669.4,633.3,780.6,800,816.7,716.7,675,777.8
Avondale,21,36000,Stolen Property,1,0,0,0,1,0,0,0,1,1,0.3,NA,NA,NA,233,0,0,0,0,2.8,0,0,2.8,0.8
Avondale,21,36000,Theft,443,732,648,346,441,480,356,266,592,1823,607.7,35,23.3,-8.6,-3,1333.3,988.9,738.9,961.1,1230.6,2033.3,1800,1644.4,1688.1
Avondale,21,36000,Theft Over $500,226,172,125,231,74,120,136,119,114,523,174.3,4.2,-5,-8.8,-35,333.3,377.8,330.6,641.7,627.8,477.8,347.2,316.7,484.2
Avondale,21,36000,Vandalism,232,224,232,197,164,240,218,188,226,688,229.3,-3.3,-5.8,-2.6,-1,666.7,605.6,522.2,547.2,644.4,622.2,644.4,627.8,636.9
Avondale,21,36000,Weapons Violation,31,28,21,37,12,45,35,25,17,80,26.7,-53.3,-62.2,-19,-36,125,97.2,69.4,102.8,86.1,77.8,58.3,47.2,74.2
Logan Square,22,72000,Aggravated Assault,87,102,79,76,41,90,64,76,63,268,89.3,-12.2,-30,-20.3,-29,125,88.9,105.6,105.6,120.8,141.7,109.7,87.5,124
Logan Square,22,72000,Aggravated Battery,61,104,65,58,50,64,61,71,64,230,76.7,1.6,0,-1.5,-17,88.9,84.7,98.6,80.6,84.7,144.4,90.3,88.9,106.5
Logan Square,22,72000,Arson,3,9,5,3,3,6,9,6,5,17,5.7,-16.7,-16.7,0,-12,8.3,12.5,8.3,4.2,4.2,12.5,6.9,6.9,7.9
Logan Square,22,72000,Burglary,205,271,295,191,414,263,195,180,498,771,257,12.2,89.4,68.8,94,365.3,270.8,250,265.3,284.7,376.4,409.7,691.7,356.9
Logan Square,22,72000,Criminal Sexual Abuse,29,31,44,27,21,32,25,27,31,104,34.7,37.5,-3.1,-29.5,-11,44.4,34.7,37.5,37.5,40.3,43.1,61.1,43.1,48.2
Logan Square,22,72000,Criminal Sexual Assault,21,25,30,31,9,36,17,31,16,76,25.3,-16.7,-55.6,-46.7,-37,50,23.6,43.1,43.1,29.2,34.7,41.7,22.2,35.1
Logan Square,22,72000,Disorderly Conduct,9,14,13,10,14,24,17,7,16,36,12,-45.8,-33.3,23.1,33,33.3,23.6,9.7,13.9,12.5,19.4,18.1,22.2,16.7
Logan Square,22,72000,Drug Abuse,26,22,27,24,17,58,48,38,23,75,25,-53.4,-60.3,-14.8,-8,80.6,66.7,52.8,33.3,36.1,30.6,37.5,31.9,34.7
Logan Square,22,72000,Embezzlement,1,1,0,0,0,1,0,0,0,2,0.7,-100,-100,NA,-100,1.4,0,0,0,1.4,1.4,0,0,1
Logan Square,22,72000,Forgery & Counterfeiting,21,17,9,21,9,30,23,11,13,47,15.7,-70,-56.7,44.4,-17,41.7,31.9,15.3,29.2,29.2,23.6,12.5,18.1,21.8
Logan Square,22,72000,Fraud,368,307,314,320,213,441,363,355,282,989,329.7,-28.8,-36.1,-10.2,-14,612.5,504.2,493.1,444.4,511.1,426.4,436.1,391.7,457.9
Logan Square,22,72000,Gambling,0,1,0,0,0,0,0,0,0,1,0.3,NA,NA,NA,-100,0,0,0,0,0,1.4,0,0,0.4
Logan Square,22,72000,Human Trafficking,0,0,0,0,1,1,0,0,1,0,0,-100,0,NA,NA,1.4,0,0,0,0,0,0,1.4,0
Logan Square,22,72000,Involuntary Manslaughter,0,0,0,0,0,0,0,0,0,0,0,NA,NA,NA,NA,0,0,0,0,0,0,0,0,0
Logan Square,22,72000,Liquor License,6,4,7,2,4,13,1,9,4,17,5.7,-46.2,-69.2,-42.9,-30,18.1,1.4,12.5,2.8,8.3,5.6,9.7,5.6,7.9
Logan Square,22,72000,Misc Non-Index Offense,318,367,369,336,276,413,302,340,365,1054,351.3,-10.7,-11.6,-1.1,4,573.6,419.4,472.2,466.7,441.7,509.7,512.5,506.9,487.9
Logan Square,22,72000,Motor Vehicle Theft,594,517,284,340,287,172,161,123,351,1395,465,65.1,104.1,23.6,-25,238.9,223.6,170.8,472.2,825,718.1,394.4,487.5,645.8
Logan Square,22,72000,Murder,4,3,2,8,1,4,5,7,1,9,3,-50,-75,-50,-67,5.6,6.9,9.7,11.1,5.6,4.2,2.8,1.4,4.2
Logan Square,22,72000,Obscenity,0,1,1,0,0,0,0,0,1,2,0.7,NA,NA,0,43,0,0,0,0,0,1.4,1.4,1.4,1
Logan Square,22,72000,Offenses Against Family,10,9,7,19,3,20,13,13,3,26,8.7,-65,-85,-57.1,-66,27.8,18.1,18.1,26.4,13.9,12.5,9.7,4.2,12.1
Logan Square,22,72000,Prostitution,1,0,1,0,1,2,1,0,1,2,0.7,-50,-50,0,43,2.8,1.4,0,0,1.4,0,1.4,1.4,1
Logan Square,22,72000,Robbery,368,187,110,200,47,135,126,139,74,665,221.7,-18.5,-45.2,-32.7,-67,187.5,175,193.1,277.8,511.1,259.7,152.8,102.8,307.9
Logan Square,22,72000,Simple Assault,229,208,228,193,153,199,169,198,219,665,221.7,14.6,10.1,-3.9,-1,276.4,234.7,275,268.1,318.1,288.9,316.7,304.2,307.9
Logan Square,22,72000,Simple Battery,556,583,466,429,354,537,496,461,479,1605,535,-13.2,-10.8,2.8,-10,745.8,688.9,640.3,595.8,772.2,809.7,647.2,665.3,743.1
Logan Square,22,72000,Stolen Property,0,1,1,1,0,0,3,0,0,2,0.7,NA,NA,-100,-100,0,4.2,0,1.4,0,1.4,1.4,0,1
Logan Square,22,72000,Theft,1024,1483,1316,826,950,1285,848,701,1276,3823,1274.3,2.4,-0.7,-3,0,1784.7,1177.8,973.6,1147.2,1422.2,2059.7,1827.8,1772.2,1769.9
Logan Square,22,72000,Theft Over $500,718,601,329,516,200,539,359,347,263,1648,549.3,-39,-51.2,-20.1,-52,748.6,498.6,481.9,716.7,997.2,834.7,456.9,365.3,762.9
Logan Square,22,72000,Vandalism,544,530,485,442,396,479,369,424,521,1559,519.7,1.3,8.8,7.4,0,665.3,512.5,588.9,613.9,755.6,736.1,673.6,723.6,721.8
Logan Square,22,72000,Weapons Violation,56,61,46,49,31,54,74,54,38,163,54.3,-14.8,-29.6,-17.4,-30,75,102.8,75,68.1,77.8,84.7,63.9,52.8,75.4
Humboldt Park,23,54000,Aggravated Assault,228,222,164,176,137,170,190,212,168,614,204.7,-3.5,-1.2,2.4,-18,314.8,351.9,392.6,325.9,422.2,411.1,303.7,311.1,379.1
Humboldt Park,23,54000,Aggravated Battery,217,256,193,249,176,290,315,255,215,666,222,-33.4,-25.9,11.4,-3,537,583.3,472.2,461.1,401.9,474.1,357.4,398.1,411.1
Humboldt Park,23,54000,Arson,19,20,10,13,7,26,25,25,10,49,16.3,-61.5,-61.5,0,-39,48.1,46.3,46.3,24.1,35.2,37,18.5,18.5,30.2
Humboldt Park,23,54000,Burglary,134,203,177,157,297,247,222,236,350,514,171.3,-28.3,41.7,97.7,104,457.4,411.1,437,290.7,248.1,375.9,327.8,648.1,317.2
Humboldt Park,23,54000,Criminal Sexual Abuse,43,44,39,30,19,36,31,31,28,126,42,8.3,-22.2,-28.2,-33,66.7,57.4,57.4,55.6,79.6,81.5,72.2,51.9,77.8
Humboldt Park,23,54000,Criminal Sexual Assault,44,43,45,51,25,61,44,37,31,132,44,-26.2,-49.2,-31.1,-30,113,81.5,68.5,94.4,81.5,79.6,83.3,57.4,81.5
Humboldt Park,23,54000,Disorderly Conduct,41,42,62,19,40,137,50,28,48,145,48.3,-54.7,-65,-22.6,-1,253.7,92.6,51.9,35.2,75.9,77.8,114.8,88.9,89.4
Humboldt Park,23,54000,Drug Abuse,744,1002,1060,520,552,1674,917,767,711,2806,935.3,-36.7,-57.5,-32.9,-24,3100,1698.1,1420.4,963,1377.8,1855.6,1963,1316.7,1732
Humboldt Park,23,54000,Embezzlement,2,0,0,0,0,0,0,0,0,2,0.7,NA,NA,NA,-100,0,0,0,0,3.7,0,0,0,1.3
Humboldt Park,23,54000,Forgery & Counterfeiting,31,44,26,34,15,33,21,18,25,101,33.7,-21.2,-24.2,-3.8,-26,61.1,38.9,33.3,63,57.4,81.5,48.1,46.3,62.4
Humboldt Park,23,54000,Fraud,246,245,236,282,183,268,273,261,236,727,242.3,-11.9,-11.9,0,-3,496.3,505.6,483.3,522.2,455.6,453.7,437,437,448.7
Humboldt Park,23,54000,Gambling,1,1,2,0,0,11,6,0,0,4,1.3,-81.8,-100,-100,-100,20.4,11.1,0,0,1.9,1.9,3.7,0,2.4
Humboldt Park,23,54000,Human Trafficking,0,0,0,1,0,0,1,0,0,0,0,NA,NA,NA,NA,0,1.9,0,1.9,0,0,0,0,0
Humboldt Park,23,54000,Involuntary Manslaughter,0,0,0,0,0,1,0,1,0,0,0,-100,-100,NA,NA,1.9,0,1.9,0,0,0,0,0,0
Humboldt Park,23,54000,Liquor License,4,3,3,3,4,5,4,3,5,10,3.3,-40,0,66.7,52,9.3,7.4,5.6,5.6,7.4,5.6,5.6,9.3,6.1
Humboldt Park,23,54000,Misc Non-Index Offense,672,716,619,619,459,876,619,543,593,2007,669,-29.3,-32.3,-4.2,-11,1622.2,1146.3,1005.6,1146.3,1244.4,1325.9,1146.3,1098.1,1238.9
Humboldt Park,23,54000,Motor Vehicle Theft,736,517,394,529,437,247,295,219,568,1647,549,59.5,130,44.2,3,457.4,546.3,405.6,979.6,1363,957.4,729.6,1051.9,1016.7
Humboldt Park,23,54000,Murder,22,17,19,23,5,28,43,34,9,58,19.3,-32.1,-67.9,-52.6,-53,51.9,79.6,63,42.6,40.7,31.5,35.2,16.7,35.7
Humboldt Park,23,54000,Obscenity,0,0,1,0,0,0,0,0,0,1,0.3,NA,NA,-100,-100,0,0,0,0,0,0,1.9,0,0.6
Humboldt Park,23,54000,Offenses Against Family,31,28,26,30,7,39,27,31,12,85,28.3,-33.3,-69.2,-53.8,-58,72.2,50,57.4,55.6,57.4,51.9,48.1,22.2,52.4
Humboldt Park,23,54000,Prostitution,2,9,4,8,3,26,6,5,4,15,5,-84.6,-84.6,0,-20,48.1,11.1,9.3,14.8,3.7,16.7,7.4,7.4,9.3
Humboldt Park,23,54000,Robbery,566,343,176,363,127,215,287,237,164,1085,361.7,-18.1,-23.7,-6.8,-55,398.1,531.5,438.9,672.2,1048.1,635.2,325.9,303.7,669.8
Humboldt Park,23,54000,Simple Assault,353,405,341,367,272,393,328,364,356,1099,366.3,-13.2,-9.4,4.4,-3,727.8,607.4,674.1,679.6,653.7,750,631.5,659.3,678.3
Humboldt Park,23,54000,Simple Battery,1014,1046,980,915,707,1233,1013,923,949,3040,1013.3,-20.5,-23,-3.2,-6,2283.3,1875.9,1709.3,1694.4,1877.8,1937,1814.8,1757.4,1876.5
Humboldt Park,23,54000,Stolen Property,13,5,6,7,1,1,1,0,2,24,8,500,100,-66.7,-75,1.9,1.9,0,13,24.1,9.3,11.1,3.7,14.8
Humboldt Park,23,54000,Theft,596,687,684,520,493,808,677,514,642,1967,655.7,-15.3,-20.5,-6.1,-2,1496.3,1253.7,951.9,963,1103.7,1272.2,1266.7,1188.9,1214.3
Humboldt Park,23,54000,Theft Over $500,348,256,215,350,190,264,222,280,226,819,273,-18.6,-14.4,5.1,-17,488.9,411.1,518.5,648.1,644.4,474.1,398.1,418.5,505.6
Humboldt Park,23,54000,Vandalism,630,623,522,627,420,678,709,721,553,1775,591.7,-23,-18.4,5.9,-7,1255.6,1313,1335.2,1161.1,1166.7,1153.7,966.7,1024.1,1095.7
Humboldt Park,23,54000,Weapons Violation,261,275,158,265,122,255,323,333,146,694,231.3,-38,-42.7,-7.6,-37,472.2,598.1,616.7,490.7,483.3,509.3,292.6,270.4,428.3
West Town,24,88000,Aggravated Assault,139,125,113,128,70,103,83,131,90,377,125.7,9.7,-12.6,-20.4,-28,117,94.3,148.9,145.5,158,142,128.4,102.3,142.8
West Town,24,88000,Aggravated Battery,107,138,116,102,80,126,98,109,110,361,120.3,-7.9,-12.7,-5.2,-9,143.2,111.4,123.9,115.9,121.6,156.8,131.8,125,136.7
West Town,24,88000,Arson,10,4,6,10,2,8,8,8,5,20,6.7,-25,-37.5,-16.7,-25,9.1,9.1,9.1,11.4,11.4,4.5,6.8,5.7,7.6
West Town,24,88000,Burglary,341,467,530,310,672,383,296,253,840,1338,446,38.4,119.3,58.5,88,435.2,336.4,287.5,352.3,387.5,530.7,602.3,954.5,506.8
West Town,24,88000,Criminal Sexual Abuse,52,36,47,46,39,42,32,32,51,135,45,11.9,21.4,8.5,13,47.7,36.4,36.4,52.3,59.1,40.9,53.4,58,51.1
West Town,24,88000,Criminal Sexual Assault,46,32,45,36,36,49,31,44,51,123,41,-8.2,4.1,13.3,24,55.7,35.2,50,40.9,52.3,36.4,51.1,58,46.6
West Town,24,88000,Disorderly Conduct,17,20,24,14,27,31,11,16,31,61,20.3,-22.6,0,29.2,53,35.2,12.5,18.2,15.9,19.3,22.7,27.3,35.2,23.1
West Town,24,88000,Drug Abuse,47,48,37,57,41,67,35,49,49,132,44,-44.8,-26.9,32.4,11,76.1,39.8,55.7,64.8,53.4,54.5,42,55.7,50
West Town,24,88000,Embezzlement,3,2,2,3,0,2,0,1,0,7,2.3,0,-100,-100,-100,2.3,0,1.1,3.4,3.4,2.3,2.3,0,2.6
West Town,24,88000,Forgery & Counterfeiting,41,19,13,34,9,53,19,27,13,73,24.3,-75.5,-75.5,0,-47,60.2,21.6,30.7,38.6,46.6,21.6,14.8,14.8,27.6
West Town,24,88000,Fraud,511,473,518,501,352,672,497,456,476,1502,500.7,-22.9,-29.2,-8.1,-5,763.6,564.8,518.2,569.3,580.7,537.5,588.6,540.9,569
West Town,24,88000,Gambling,0,1,0,0,0,0,0,1,0,1,0.3,NA,NA,NA,-100,0,0,1.1,0,0,1.1,0,0,0.3
West Town,24,88000,Human Trafficking,0,1,0,0,0,0,0,0,0,1,0.3,NA,NA,NA,-100,0,0,0,0,0,1.1,0,0,0.3
West Town,24,88000,Involuntary Manslaughter,0,0,0,0,0,0,0,0,0,0,0,NA,NA,NA,NA,0,0,0,0,0,0,0,0,0
West Town,24,88000,Liquor License,10,10,12,15,10,5,10,13,14,32,10.7,140,180,16.7,31,5.7,11.4,14.8,17,11.4,11.4,13.6,15.9,12.2
West Town,24,88000,Misc Non-Index Offense,470,490,471,492,337,461,337,367,453,1431,477,2.2,-1.7,-3.8,-5,523.9,383,417,559.1,534.1,556.8,535.2,514.8,542
West Town,24,88000,Motor Vehicle Theft,1049,1059,679,627,635,236,306,386,835,2787,929,187.7,253.8,23,-10,268.2,347.7,438.6,712.5,1192,1203.4,771.6,948.9,1055.7
West Town,24,88000,Murder,5,3,3,10,4,5,12,10,5,11,3.7,-40,0,66.7,35,5.7,13.6,11.4,11.4,5.7,3.4,3.4,5.7,4.2
West Town,24,88000,Obscenity,0,0,0,0,1,0,0,0,1,0,0,NA,NA,NA,NA,0,0,0,0,0,0,0,1.1,0
West Town,24,88000,Offenses Against Family,10,9,9,9,8,10,9,11,11,28,9.3,-10,10,22.2,18,11.4,10.2,12.5,10.2,11.4,10.2,10.2,12.5,10.6
West Town,24,88000,Prostitution,0,2,1,0,2,11,3,2,2,3,1,-90.9,-81.8,100,100,12.5,3.4,2.3,0,0,2.3,1.1,2.3,1.1
West Town,24,88000,Robbery,506,314,177,408,69,241,243,361,92,997,332.3,-26.6,-61.8,-48,-72,273.9,276.1,410.2,463.6,575,356.8,201.1,104.5,377.6
West Town,24,88000,Simple Assault,344,353,289,284,252,335,245,262,316,986,328.7,-13.7,-5.7,9.3,-4,380.7,278.4,297.7,322.7,390.9,401.1,328.4,359.1,373.5
West Town,24,88000,Simple Battery,744,775,666,668,514,835,532,596,675,2185,728.3,-20.2,-19.2,1.4,-7,948.9,604.5,677.3,759.1,845.5,880.7,756.8,767,827.6
West Town,24,88000,Stolen Property,2,1,2,1,1,1,9,2,2,5,1.7,100,100,0,18,1.1,10.2,2.3,1.1,2.3,1.1,2.3,2.3,1.9
West Town,24,88000,Theft,1399,1678,1618,1443,1095,1916,1269,1128,1508,4695,1565,-15.6,-21.3,-6.8,-4,2177.3,1442,1281.8,1639.8,1589.8,1906.8,1838.6,1713.6,1778.4
West Town,24,88000,Theft Over $500,1113,984,659,1238,450,899,561,762,596,2756,918.7,-26.7,-33.7,-9.6,-35,1021.6,637.5,865.9,1406.8,1264.8,1118.2,748.9,677.3,1044
West Town,24,88000,Vandalism,960,876,781,720,637,749,561,542,847,2617,872.3,4.3,13.1,8.5,-3,851.1,637.5,615.9,818.2,1090.9,995.5,887.5,962.5,991.2
West Town,24,88000,Weapons Violation,99,91,68,109,66,70,75,85,78,258,86,-2.9,11.4,14.7,-9,79.5,85.2,96.6,123.9,112.5,103.4,77.3,88.6,97.7
Austin,25,97000,Aggravated Assault,512,513,458,471,361,463,483,470,484,1483,494.3,-1.1,4.5,5.7,-2,477.3,497.9,484.5,485.6,527.8,528.9,472.2,499,509.6
Austin,25,97000,Aggravated Battery,548,559,521,459,383,617,709,597,515,1628,542.7,-15.6,-16.5,-1.2,-5,636.1,730.9,615.5,473.2,564.9,576.3,537.1,530.9,559.5
Austin,25,97000,Arson,40,30,32,31,22,33,56,43,28,102,34,-3,-15.2,-12.5,-18,34,57.7,44.3,32,41.2,30.9,33,28.9,35.1
Austin,25,97000,Burglary,252,327,371,271,420,415,402,317,522,950,316.7,-10.6,25.8,40.7,65,427.8,414.4,326.8,279.4,259.8,337.1,382.5,538.1,326.5
Austin,25,97000,Criminal Sexual Abuse,81,52,63,57,57,68,66,63,70,196,65.3,-7.4,2.9,11.1,7,70.1,68,64.9,58.8,83.5,53.6,64.9,72.2,67.3
Austin,25,97000,Criminal Sexual Assault,107,115,113,105,75,115,99,88,98,335,111.7,-1.7,-14.8,-13.3,-12,118.6,102.1,90.7,108.2,110.3,118.6,116.5,101,115.2
Austin,25,97000,Disorderly Conduct,57,52,61,49,62,171,71,45,76,170,56.7,-64.3,-55.6,24.6,34,176.3,73.2,46.4,50.5,58.8,53.6,62.9,78.4,58.5
Austin,25,97000,Drug Abuse,389,568,763,434,475,1071,517,408,622,1720,573.3,-28.8,-41.9,-18.5,8,1104.1,533,420.6,447.4,401,585.6,786.6,641.2,591
Austin,25,97000,Embezzlement,0,1,0,0,1,2,2,0,1,1,0.3,-100,-50,NA,233,2.1,2.1,0,0,0,1,0,1,0.3
Austin,25,97000,Forgery & Counterfeiting,97,82,40,109,21,69,32,41,30,219,73,-42,-56.5,-25,-59,71.1,33,42.3,112.4,100,84.5,41.2,30.9,75.3
Austin,25,97000,Fraud,526,530,488,574,280,688,761,758,397,1544,514.7,-29.1,-42.3,-18.6,-23,709.3,784.5,781.4,591.8,542.3,546.4,503.1,409.3,530.6
Austin,25,97000,Gambling,1,1,0,2,4,15,2,1,4,2,0.7,-100,-73.3,NA,471,15.5,2.1,1,2.1,1,1,0,4.1,0.7
Austin,25,97000,Human Trafficking,1,3,2,0,0,1,0,1,0,6,2,100,-100,-100,-100,1,0,1,0,1,3.1,2.1,0,2.1
Austin,25,97000,Involuntary Manslaughter,0,0,0,0,0,1,0,1,0,0,0,-100,-100,NA,NA,1,0,1,0,0,0,0,0,0
Austin,25,97000,Liquor License,9,5,8,3,3,2,3,9,4,22,7.3,300,100,-50,-45,2.1,3.1,9.3,3.1,9.3,5.2,8.2,4.1,7.5
Austin,25,97000,Misc Non-Index Offense,1145,1195,1228,1119,847,1530,1132,1117,1135,3568,1189.3,-19.7,-25.8,-7.6,-5,1577.3,1167,1151.5,1153.6,1180.4,1232,1266,1170.1,1226.1
Austin,25,97000,Motor Vehicle Theft,1360,1020,828,1348,712,646,708,601,959,3208,1069.3,28.2,48.5,15.8,-10,666,729.9,619.6,1389.7,1402.1,1051.5,853.6,988.7,1102.4
Austin,25,97000,Murder,48,48,45,51,29,53,83,71,34,141,47,-15.1,-35.8,-24.4,-28,54.6,85.6,73.2,52.6,49.5,49.5,46.4,35.1,48.5
Austin,25,97000,Obscenity,0,0,2,0,2,0,0,0,2,2,0.7,NA,NA,0,186,0,0,0,0,0,0,2.1,2.1,0.7
Austin,25,97000,Offenses Against Family,42,55,33,56,25,80,53,56,41,130,43.3,-58.8,-48.8,24.2,-5,82.5,54.6,57.7,57.7,43.3,56.7,34,42.3,44.6
Austin,25,97000,Prostitution,97,109,54,98,58,161,54,27,76,260,86.7,-66.5,-52.8,40.7,-12,166,55.7,27.8,101,100,112.4,55.7,78.4,89.4
Austin,25,97000,Robbery,720,625,353,516,267,605,675,528,334,1698,566,-41.7,-44.8,-5.4,-41,623.7,695.9,544.3,532,742.3,644.3,363.9,344.3,583.5
Austin,25,97000,Simple Assault,734,846,728,749,576,843,737,734,761,2308,769.3,-13.6,-9.7,4.5,-1,869.1,759.8,756.7,772.2,756.7,872.2,750.5,784.5,793.1
Austin,25,97000,Simple Battery,2024,2281,2097,1927,1623,2864,2451,2062,2129,6402,2134,-26.8,-25.7,1.5,-0,2952.6,2526.8,2125.8,1986.6,2086.6,2351.5,2161.9,2194.8,2200
Austin,25,97000,Stolen Property,1,6,6,2,1,4,1,1,2,13,4.3,50,-50,-66.7,-53,4.1,1,1,2.1,1,6.2,6.2,2.1,4.4
Austin,25,97000,Theft,1152,1412,1494,1192,895,1779,1151,1031,1190,4058,1352.7,-16,-33.1,-20.3,-12,1834,1186.6,1062.9,1228.9,1187.6,1455.7,1540.2,1226.8,1394.5
Austin,25,97000,Theft Over $500,710,659,473,635,314,571,461,496,413,1842,614,-17.2,-27.7,-12.7,-33,588.7,475.3,511.3,654.6,732,679.4,487.6,425.8,633
Austin,25,97000,Vandalism,1451,1364,1224,1477,1008,1482,1453,1446,1266,4039,1346.3,-17.4,-14.6,3.4,-6,1527.8,1497.9,1490.7,1522.7,1495.9,1406.2,1261.9,1305.2,1387.9
Austin,25,97000,Weapons Violation,597,501,326,562,264,435,598,682,321,1424,474.7,-25.1,-26.2,-1.5,-32,448.5,616.5,703.1,579.4,615.5,516.5,336.1,330.9,489.4
West Garfield Park,26,17000,Aggravated Assault,130,149,122,123,81,121,144,153,103,401,133.7,0.8,-14.9,-15.6,-23,711.8,847.1,900,723.5,764.7,876.5,717.6,605.9,786.5
West Garfield Park,26,17000,Aggravated Battery,228,207,182,236,142,306,344,312,176,617,205.7,-40.5,-42.5,-3.3,-14,1800,2023.5,1835.3,1388.2,1341.2,1217.6,1070.6,1035.3,1210
West Garfield Park,26,17000,Arson,13,9,5,15,6,10,18,22,7,27,9,-50,-30,40,-22,58.8,105.9,129.4,88.2,76.5,52.9,29.4,41.2,52.9
West Garfield Park,26,17000,Burglary,62,71,78,77,69,112,106,69,88,211,70.3,-30.4,-21.4,12.8,25,658.8,623.5,405.9,452.9,364.7,417.6,458.8,517.6,413.5
West Garfield Park,26,17000,Criminal Sexual Abuse,12,12,10,17,16,16,12,8,19,34,11.3,-37.5,18.8,90,68,94.1,70.6,47.1,100,70.6,70.6,58.8,111.8,66.5
West Garfield Park,26,17000,Criminal Sexual Assault,23,24,36,29,10,41,36,30,25,83,27.7,-12.2,-39,-30.6,-10,241.2,211.8,176.5,170.6,135.3,141.2,211.8,147.1,162.9
West Garfield Park,26,17000,Disorderly Conduct,24,26,36,27,33,135,52,20,41,86,28.7,-73.3,-69.6,13.9,43,794.1,305.9,117.6,158.8,141.2,152.9,211.8,241.2,168.8
West Garfield Park,26,17000,Drug Abuse,419,486,423,437,411,1497,769,715,485,1328,442.7,-71.7,-67.6,14.7,10,8805.9,4523.5,4205.9,2570.6,2464.7,2858.8,2488.2,2852.9,2604.1
West Garfield Park,26,17000,Embezzlement,0,0,1,0,0,0,0,0,0,1,0.3,NA,NA,-100,-100,0,0,0,0,0,0,5.9,0,1.8
West Garfield Park,26,17000,Forgery & Counterfeiting,10,13,8,11,2,14,7,7,3,31,10.3,-42.9,-78.6,-62.5,-71,82.4,41.2,41.2,64.7,58.8,76.5,47.1,17.6,60.6
West Garfield Park,26,17000,Fraud,141,95,103,115,59,221,156,133,75,339,113,-53.4,-66.1,-27.2,-34,1300,917.6,782.4,676.5,829.4,558.8,605.9,441.2,664.7
West Garfield Park,26,17000,Gambling,0,0,0,0,0,17,2,0,0,0,0,-100,-100,NA,NA,100,11.8,0,0,0,0,0,0,0
West Garfield Park,26,17000,Human Trafficking,0,0,0,0,0,1,0,0,0,0,0,-100,-100,NA,NA,5.9,0,0,0,0,0,0,0,0
West Garfield Park,26,17000,Involuntary Manslaughter,1,0,0,0,0,1,0,0,0,1,0.3,-100,-100,NA,-100,5.9,0,0,0,5.9,0,0,0,1.8
West Garfield Park,26,17000,Liquor License,1,3,0,4,1,3,0,5,1,4,1.3,-100,-66.7,NA,-23,17.6,0,29.4,23.5,5.9,17.6,0,5.9,7.6
West Garfield Park,26,17000,Misc Non-Index Offense,340,335,254,312,221,642,421,309,279,929,309.7,-60.4,-56.5,9.8,-10,3776.5,2476.5,1817.6,1835.3,2000,1970.6,1494.1,1641.2,1821.8
West Garfield Park,26,17000,Motor Vehicle Theft,363,269,204,338,211,188,229,194,269,836,278.7,8.5,43.1,31.9,-3,1105.9,1347.1,1141.2,1988.2,2135.3,1582.4,1200,1582.4,1639.4
West Garfield Park,26,17000,Murder,29,17,14,28,21,23,39,38,27,60,20,-39.1,17.4,92.9,35,135.3,229.4,223.5,164.7,170.6,100,82.4,158.8,117.6
West Garfield Park,26,17000,Obscenity,0,0,0,0,0,0,0,0,0,0,0,NA,NA,NA,NA,0,0,0,0,0,0,0,0,0
West Garfield Park,26,17000,Offenses Against Family,10,9,12,12,10,23,11,19,13,31,10.3,-47.8,-43.5,8.3,26,135.3,64.7,111.8,70.6,58.8,52.9,70.6,76.5,60.6
West Garfield Park,26,17000,Prostitution,52,53,12,108,16,250,114,42,18,117,39,-95.2,-92.8,50,-54,1470.6,670.6,247.1,635.3,305.9,311.8,70.6,105.9,229.4
West Garfield Park,26,17000,Robbery,234,179,150,226,87,256,313,207,111,563,187.7,-41.4,-56.6,-26,-41,1505.9,1841.2,1217.6,1329.4,1376.5,1052.9,882.4,652.9,1104.1
West Garfield Park,26,17000,Simple Assault,245,248,217,208,154,225,221,217,206,710,236.7,-3.6,-8.4,-5.1,-13,1323.5,1300,1276.5,1223.5,1441.2,1458.8,1276.5,1211.8,1392.4
West Garfield Park,26,17000,Simple Battery,623,606,593,549,384,889,700,579,524,1822,607.3,-33.3,-41.1,-11.6,-14,5229.4,4117.6,3405.9,3229.4,3664.7,3564.7,3488.2,3082.4,3572.4
West Garfield Park,26,17000,Stolen Property,1,4,2,4,1,1,0,0,2,7,2.3,100,100,0,-13,5.9,0,0,23.5,5.9,23.5,11.8,11.8,13.5
West Garfield Park,26,17000,Theft,265,225,248,292,179,455,345,267,252,738,246,-45.5,-44.6,1.6,2,2676.5,2029.4,1570.6,1717.6,1558.8,1323.5,1458.8,1482.4,1447.1
West Garfield Park,26,17000,Theft Over $500,162,117,107,132,99,133,130,124,135,386,128.7,-19.5,1.5,26.2,5,782.4,764.7,729.4,776.5,952.9,688.2,629.4,794.1,757.1
West Garfield Park,26,17000,Vandalism,395,418,344,417,271,421,494,493,347,1157,385.7,-18.3,-17.6,0.9,-10,2476.5,2905.9,2900,2452.9,2323.5,2458.8,2023.5,2041.2,2268.8
West Garfield Park,26,17000,Weapons Violation,228,203,155,311,142,229,315,359,170,586,195.3,-32.3,-25.8,9.7,-13,1347.1,1852.9,2111.8,1829.4,1341.2,1194.1,911.8,1000,1148.8
East Garfield Park,27,20000,Aggravated Assault,165,135,147,144,100,115,107,134,134,447,149,27.8,16.5,-8.8,-10,575,535,670,720,825,675,735,670,745
East Garfield Park,27,20000,Aggravated Battery,208,198,160,183,124,215,227,217,165,566,188.7,-25.6,-23.3,3.1,-13,1075,1135,1085,915,1040,990,800,825,943.5
East Garfield Park,27,20000,Arson,6,6,2,9,8,7,10,8,9,14,4.7,-71.4,28.6,350,91,35,50,40,45,30,30,10,45,23.5
East Garfield Park,27,20000,Burglary,78,103,95,95,106,116,100,77,132,276,92,-18.1,13.8,38.9,43,580,500,385,475,390,515,475,660,460
East Garfield Park,27,20000,Criminal Sexual Abuse,17,19,25,23,18,16,7,8,25,61,20.3,56.2,56.2,0,23,80,35,40,115,85,95,125,125,101.5
East Garfield Park,27,20000,Criminal Sexual Assault,34,35,36,29,23,21,23,34,33,105,35,71.4,57.1,-8.3,-6,105,115,170,145,170,175,180,165,175
East Garfield Park,27,20000,Disorderly Conduct,25,32,20,18,24,64,32,19,27,77,25.7,-68.8,-57.8,35,5,320,160,95,90,125,160,100,135,128.5
East Garfield Park,27,20000,Drug Abuse,211,182,503,184,101,599,403,345,271,896,298.7,-16,-54.8,-46.1,-9,2995,2015,1725,920,1055,910,2515,1355,1493.5
East Garfield Park,27,20000,Embezzlement,0,0,0,0,0,0,0,0,0,0,0,NA,NA,NA,NA,0,0,0,0,0,0,0,0,0
East Garfield Park,27,20000,Forgery & Counterfeiting,7,10,22,17,3,15,12,5,9,39,13,46.7,-40,-59.1,-31,75,60,25,85,35,50,110,45,65
East Garfield Park,27,20000,Fraud,143,114,122,117,77,156,143,157,107,379,126.3,-21.8,-31.4,-12.3,-15,780,715,785,585,715,570,610,535,631.5
East Garfield Park,27,20000,Gambling,0,0,0,1,0,5,4,0,0,0,0,-100,-100,NA,NA,25,20,0,5,0,0,0,0,0
East Garfield Park,27,20000,Human Trafficking,0,0,1,1,0,0,0,0,0,1,0.3,NA,NA,-100,-100,0,0,0,5,0,0,5,0,1.5
East Garfield Park,27,20000,Involuntary Manslaughter,0,0,0,0,0,0,2,0,0,0,0,NA,NA,NA,NA,0,10,0,0,0,0,0,0,0
East Garfield Park,27,20000,Liquor License,1,0,0,1,0,5,1,1,0,1,0.3,-100,-100,NA,-100,25,5,5,5,5,0,0,0,1.5
East Garfield Park,27,20000,Misc Non-Index Offense,345,400,384,340,280,501,304,307,365,1129,376.3,-23.4,-27.1,-4.9,-3,2505,1520,1535,1700,1725,2000,1920,1825,1881.5
East Garfield Park,27,20000,Motor Vehicle Theft,525,270,251,372,225,189,186,173,293,1046,348.7,32.8,55,16.7,-16,945,930,865,1860,2625,1350,1255,1465,1743.5
East Garfield Park,27,20000,Murder,25,17,12,19,11,17,24,31,13,54,18,-29.4,-23.5,8.3,-28,85,120,155,95,125,85,60,65,90
East Garfield Park,27,20000,Obscenity,0,0,0,0,0,0,0,0,0,0,0,NA,NA,NA,NA,0,0,0,0,0,0,0,0,0
East Garfield Park,27,20000,Offenses Against Family,15,9,9,15,4,12,13,7,5,33,11,-25,-58.3,-44.4,-55,60,65,35,75,75,45,45,25,55
East Garfield Park,27,20000,Prostitution,2,0,0,3,1,11,7,3,1,2,0.7,-100,-90.9,NA,43,55,35,15,15,10,0,0,5,3.5
East Garfield Park,27,20000,Robbery,226,177,121,135,71,205,185,151,93,524,174.7,-41,-54.6,-23.1,-47,1025,925,755,675,1130,885,605,465,873.5
East Garfield Park,27,20000,Simple Assault,305,304,282,243,174,304,208,273,242,891,297,-7.2,-20.4,-14.2,-19,1520,1040,1365,1215,1525,1520,1410,1210,1485
East Garfield Park,27,20000,Simple Battery,673,722,619,620,433,834,642,623,586,2014,671.3,-25.8,-29.7,-5.3,-13,4170,3210,3115,3100,3365,3610,3095,2930,3356.5
East Garfield Park,27,20000,Stolen Property,3,1,0,2,0,1,0,1,0,4,1.3,-100,-100,NA,-100,5,0,5,10,15,5,0,0,6.5
East Garfield Park,27,20000,Theft,375,384,312,361,253,489,335,309,337,1071,357,-36.2,-31.1,8,-6,2445,1675,1545,1805,1875,1920,1560,1685,1785
East Garfield Park,27,20000,Theft Over $500,214,167,150,191,124,205,137,147,167,531,177,-26.8,-18.5,11.3,-6,1025,685,735,955,1070,835,750,835,885
East Garfield Park,27,20000,Vandalism,480,416,390,498,336,390,417,467,413,1286,428.7,0,5.9,5.9,-4,1950,2085,2335,2490,2400,2080,1950,2065,2143.5
East Garfield Park,27,20000,Weapons Violation,154,171,116,186,106,171,211,232,131,441,147,-32.2,-23.4,12.9,-11,855,1055,1160,930,770,855,580,655,735
Near West Side,28,68000,Aggravated Assault,213,265,219,188,165,165,142,161,218,697,232.3,32.7,32.1,-0.5,-6,242.6,208.8,236.8,276.5,313.2,389.7,322.1,320.6,341.6
Near West Side,28,68000,Aggravated Battery,230,268,226,210,171,189,194,191,217,724,241.3,19.6,14.8,-4,-10,277.9,285.3,280.9,308.8,338.2,394.1,332.4,319.1,354.9
Near West Side,28,68000,Arson,12,10,10,17,5,7,8,7,6,32,10.7,42.9,-14.3,-40,-44,10.3,11.8,10.3,25,17.6,14.7,14.7,8.8,15.7
Near West Side,28,68000,Burglary,242,341,482,191,659,209,240,129,789,1065,355,130.6,277.5,63.7,122,307.4,352.9,189.7,280.9,355.9,501.5,708.8,1160.3,522.1
Near West Side,28,68000,Criminal Sexual Abuse,61,42,55,40,35,54,33,38,49,158,52.7,1.9,-9.3,-10.9,-7,79.4,48.5,55.9,58.8,89.7,61.8,80.9,72.1,77.5
Near West Side,28,68000,Criminal Sexual Assault,75,84,87,58,61,63,33,45,81,246,82,38.1,28.6,-6.9,-1,92.6,48.5,66.2,85.3,110.3,123.5,127.9,119.1,120.6
Near West Side,28,68000,Disorderly Conduct,33,54,39,21,66,60,29,19,74,126,42,-35,23.3,89.7,76,88.2,42.6,27.9,30.9,48.5,79.4,57.4,108.8,61.8
Near West Side,28,68000,Drug Abuse,72,128,137,91,71,175,85,62,101,337,112.3,-21.7,-42.3,-26.3,-10,257.4,125,91.2,133.8,105.9,188.2,201.5,148.5,165.1
Near West Side,28,68000,Embezzlement,7,2,0,5,2,2,2,4,2,9,3,-100,0,NA,-33,2.9,2.9,5.9,7.4,10.3,2.9,0,2.9,4.4
Near West Side,28,68000,Forgery & Counterfeiting,79,53,37,134,22,102,59,47,29,169,56.3,-63.7,-71.6,-21.6,-48,150,86.8,69.1,197.1,116.2,77.9,54.4,42.6,82.8
Near West Side,28,68000,Fraud,669,723,679,601,476,763,572,524,648,2071,690.3,-11,-15.1,-4.6,-6,1122.1,841.2,770.6,883.8,983.8,1063.2,998.5,952.9,1015.1
Near West Side,28,68000,Gambling,0,1,0,0,0,4,0,0,0,1,0.3,-100,-100,NA,-100,5.9,0,0,0,0,1.5,0,0,0.4
Near West Side,28,68000,Human Trafficking,1,0,0,0,0,0,0,1,0,1,0.3,NA,NA,NA,-100,0,0,1.5,0,1.5,0,0,0,0.4
Near West Side,28,68000,Involuntary Manslaughter,0,0,0,0,0,0,1,0,0,0,0,NA,NA,NA,NA,0,1.5,0,0,0,0,0,0,0
Near West Side,28,68000,Liquor License,8,10,16,9,21,13,5,7,28,34,11.3,23.1,115.4,75,148,19.1,7.4,10.3,13.2,11.8,14.7,23.5,41.2,16.6
Near West Side,28,68000,Misc Non-Index Offense,853,923,927,776,716,935,568,560,953,2703,901,-0.9,1.9,2.8,6,1375,835.3,823.5,1141.2,1254.4,1357.4,1363.2,1401.5,1325
Near West Side,28,68000,Motor Vehicle Theft,1159,889,875,802,693,310,418,470,949,2923,974.3,182.3,206.1,8.5,-3,455.9,614.7,691.2,1179.4,1704.4,1307.4,1286.8,1395.6,1432.8
Near West Side,28,68000,Murder,16,16,20,18,6,8,10,21,10,52,17.3,150,25,-50,-42,11.8,14.7,30.9,26.5,23.5,23.5,29.4,14.7,25.4
Near West Side,28,68000,Obscenity,0,1,3,0,0,0,0,0,1,4,1.3,NA,NA,-66.7,-23,0,0,0,0,0,1.5,4.4,1.5,1.9
Near West Side,28,68000,Offenses Against Family,8,14,27,13,10,26,13,16,19,49,16.3,3.8,-26.9,-29.6,17,38.2,19.1,23.5,19.1,11.8,20.6,39.7,27.9,24
Near West Side,28,68000,Prostitution,5,2,3,0,0,0,4,3,0,10,3.3,NA,NA,-100,-100,0,5.9,4.4,0,7.4,2.9,4.4,0,4.9
Near West Side,28,68000,Robbery,499,424,217,364,153,300,274,315,195,1140,380,-27.7,-35,-10.1,-49,441.2,402.9,463.2,535.3,733.8,623.5,319.1,286.8,558.8
Near West Side,28,68000,Simple Assault,586,663,703,496,467,524,351,423,649,1952,650.7,34.2,23.9,-7.7,-0,770.6,516.2,622.1,729.4,861.8,975,1033.8,954.4,956.9
Near West Side,28,68000,Simple Battery,1204,1283,1261,1024,923,1143,846,899,1258,3748,1249.3,10.3,10.1,-0.2,1,1680.9,1244.1,1322.1,1505.9,1770.6,1886.8,1854.4,1850,1837.2
Near West Side,28,68000,Stolen Property,5,3,2,3,6,3,3,1,7,10,3.3,-33.3,133.3,250,112,4.4,4.4,1.5,4.4,7.4,4.4,2.9,10.3,4.9
Near West Side,28,68000,Theft,2007,2372,2178,2009,1507,2456,1350,1380,2056,6557,2185.7,-11.3,-16.3,-5.6,-6,3611.8,1985.3,2029.4,2954.4,2951.5,3488.2,3202.9,3023.5,3214.3
Near West Side,28,68000,Theft Over $500,1168,1040,873,1367,556,1018,531,775,764,3081,1027,-14.2,-25,-12.5,-26,1497.1,780.9,1139.7,2010.3,1717.6,1529.4,1283.8,1123.5,1510.3
Near West Side,28,68000,Vandalism,1054,1205,1088,948,899,753,635,719,1155,3347,1115.7,44.5,53.4,6.2,4,1107.4,933.8,1057.4,1394.1,1550,1772.1,1600,1698.5,1640.7
Near West Side,28,68000,Weapons Violation,158,164,163,157,133,90,113,116,161,485,161.7,81.1,78.9,-1.2,-0,132.4,166.2,170.6,230.9,232.4,241.2,239.7,236.8,237.8
North Lawndale,29,35000,Aggravated Assault,270,306,211,240,153,235,260,275,197,787,262.3,-10.2,-16.2,-6.6,-25,671.4,742.9,785.7,685.7,771.4,874.3,602.9,562.9,749.4
North Lawndale,29,35000,Aggravated Battery,402,383,294,362,200,388,481,421,274,1079,359.7,-24.2,-29.4,-6.8,-24,1108.6,1374.3,1202.9,1034.3,1148.6,1094.3,840,782.9,1027.7
North Lawndale,29,35000,Arson,18,18,12,17,12,16,23,24,14,48,16,-25,-12.5,16.7,-12,45.7,65.7,68.6,48.6,51.4,51.4,34.3,40,45.7
North Lawndale,29,35000,Burglary,124,131,117,104,114,204,158,137,148,372,124,-42.6,-27.5,26.5,19,582.9,451.4,391.4,297.1,354.3,374.3,334.3,422.9,354.3
North Lawndale,29,35000,Criminal Sexual Abuse,32,30,30,26,23,44,27,25,28,92,30.7,-31.8,-36.4,-6.7,-9,125.7,77.1,71.4,74.3,91.4,85.7,85.7,80,87.7
North Lawndale,29,35000,Criminal Sexual Assault,78,64,51,57,35,45,48,52,48,193,64.3,13.3,6.7,-5.9,-25,128.6,137.1,148.6,162.9,222.9,182.9,145.7,137.1,183.7
North Lawndale,29,35000,Disorderly Conduct,40,42,68,15,65,108,50,27,76,150,50,-37,-29.6,11.8,52,308.6,142.9,77.1,42.9,114.3,120,194.3,217.1,142.9
North Lawndale,29,35000,Drug Abuse,419,433,805,380,370,1819,525,349,542,1657,552.3,-55.7,-70.2,-32.7,-2,5197.1,1500,997.1,1085.7,1197.1,1237.1,2300,1548.6,1578
North Lawndale,29,35000,Embezzlement,0,1,0,2,0,0,0,0,0,1,0.3,NA,NA,NA,-100,0,0,0,5.7,0,2.9,0,0,0.9
North Lawndale,29,35000,Forgery & Counterfeiting,15,9,18,12,12,31,19,8,13,42,14,-41.9,-58.1,-27.8,-7,88.6,54.3,22.9,34.3,42.9,25.7,51.4,37.1,40
North Lawndale,29,35000,Fraud,254,187,208,235,128,292,292,298,183,649,216.3,-28.8,-37.3,-12,-15,834.3,834.3,851.4,671.4,725.7,534.3,594.3,522.9,618
North Lawndale,29,35000,Gambling,0,0,0,1,2,33,4,0,2,0,0,-100,-93.9,NA,NA,94.3,11.4,0,2.9,0,0,0,5.7,0
North Lawndale,29,35000,Human Trafficking,0,3,1,3,0,1,0,1,0,4,1.3,0,-100,-100,-100,2.9,0,2.9,8.6,0,8.6,2.9,0,3.7
North Lawndale,29,35000,Involuntary Manslaughter,0,0,0,0,0,0,1,0,0,0,0,NA,NA,NA,NA,0,2.9,0,0,0,0,0,0,0
North Lawndale,29,35000,Liquor License,9,7,4,3,3,9,1,3,6,20,6.7,-55.6,-33.3,50,-10,25.7,2.9,8.6,8.6,25.7,20,11.4,17.1,19.1
North Lawndale,29,35000,Misc Non-Index Offense,672,631,858,718,447,1082,879,894,630,2161,720.3,-20.7,-41.8,-26.6,-13,3091.4,2511.4,2554.3,2051.4,1920,1802.9,2451.4,1800,2058
North Lawndale,29,35000,Motor Vehicle Theft,666,409,325,524,304,287,336,295,399,1400,466.7,13.2,39,22.8,-15,820,960,842.9,1497.1,1902.9,1168.6,928.6,1140,1333.4
North Lawndale,29,35000,Murder,28,28,19,28,9,24,39,45,14,75,25,-20.8,-41.7,-26.3,-44,68.6,111.4,128.6,80,80,80,54.3,40,71.4
North Lawndale,29,35000,Obscenity,0,1,0,0,0,0,0,0,0,1,0.3,NA,NA,NA,-100,0,0,0,0,0,2.9,0,0,0.9
North Lawndale,29,35000,Offenses Against Family,36,26,18,25,14,57,32,22,18,80,26.7,-68.4,-68.4,0,-33,162.9,91.4,62.9,71.4,102.9,74.3,51.4,51.4,76.3
North Lawndale,29,35000,Prostitution,2,5,0,13,4,14,4,5,4,7,2.3,-100,-71.4,NA,74,40,11.4,14.3,37.1,5.7,14.3,0,11.4,6.6
North Lawndale,29,35000,Robbery,296,312,179,297,116,339,371,299,162,787,262.3,-47.2,-52.2,-9.5,-38,968.6,1060,854.3,848.6,845.7,891.4,511.4,462.9,749.4
North Lawndale,29,35000,Simple Assault,436,459,444,367,326,459,388,390,428,1339,446.3,-3.3,-6.8,-3.6,-4,1311.4,1108.6,1114.3,1048.6,1245.7,1311.4,1268.6,1222.9,1275.1
North Lawndale,29,35000,Simple Battery,1202,1224,1118,1130,869,1442,1309,1026,1139,3544,1181.3,-22.5,-21,1.9,-4,4120,3740,2931.4,3228.6,3434.3,3497.1,3194.3,3254.3,3375.1
North Lawndale,29,35000,Stolen Property,2,0,0,1,2,1,2,0,2,2,0.7,-100,100,NA,186,2.9,5.7,0,2.9,5.7,0,0,5.7,2
North Lawndale,29,35000,Theft,619,561,489,629,357,717,545,524,508,1669,556.3,-31.8,-29.1,3.9,-9,2048.6,1557.1,1497.1,1797.1,1768.6,1602.9,1397.1,1451.4,1589.4
North Lawndale,29,35000,Theft Over $500,277,265,246,306,186,236,216,274,256,788,262.7,4.2,8.5,4.1,-3,674.3,617.1,782.9,874.3,791.4,757.1,702.9,731.4,750.6
North Lawndale,29,35000,Vandalism,857,800,625,823,462,781,759,785,626,2282,760.7,-20,-19.8,0.2,-18,2231.4,2168.6,2242.9,2351.4,2448.6,2285.7,1785.7,1788.6,2173.4
North Lawndale,29,35000,Weapons Violation,397,281,277,461,260,357,453,485,307,955,318.3,-22.4,-14,10.8,-4,1020,1294.3,1385.7,1317.1,1134.3,802.9,791.4,877.1,909.4
Uptown,3,57000,Aggravated Assault,107,112,74,77,58,65,58,86,68,293,97.7,13.8,4.6,-8.1,-30,114,101.8,150.9,135.1,187.7,196.5,129.8,119.3,171.4
Uptown,3,57000,Aggravated Battery,103,127,89,72,79,85,78,78,94,319,106.3,4.7,10.6,5.6,-12,149.1,136.8,136.8,126.3,180.7,222.8,156.1,164.9,186.5
Uptown,3,57000,Arson,2,3,6,4,2,2,4,7,2,11,3.7,200,0,-66.7,-46,3.5,7,12.3,7,3.5,5.3,10.5,3.5,6.5
Uptown,3,57000,Burglary,163,177,217,131,247,110,113,98,295,557,185.7,97.3,168.2,35.9,59,193,198.2,171.9,229.8,286,310.5,380.7,517.5,325.8
Uptown,3,57000,Criminal Sexual Abuse,36,37,43,27,28,30,18,26,39,116,38.7,43.3,30,-9.3,1,52.6,31.6,45.6,47.4,63.2,64.9,75.4,68.4,67.9
Uptown,3,57000,Criminal Sexual Assault,45,50,50,49,40,37,29,36,47,145,48.3,35.1,27,-6,-3,64.9,50.9,63.2,86,78.9,87.7,87.7,82.5,84.7
Uptown,3,57000,Disorderly Conduct,20,14,8,10,18,19,19,7,18,42,14,-57.9,-5.3,125,29,33.3,33.3,12.3,17.5,35.1,24.6,14,31.6,24.6
Uptown,3,57000,Drug Abuse,39,25,44,22,37,46,31,15,54,108,36,-4.3,17.4,22.7,50,80.7,54.4,26.3,38.6,68.4,43.9,77.2,94.7,63.2
Uptown,3,57000,Embezzlement,0,2,0,1,0,2,0,0,0,2,0.7,-100,-100,NA,-100,3.5,0,0,1.8,0,3.5,0,0,1.2
Uptown,3,57000,Forgery & Counterfeiting,16,13,17,20,7,37,27,14,11,46,15.3,-54.1,-70.3,-35.3,-28,64.9,47.4,24.6,35.1,28.1,22.8,29.8,19.3,26.8
Uptown,3,57000,Fraud,394,352,327,345,196,395,377,362,265,1073,357.7,-17.2,-32.9,-19,-26,693,661.4,635.1,605.3,691.2,617.5,573.7,464.9,627.5
Uptown,3,57000,Gambling,0,0,0,0,0,1,0,0,0,0,0,-100,-100,NA,NA,1.8,0,0,0,0,0,0,0,0
Uptown,3,57000,Human Trafficking,0,0,1,0,2,0,0,0,3,1,0.3,NA,NA,200,900,0,0,0,0,0,0,1.8,5.3,0.5
Uptown,3,57000,Involuntary Manslaughter,0,0,0,0,0,0,0,0,0,0,0,NA,NA,NA,NA,0,0,0,0,0,0,0,0,0
Uptown,3,57000,Liquor License,4,2,0,0,0,0,1,3,0,6,2,NA,NA,NA,-100,0,1.8,5.3,0,7,3.5,0,0,3.5
Uptown,3,57000,Misc Non-Index Offense,365,359,318,319,277,321,225,309,354,1042,347.3,-0.9,10.3,11.3,2,563.2,394.7,542.1,559.6,640.4,629.8,557.9,621.1,609.3
Uptown,3,57000,Motor Vehicle Theft,352,263,189,217,143,84,111,93,194,804,268,125,131,2.6,-28,147.4,194.7,163.2,380.7,617.5,461.4,331.6,340.4,470.2
Uptown,3,57000,Murder,3,2,2,10,2,0,6,2,2,7,2.3,NA,NA,0,-13,0,10.5,3.5,17.5,5.3,3.5,3.5,3.5,4
Uptown,3,57000,Obscenity,0,0,0,0,1,0,0,0,1,0,0,NA,NA,NA,NA,0,0,0,0,0,0,0,1.8,0
Uptown,3,57000,Offenses Against Family,9,7,7,7,4,9,13,8,5,23,7.7,-22.2,-44.4,-28.6,-35,15.8,22.8,14,12.3,15.8,12.3,12.3,8.8,13.5
Uptown,3,57000,Prostitution,0,1,1,1,0,2,0,1,0,2,0.7,-50,-100,-100,-100,3.5,0,1.8,1.8,0,1.8,1.8,0,1.2
Uptown,3,57000,Robbery,111,114,76,113,48,75,100,102,64,301,100.3,1.3,-14.7,-15.8,-36,131.6,175.4,178.9,198.2,194.7,200,133.3,112.3,176
Uptown,3,57000,Simple Assault,343,275,308,232,224,209,189,244,293,926,308.7,47.4,40.2,-4.9,-5,366.7,331.6,428.1,407,601.8,482.5,540.4,514,541.6
Uptown,3,57000,Simple Battery,655,705,696,567,423,586,449,576,592,2056,685.3,18.8,1,-14.9,-14,1028.1,787.7,1010.5,994.7,1149.1,1236.8,1221.1,1038.6,1202.3
Uptown,3,57000,Stolen Property,1,0,0,0,1,0,0,0,1,1,0.3,NA,NA,NA,233,0,0,0,0,1.8,0,0,1.8,0.5
Uptown,3,57000,Theft,878,990,945,786,719,770,645,603,952,2813,937.7,22.7,23.6,0.7,2,1350.9,1131.6,1057.9,1378.9,1540.4,1736.8,1657.9,1670.2,1645.1
Uptown,3,57000,Theft Over $500,475,447,350,471,253,170,169,222,328,1272,424,105.9,92.9,-6.3,-23,298.2,296.5,389.5,826.3,833.3,784.2,614,575.4,743.9
Uptown,3,57000,Vandalism,456,393,370,368,310,282,270,292,419,1219,406.3,31.2,48.6,13.2,3,494.7,473.7,512.3,645.6,800,689.5,649.1,735.1,712.8
Uptown,3,57000,Weapons Violation,36,35,32,38,21,35,28,31,23,103,34.3,-8.6,-34.3,-28.1,-33,61.4,49.1,54.4,66.7,63.2,61.4,56.1,40.4,60.2
South Lawndale,30,71000,Aggravated Assault,173,185,145,139,80,113,130,139,119,503,167.7,28.3,5.3,-17.9,-29,159.2,183.1,195.8,195.8,243.7,260.6,204.2,167.6,236.2
South Lawndale,30,71000,Aggravated Battery,202,193,140,187,110,180,179,179,147,535,178.3,-22.2,-18.3,5,-18,253.5,252.1,252.1,263.4,284.5,271.8,197.2,207,251.1
South Lawndale,30,71000,Arson,21,14,6,11,4,6,12,17,5,41,13.7,0,-16.7,-16.7,-64,8.5,16.9,23.9,15.5,29.6,19.7,8.5,7,19.3
South Lawndale,30,71000,Burglary,81,61,104,82,86,136,116,71,115,246,82,-23.5,-15.4,10.6,40,191.5,163.4,100,115.5,114.1,85.9,146.5,162,115.5
South Lawndale,30,71000,Criminal Sexual Abuse,28,31,32,33,27,46,36,29,32,91,30.3,-30.4,-30.4,0,6,64.8,50.7,40.8,46.5,39.4,43.7,45.1,45.1,42.7
South Lawndale,30,71000,Criminal Sexual Assault,29,43,34,44,20,39,33,31,28,106,35.3,-12.8,-28.2,-17.6,-21,54.9,46.5,43.7,62,40.8,60.6,47.9,39.4,49.7
South Lawndale,30,71000,Disorderly Conduct,32,34,54,13,38,136,34,10,47,120,40,-60.3,-65.4,-13,18,191.5,47.9,14.1,18.3,45.1,47.9,76.1,66.2,56.3
South Lawndale,30,71000,Drug Abuse,61,60,126,55,72,303,104,38,98,247,82.3,-58.4,-67.7,-22.2,19,426.8,146.5,53.5,77.5,85.9,84.5,177.5,138,115.9
South Lawndale,30,71000,Embezzlement,0,2,0,0,0,2,0,0,0,2,0.7,-100,-100,NA,-100,2.8,0,0,0,0,2.8,0,0,1
South Lawndale,30,71000,Forgery & Counterfeiting,15,15,16,24,7,21,18,7,13,46,15.3,-23.8,-38.1,-18.8,-15,29.6,25.4,9.9,33.8,21.1,21.1,22.5,18.3,21.5
South Lawndale,30,71000,Fraud,222,179,165,218,124,179,205,215,158,566,188.7,-7.8,-11.7,-4.2,-16,252.1,288.7,302.8,307,312.7,252.1,232.4,222.5,265.8
South Lawndale,30,71000,Gambling,0,0,0,0,0,0,0,0,0,0,0,NA,NA,NA,NA,0,0,0,0,0,0,0,0,0
South Lawndale,30,71000,Human Trafficking,2,1,0,0,0,0,0,0,0,3,1,NA,NA,NA,-100,0,0,0,0,2.8,1.4,0,0,1.4
South Lawndale,30,71000,Involuntary Manslaughter,0,1,0,1,0,0,0,0,0,1,0.3,NA,NA,NA,-100,0,0,0,1.4,0,1.4,0,0,0.4
South Lawndale,30,71000,Liquor License,3,3,5,1,2,15,3,3,2,11,3.7,-66.7,-86.7,-60,-46,21.1,4.2,4.2,1.4,4.2,4.2,7,2.8,5.2
South Lawndale,30,71000,Misc Non-Index Offense,368,388,485,354,279,429,349,270,398,1241,413.7,13.1,-7.2,-17.9,-4,604.2,491.5,380.3,498.6,518.3,546.5,683.1,560.6,582.7
South Lawndale,30,71000,Motor Vehicle Theft,383,231,186,214,118,211,179,149,180,800,266.7,-11.8,-14.7,-3.2,-33,297.2,252.1,209.9,301.4,539.4,325.4,262,253.5,375.6
South Lawndale,30,71000,Murder,12,23,13,22,11,14,22,20,17,48,16,-7.1,21.4,30.8,6,19.7,31,28.2,31,16.9,32.4,18.3,23.9,22.5
South Lawndale,30,71000,Obscenity,0,0,0,0,0,0,0,0,0,0,0,NA,NA,NA,NA,0,0,0,0,0,0,0,0,0
South Lawndale,30,71000,Offenses Against Family,18,18,12,30,9,47,28,20,10,48,16,-74.5,-78.7,-16.7,-38,66.2,39.4,28.2,42.3,25.4,25.4,16.9,14.1,22.5
South Lawndale,30,71000,Prostitution,3,0,0,1,1,6,3,2,1,3,1,-100,-83.3,NA,0,8.5,4.2,2.8,1.4,4.2,0,0,1.4,1.4
South Lawndale,30,71000,Robbery,310,239,124,194,45,144,123,144,80,673,224.3,-13.9,-44.4,-35.5,-64,202.8,173.2,202.8,273.2,436.6,336.6,174.6,112.7,315.9
South Lawndale,30,71000,Simple Assault,280,297,260,222,169,260,203,225,225,837,279,0,-13.5,-13.5,-19,366.2,285.9,316.9,312.7,394.4,418.3,366.2,316.9,393
South Lawndale,30,71000,Simple Battery,729,826,702,673,554,775,660,604,723,2257,752.3,-9.4,-6.7,3,-4,1091.5,929.6,850.7,947.9,1026.8,1163.4,988.7,1018.3,1059.6
South Lawndale,30,71000,Stolen Property,0,1,0,4,2,0,1,0,2,1,0.3,NA,NA,NA,567,0,1.4,0,5.6,0,1.4,0,2.8,0.4
South Lawndale,30,71000,Theft,420,501,425,342,373,564,340,321,488,1346,448.7,-24.6,-13.5,14.8,9,794.4,478.9,452.1,481.7,591.5,705.6,598.6,687.3,632
South Lawndale,30,71000,Theft Over $500,248,236,166,221,129,177,126,134,158,650,216.7,-6.2,-10.7,-4.8,-27,249.3,177.5,188.7,311.3,349.3,332.4,233.8,222.5,305.2
South Lawndale,30,71000,Vandalism,529,478,393,486,295,460,405,470,397,1400,466.7,-14.6,-13.7,1,-15,647.9,570.4,662,684.5,745.1,673.2,553.5,559.2,657.3
South Lawndale,30,71000,Weapons Violation,282,213,143,278,111,190,273,228,138,638,212.7,-24.7,-27.4,-3.5,-35,267.6,384.5,321.1,391.5,397.2,300,201.4,194.4,299.6
Lower West Side,31,34000,Aggravated Assault,94,92,66,96,45,64,72,89,60,252,84,3.1,-6.2,-9.1,-29,188.2,211.8,261.8,282.4,276.5,270.6,194.1,176.5,247.1
Lower West Side,31,34000,Aggravated Battery,92,84,76,93,53,62,69,92,77,252,84,22.6,24.2,1.3,-8,182.4,202.9,270.6,273.5,270.6,247.1,223.5,226.5,247.1
Lower West Side,31,34000,Arson,3,4,5,5,2,6,6,6,4,12,4,-16.7,-33.3,-20,0,17.6,17.6,17.6,14.7,8.8,11.8,14.7,11.8,11.8
Lower West Side,31,34000,Burglary,72,95,137,91,156,84,52,83,195,304,101.3,63.1,132.1,42.3,92,247.1,152.9,244.1,267.6,211.8,279.4,402.9,573.5,297.9
Lower West Side,31,34000,Criminal Sexual Abuse,15,17,28,24,10,30,14,11,24,60,20,-6.7,-20,-14.3,20,88.2,41.2,32.4,70.6,44.1,50,82.4,70.6,58.8
Lower West Side,31,34000,Criminal Sexual Assault,18,11,22,14,25,21,10,24,34,51,17,4.8,61.9,54.5,100,61.8,29.4,70.6,41.2,52.9,32.4,64.7,100,50
Lower West Side,31,34000,Disorderly Conduct,10,19,15,8,13,29,17,7,16,44,14.7,-48.3,-44.8,6.7,9,85.3,50,20.6,23.5,29.4,55.9,44.1,47.1,43.2
Lower West Side,31,34000,Drug Abuse,20,26,23,31,8,68,39,26,12,69,23,-66.2,-82.4,-47.8,-48,200,114.7,76.5,91.2,58.8,76.5,67.6,35.3,67.6
Lower West Side,31,34000,Embezzlement,2,0,2,0,1,0,0,2,1,4,1.3,NA,NA,-50,-23,0,0,5.9,0,5.9,0,5.9,2.9,3.8
Lower West Side,31,34000,Forgery & Counterfeiting,31,13,4,52,9,20,7,13,11,48,16,-80,-45,175,-31,58.8,20.6,38.2,152.9,91.2,38.2,11.8,32.4,47.1
Lower West Side,31,34000,Fraud,172,168,167,169,92,130,146,163,134,507,169,28.5,3.1,-19.8,-21,382.4,429.4,479.4,497.1,505.9,494.1,491.2,394.1,497.1
Lower West Side,31,34000,Gambling,0,0,0,0,0,0,0,0,0,0,0,NA,NA,NA,NA,0,0,0,0,0,0,0,0,0
Lower West Side,31,34000,Human Trafficking,0,0,0,0,0,0,0,0,0,0,0,NA,NA,NA,NA,0,0,0,0,0,0,0,0,0
Lower West Side,31,34000,Involuntary Manslaughter,0,0,0,0,0,0,0,0,0,0,0,NA,NA,NA,NA,0,0,0,0,0,0,0,0,0
Lower West Side,31,34000,Liquor License,2,3,3,3,5,3,5,5,6,8,2.7,0,100,100,122,8.8,14.7,14.7,8.8,5.9,8.8,8.8,17.6,7.9
Lower West Side,31,34000,Misc Non-Index Offense,238,284,247,211,186,224,181,162,263,769,256.3,10.3,17.4,6.5,3,658.8,532.4,476.5,620.6,700,835.3,726.5,773.5,753.8
Lower West Side,31,34000,Motor Vehicle Theft,338,273,183,231,181,89,110,132,230,794,264.7,105.6,158.4,25.7,-13,261.8,323.5,388.2,679.4,994.1,802.9,538.2,676.5,778.5
Lower West Side,31,34000,Murder,7,9,3,9,4,6,10,11,5,19,6.3,-50,-16.7,66.7,-21,17.6,29.4,32.4,26.5,20.6,26.5,8.8,14.7,18.5
Lower West Side,31,34000,Obscenity,0,0,0,0,0,0,0,0,0,0,0,NA,NA,NA,NA,0,0,0,0,0,0,0,0,0
Lower West Side,31,34000,Offenses Against Family,5,11,6,8,5,12,8,11,8,22,7.3,-50,-33.3,33.3,10,35.3,23.5,32.4,23.5,14.7,32.4,17.6,23.5,21.5
Lower West Side,31,34000,Prostitution,1,0,1,0,0,1,0,0,0,2,0.7,0,-100,-100,-100,2.9,0,0,0,2.9,0,2.9,0,2.1
Lower West Side,31,34000,Robbery,262,120,62,114,47,63,65,109,62,444,148,-1.6,-1.6,0,-58,185.3,191.2,320.6,335.3,770.6,352.9,182.4,182.4,435.3
Lower West Side,31,34000,Simple Assault,174,196,212,163,139,134,132,154,201,582,194,58.2,50,-5.2,4,394.1,388.2,452.9,479.4,511.8,576.5,623.5,591.2,570.6
Lower West Side,31,34000,Simple Battery,401,545,464,398,318,391,301,316,427,1410,470,18.7,9.2,-8,-9,1150,885.3,929.4,1170.6,1179.4,1602.9,1364.7,1255.9,1382.4
Lower West Side,31,34000,Stolen Property,1,2,0,0,0,0,1,0,0,3,1,NA,NA,NA,-100,0,2.9,0,0,2.9,5.9,0,0,2.9
Lower West Side,31,34000,Theft,405,541,444,387,347,455,371,306,467,1390,463.3,-2.4,2.6,5.2,1,1338.2,1091.2,900,1138.2,1191.2,1591.2,1305.9,1373.5,1362.6
Lower West Side,31,34000,Theft Over $500,258,215,192,288,126,135,104,141,176,665,221.7,42.2,30.4,-8.3,-21,397.1,305.9,414.7,847.1,758.8,632.4,564.7,517.6,652.1
Lower West Side,31,34000,Vandalism,350,351,270,375,201,255,251,283,265,971,323.7,5.9,3.9,-1.9,-18,750,738.2,832.4,1102.9,1029.4,1032.4,794.1,779.4,952.1
Lower West Side,31,34000,Weapons Violation,108,99,45,98,65,61,74,74,70,252,84,-26.2,14.8,55.6,-17,179.4,217.6,217.6,288.2,317.6,291.2,132.4,205.9,247.1
Near South Side,33,29000,Aggravated Assault,51,37,44,57,33,34,26,42,42,132,44,29.4,23.5,-4.5,-5,117.2,89.7,144.8,196.6,175.9,127.6,151.7,144.8,151.7
Near South Side,33,29000,Aggravated Battery,50,49,43,56,32,26,28,52,43,142,47.3,65.4,65.4,0,-9,89.7,96.6,179.3,193.1,172.4,169,148.3,148.3,163.1
Near South Side,33,29000,Arson,0,2,1,1,1,1,1,0,1,3,1,0,0,0,0,3.4,3.4,0,3.4,0,6.9,3.4,3.4,3.4
Near South Side,33,29000,Burglary,67,82,97,44,115,40,49,37,146,246,82,142.5,265,50.5,78,137.9,169,127.6,151.7,231,282.8,334.5,503.4,282.8
Near South Side,33,29000,Criminal Sexual Abuse,16,24,21,12,12,12,9,14,15,61,20.3,75,25,-28.6,-26,41.4,31,48.3,41.4,55.2,82.8,72.4,51.7,70
Near South Side,33,29000,Criminal Sexual Assault,22,21,16,17,8,9,18,15,8,59,19.7,77.8,-11.1,-50,-59,31,62.1,51.7,58.6,75.9,72.4,55.2,27.6,67.9
Near South Side,33,29000,Disorderly Conduct,18,27,35,12,24,8,11,5,29,80,26.7,337.5,262.5,-17.1,9,27.6,37.9,17.2,41.4,62.1,93.1,120.7,100,92.1
Near South Side,33,29000,Drug Abuse,16,51,67,20,18,16,17,9,29,134,44.7,318.8,81.2,-56.7,-35,55.2,58.6,31,69,55.2,175.9,231,100,154.1
Near South Side,33,29000,Embezzlement,3,1,0,1,0,0,0,0,0,4,1.3,NA,NA,NA,-100,0,0,0,3.4,10.3,3.4,0,0,4.5
Near South Side,33,29000,Forgery & Counterfeiting,17,14,8,23,1,28,16,11,4,39,13,-71.4,-85.7,-50,-69,96.6,55.2,37.9,79.3,58.6,48.3,27.6,13.8,44.8
Near South Side,33,29000,Fraud,222,194,189,233,141,259,242,178,186,605,201.7,-27,-28.2,-1.6,-8,893.1,834.5,613.8,803.4,765.5,669,651.7,641.4,695.5
Near South Side,33,29000,Gambling,1,1,1,0,0,1,0,0,0,3,1,0,-100,-100,-100,3.4,0,0,0,3.4,3.4,3.4,0,3.4
Near South Side,33,29000,Human Trafficking,0,0,0,0,0,0,0,0,0,0,0,NA,NA,NA,NA,0,0,0,0,0,0,0,0,0
Near South Side,33,29000,Involuntary Manslaughter,0,0,0,1,0,0,0,0,0,0,0,NA,NA,NA,NA,0,0,0,3.4,0,0,0,0,0
Near South Side,33,29000,Liquor License,5,0,2,3,2,3,2,5,2,7,2.3,-33.3,-33.3,0,-13,10.3,6.9,17.2,10.3,17.2,0,6.9,6.9,7.9
Near South Side,33,29000,Misc Non-Index Offense,228,271,324,224,228,203,154,198,293,823,274.3,59.6,44.3,-9.6,7,700,531,682.8,772.4,786.2,934.5,1117.2,1010.3,945.9
Near South Side,33,29000,Motor Vehicle Theft,381,265,236,343,123,60,95,215,182,882,294,293.3,203.3,-22.9,-38,206.9,327.6,741.4,1182.8,1313.8,913.8,813.8,627.6,1013.8
Near South Side,33,29000,Murder,6,4,4,7,0,1,1,2,0,14,4.7,300,-100,-100,-100,3.4,3.4,6.9,24.1,20.7,13.8,13.8,0,16.2
Near South Side,33,29000,Obscenity,0,0,0,0,0,0,0,0,0,0,0,NA,NA,NA,NA,0,0,0,0,0,0,0,0,0
Near South Side,33,29000,Offenses Against Family,4,3,2,0,4,2,6,6,5,9,3,0,150,150,67,6.9,20.7,20.7,0,13.8,10.3,6.9,17.2,10.3
Near South Side,33,29000,Prostitution,0,1,1,0,0,0,1,0,0,2,0.7,NA,NA,-100,-100,0,3.4,0,0,0,3.4,3.4,0,2.4
Near South Side,33,29000,Robbery,67,58,35,61,34,43,52,69,40,160,53.3,-18.6,-7,14.3,-25,148.3,179.3,237.9,210.3,231,200,120.7,137.9,183.8
Near South Side,33,29000,Simple Assault,162,162,151,171,115,112,92,141,153,475,158.3,34.8,36.6,1.3,-3,386.2,317.2,486.2,589.7,558.6,558.6,520.7,527.6,545.9
Near South Side,33,29000,Simple Battery,353,414,339,335,289,305,204,294,363,1106,368.7,11.1,19,7.1,-2,1051.7,703.4,1013.8,1155.2,1217.2,1427.6,1169,1251.7,1271.4
Near South Side,33,29000,Stolen Property,1,0,3,0,0,1,0,0,0,4,1.3,200,-100,-100,-100,3.4,0,0,0,3.4,0,10.3,0,4.5
Near South Side,33,29000,Theft,364,418,327,368,229,403,278,209,313,1109,369.7,-18.9,-22.3,-4.3,-15,1389.7,958.6,720.7,1269,1255.2,1441.4,1127.6,1079.3,1274.8
Near South Side,33,29000,Theft Over $500,271,270,189,273,117,157,114,142,163,730,243.3,20.4,3.8,-13.8,-33,541.4,393.1,489.7,941.4,934.5,931,651.7,562.1,839
Near South Side,33,29000,Vandalism,332,293,220,207,161,140,163,145,203,845,281.7,57.1,45,-7.7,-28,482.8,562.1,500,713.8,1144.8,1010.3,758.6,700,971.4
Near South Side,33,29000,Weapons Violation,67,80,82,62,40,9,39,46,53,229,76.3,811.1,488.9,-35.4,-31,31,134.5,158.6,213.8,231,275.9,282.8,182.8,263.1
Armour Square,34,14000,Aggravated Assault,40,23,26,30,19,22,28,28,26,89,29.7,18.2,18.2,0,-12,157.1,200,200,214.3,285.7,164.3,185.7,185.7,212.1
Armour Square,34,14000,Aggravated Battery,29,37,44,37,28,24,30,31,40,110,36.7,83.3,66.7,-9.1,9,171.4,214.3,221.4,264.3,207.1,264.3,314.3,285.7,262.1
Armour Square,34,14000,Arson,3,1,0,1,0,0,4,3,0,4,1.3,NA,NA,NA,-100,0,28.6,21.4,7.1,21.4,7.1,0,0,9.3
Armour Square,34,14000,Burglary,39,37,51,37,102,25,34,50,119,127,42.3,104,376,133.3,181,178.6,242.9,357.1,264.3,278.6,264.3,364.3,850,302.1
Armour Square,34,14000,Criminal Sexual Abuse,5,4,6,4,5,2,5,2,8,15,5,200,300,33.3,60,14.3,35.7,14.3,28.6,35.7,28.6,42.9,57.1,35.7
Armour Square,34,14000,Criminal Sexual Assault,4,3,10,6,5,3,2,4,5,17,5.7,233.3,66.7,-50,-12,21.4,14.3,28.6,42.9,28.6,21.4,71.4,35.7,40.7
Armour Square,34,14000,Disorderly Conduct,6,13,11,14,3,3,5,3,3,30,10,266.7,0,-72.7,-70,21.4,35.7,21.4,100,42.9,92.9,78.6,21.4,71.4
Armour Square,34,14000,Drug Abuse,11,8,14,12,4,18,10,5,7,33,11,-22.2,-61.1,-50,-36,128.6,71.4,35.7,85.7,78.6,57.1,100,50,78.6
Armour Square,34,14000,Embezzlement,0,0,0,0,0,0,0,1,0,0,0,NA,NA,NA,NA,0,0,7.1,0,0,0,0,0,0
Armour Square,34,14000,Forgery & Counterfeiting,8,2,2,7,6,12,5,5,6,12,4,-83.3,-50,200,50,85.7,35.7,35.7,50,57.1,14.3,14.3,42.9,28.6
Armour Square,34,14000,Fraud,65,75,90,73,75,85,83,62,98,230,76.7,5.9,15.3,8.9,28,607.1,592.9,442.9,521.4,464.3,535.7,642.9,700,547.9
Armour Square,34,14000,Gambling,0,0,0,0,1,0,1,0,1,0,0,NA,NA,NA,NA,0,7.1,0,0,0,0,0,7.1,0
Armour Square,34,14000,Human Trafficking,0,0,0,0,1,0,0,0,1,0,0,NA,NA,NA,NA,0,0,0,0,0,0,0,7.1,0
Armour Square,34,14000,Involuntary Manslaughter,0,0,0,0,0,0,0,0,0,0,0,NA,NA,NA,NA,0,0,0,0,0,0,0,0,0
Armour Square,34,14000,Liquor License,1,2,2,1,1,10,4,2,1,5,1.7,-80,-90,-50,-41,71.4,28.6,14.3,7.1,7.1,14.3,14.3,7.1,12.1
Armour Square,34,14000,Misc Non-Index Offense,46,73,70,66,48,65,48,48,63,189,63,7.7,-3.1,-10,0,464.3,342.9,342.9,471.4,328.6,521.4,500,450,450
Armour Square,34,14000,Motor Vehicle Theft,125,86,82,85,67,34,53,84,91,293,97.7,141.2,167.6,11,-7,242.9,378.6,600,607.1,892.9,614.3,585.7,650,697.9
Armour Square,34,14000,Murder,1,5,2,2,1,2,5,5,2,8,2.7,0,0,0,-26,14.3,35.7,35.7,14.3,7.1,35.7,14.3,14.3,19.3
Armour Square,34,14000,Obscenity,0,0,0,0,0,0,0,0,0,0,0,NA,NA,NA,NA,0,0,0,0,0,0,0,0,0
Armour Square,34,14000,Offenses Against Family,0,3,2,3,3,3,1,3,3,5,1.7,-33.3,0,50,76,21.4,7.1,21.4,21.4,0,21.4,14.3,21.4,12.1
Armour Square,34,14000,Prostitution,0,4,2,1,3,0,1,0,3,6,2,NA,NA,50,50,0,7.1,0,7.1,0,28.6,14.3,21.4,14.3
Armour Square,34,14000,Robbery,97,96,67,118,30,71,67,116,46,260,86.7,-5.6,-35.2,-31.3,-47,507.1,478.6,828.6,842.9,692.9,685.7,478.6,328.6,619.3
Armour Square,34,14000,Simple Assault,47,66,83,59,39,51,49,47,62,196,65.3,62.7,21.6,-25.3,-5,364.3,350,335.7,421.4,335.7,471.4,592.9,442.9,466.4
Armour Square,34,14000,Simple Battery,142,155,137,157,131,164,118,117,165,434,144.7,-16.5,0.6,20.4,14,1171.4,842.9,835.7,1121.4,1014.3,1107.1,978.6,1178.6,1033.6
Armour Square,34,14000,Stolen Property,0,0,1,0,0,0,2,0,0,1,0.3,NA,NA,-100,-100,0,14.3,0,0,0,0,7.1,0,2.1
Armour Square,34,14000,Theft,199,212,214,160,199,198,137,119,256,625,208.3,8.1,29.3,19.6,23,1414.3,978.6,850,1142.9,1421.4,1514.3,1528.6,1828.6,1487.9
Armour Square,34,14000,Theft Over $500,89,74,68,112,68,119,52,54,85,231,77,-42.9,-28.6,25,10,850,371.4,385.7,800,635.7,528.6,485.7,607.1,550
Armour Square,34,14000,Vandalism,161,102,147,117,103,97,77,112,142,410,136.7,51.5,46.4,-3.4,4,692.9,550,800,835.7,1150,728.6,1050,1014.3,976.4
Armour Square,34,14000,Weapons Violation,30,24,28,51,16,18,28,27,23,82,27.3,55.6,27.8,-17.9,-16,128.6,200,192.9,364.3,214.3,171.4,200,164.3,195
Norwood Park,10,38000,Aggravated Assault,22,18,19,25,7,15,9,20,10,59,19.7,26.7,-33.3,-47.4,-49,39.5,23.7,52.6,65.8,57.9,47.4,50,26.3,51.8
Norwood Park,10,38000,Aggravated Battery,17,19,9,10,8,9,6,18,9,45,15,0,0,0,-40,23.7,15.8,47.4,26.3,44.7,50,23.7,23.7,39.5
Norwood Park,10,38000,Arson,2,0,2,4,0,4,3,4,0,4,1.3,-50,-100,-100,-100,10.5,7.9,10.5,10.5,5.3,0,5.3,0,3.4
Norwood Park,10,38000,Burglary,51,66,99,70,88,57,44,51,115,216,72,73.7,101.8,16.2,60,150,115.8,134.2,184.2,134.2,173.7,260.5,302.6,189.5
Norwood Park,10,38000,Criminal Sexual Abuse,5,6,10,7,11,9,5,11,14,21,7,11.1,55.6,40,100,23.7,13.2,28.9,18.4,13.2,15.8,26.3,36.8,18.4
Norwood Park,10,38000,Criminal Sexual Assault,10,9,6,9,5,11,3,6,6,25,8.3,-45.5,-45.5,0,-28,28.9,7.9,15.8,23.7,26.3,23.7,15.8,15.8,21.8
Norwood Park,10,38000,Disorderly Conduct,1,1,6,5,3,6,0,0,3,8,2.7,0,-50,-50,11,15.8,0,0,13.2,2.6,2.6,15.8,7.9,7.1
Norwood Park,10,38000,Drug Abuse,12,7,12,5,9,9,3,5,14,31,10.3,33.3,55.6,16.7,36,23.7,7.9,13.2,13.2,31.6,18.4,31.6,36.8,27.1
Norwood Park,10,38000,Embezzlement,1,0,1,1,0,0,0,0,0,2,0.7,NA,NA,-100,-100,0,0,0,2.6,2.6,0,2.6,0,1.8
Norwood Park,10,38000,Forgery & Counterfeiting,58,90,21,88,10,15,5,9,15,169,56.3,40,0,-28.6,-73,39.5,13.2,23.7,231.6,152.6,236.8,55.3,39.5,148.2
Norwood Park,10,38000,Fraud,128,126,122,161,66,146,267,274,95,376,125.3,-16.4,-34.9,-22.1,-24,384.2,702.6,721.1,423.7,336.8,331.6,321.1,250,329.7
Norwood Park,10,38000,Gambling,0,0,0,0,0,0,0,0,0,0,0,NA,NA,NA,NA,0,0,0,0,0,0,0,0,0
Norwood Park,10,38000,Human Trafficking,0,0,0,0,0,0,0,0,0,0,0,NA,NA,NA,NA,0,0,0,0,0,0,0,0,0
Norwood Park,10,38000,Involuntary Manslaughter,0,0,0,0,0,0,0,0,0,0,0,NA,NA,NA,NA,0,0,0,0,0,0,0,0,0
Norwood Park,10,38000,Liquor License,1,1,1,0,1,0,0,2,1,3,1,NA,NA,0,0,0,0,5.3,0,2.6,2.6,2.6,2.6,2.6
Norwood Park,10,38000,Misc Non-Index Offense,183,144,147,149,103,148,112,145,141,474,158,-0.7,-4.7,-4.1,-11,389.5,294.7,381.6,392.1,481.6,378.9,386.8,371.1,415.8
Norwood Park,10,38000,Motor Vehicle Theft,56,71,62,52,48,43,37,24,62,189,63,44.2,44.2,0,-2,113.2,97.4,63.2,136.8,147.4,186.8,163.2,163.2,165.8
Norwood Park,10,38000,Murder,0,0,1,1,1,0,1,0,1,1,0.3,NA,NA,0,233,0,2.6,0,2.6,0,0,2.6,2.6,0.8
Norwood Park,10,38000,Obscenity,0,0,0,0,1,0,0,0,1,0,0,NA,NA,NA,NA,0,0,0,0,0,0,0,2.6,0
Norwood Park,10,38000,Offenses Against Family,8,4,2,2,3,12,4,3,3,14,4.7,-83.3,-75,50,-36,31.6,10.5,7.9,5.3,21.1,10.5,5.3,7.9,12.4
Norwood Park,10,38000,Prostitution,0,1,0,1,0,2,1,1,0,1,0.3,-100,-100,NA,-100,5.3,2.6,2.6,2.6,0,2.6,0,0,0.8
Norwood Park,10,38000,Robbery,13,15,8,23,7,8,19,16,8,36,12,0,0,0,-33,21.1,50,42.1,60.5,34.2,39.5,21.1,21.1,31.6
Norwood Park,10,38000,Simple Assault,82,63,78,65,57,68,41,68,72,223,74.3,14.7,5.9,-7.7,-3,178.9,107.9,178.9,171.1,215.8,165.8,205.3,189.5,195.5
Norwood Park,10,38000,Simple Battery,174,170,140,181,113,182,125,157,154,484,161.3,-23.1,-15.4,10,-5,478.9,328.9,413.2,476.3,457.9,447.4,368.4,405.3,424.5
Norwood Park,10,38000,Stolen Property,0,0,0,1,1,0,0,0,1,0,0,NA,NA,NA,NA,0,0,0,2.6,0,0,0,2.6,0
Norwood Park,10,38000,Theft,156,199,193,153,117,207,174,142,153,548,182.7,-6.8,-26.1,-20.7,-16,544.7,457.9,373.7,402.6,410.5,523.7,507.9,402.6,480.8
Norwood Park,10,38000,Theft Over $500,173,143,67,172,40,79,78,88,54,383,127.7,-15.2,-31.6,-19.4,-58,207.9,205.3,231.6,452.6,455.3,376.3,176.3,142.1,336.1
Norwood Park,10,38000,Vandalism,124,112,123,89,62,133,94,148,86,359,119.7,-7.5,-35.3,-30.1,-28,350,247.4,389.5,234.2,326.3,294.7,323.7,226.3,315
Norwood Park,10,38000,Weapons Violation,7,4,4,5,8,2,3,7,9,15,5,100,350,125,80,5.3,7.9,18.4,13.2,18.4,10.5,10.5,23.7,13.2
Near North Side,8,105000,Aggravated Assault,138,166,116,148,91,118,95,117,114,420,140,-1.7,-3.4,-1.7,-19,112.4,90.5,111.4,141,131.4,158.1,110.5,108.6,133.3
Near North Side,8,105000,Aggravated Battery,168,167,138,146,96,178,123,145,130,473,157.7,-22.5,-27,-5.8,-18,169.5,117.1,138.1,139,160,159,131.4,123.8,150.2
Near North Side,8,105000,Arson,7,2,4,5,1,4,3,4,1,13,4.3,0,-75,-75,-77,3.8,2.9,3.8,4.8,6.7,1.9,3.8,1,4.1
Near North Side,8,105000,Burglary,199,240,289,152,329,166,444,151,423,728,242.7,74.1,154.8,46.4,74,158.1,422.9,143.8,144.8,189.5,228.6,275.2,402.9,231.1
Near North Side,8,105000,Criminal Sexual Abuse,59,47,58,64,51,55,39,55,68,164,54.7,5.5,23.6,17.2,24,52.4,37.1,52.4,61,56.2,44.8,55.2,64.8,52.1
Near North Side,8,105000,Criminal Sexual Assault,151,124,148,151,109,90,79,133,133,423,141,64.4,47.8,-10.1,-6,85.7,75.2,126.7,143.8,143.8,118.1,141,126.7,134.3
Near North Side,8,105000,Disorderly Conduct,64,56,68,43,40,99,59,31,57,188,62.7,-31.3,-42.4,-16.2,-9,94.3,56.2,29.5,41,61,53.3,64.8,54.3,59.7
Near North Side,8,105000,Drug Abuse,157,106,81,122,63,119,71,61,76,344,114.7,-31.9,-36.1,-6.2,-34,113.3,67.6,58.1,116.2,149.5,101,77.1,72.4,109.2
Near North Side,8,105000,Embezzlement,6,2,4,4,1,3,2,2,1,12,4,33.3,-66.7,-75,-75,2.9,1.9,1.9,3.8,5.7,1.9,3.8,1,3.8
Near North Side,8,105000,Forgery & Counterfeiting,66,51,50,104,22,98,40,85,30,167,55.7,-49,-69.4,-40,-46,93.3,38.1,81,99,62.9,48.6,47.6,28.6,53
Near North Side,8,105000,Fraud,1152,1220,1179,1005,745,1726,955,923,1041,3551,1183.7,-31.7,-39.7,-11.7,-12,1643.8,909.5,879,957.1,1097.1,1161.9,1122.9,991.4,1127.3
Near North Side,8,105000,Gambling,1,1,2,0,0,0,1,0,1,4,1.3,NA,NA,-50,-23,0,1,0,0,1,1,1.9,1,1.2
Near North Side,8,105000,Human Trafficking,1,0,0,1,0,0,1,0,0,1,0.3,NA,NA,NA,-100,0,1,0,1,1,0,0,0,0.3
Near North Side,8,105000,Involuntary Manslaughter,0,0,2,0,0,0,0,0,0,2,0.7,NA,NA,-100,-100,0,0,0,0,0,0,1.9,0,0.7
Near North Side,8,105000,Liquor License,11,20,6,21,18,31,13,15,19,37,12.3,-80.6,-38.7,216.7,54,29.5,12.4,14.3,20,10.5,19,5.7,18.1,11.7
Near North Side,8,105000,Misc Non-Index Offense,861,911,890,725,625,822,555,671,872,2662,887.3,8.3,6.1,-2,-2,782.9,528.6,639,690.5,820,867.6,847.6,830.5,845
Near North Side,8,105000,Motor Vehicle Theft,582,506,406,651,335,297,331,463,458,1494,498,36.7,54.2,12.8,-8,282.9,315.2,441,620,554.3,481.9,386.7,436.2,474.3
Near North Side,8,105000,Murder,5,6,12,15,3,2,9,8,5,23,7.7,500,150,-58.3,-35,1.9,8.6,7.6,14.3,4.8,5.7,11.4,4.8,7.3
Near North Side,8,105000,Obscenity,0,0,0,0,2,0,0,0,2,0,0,NA,NA,NA,NA,0,0,0,0,0,0,0,1.9,0
Near North Side,8,105000,Offenses Against Family,14,14,11,11,8,19,12,9,8,39,13,-42.1,-57.9,-27.3,-38,18.1,11.4,8.6,10.5,13.3,13.3,10.5,7.6,12.4
Near North Side,8,105000,Prostitution,1,4,4,5,0,1,1,2,0,9,3,300,-100,-100,-100,1,1,1.9,4.8,1,3.8,3.8,0,2.9
Near North Side,8,105000,Robbery,340,367,254,339,172,417,251,341,237,961,320.3,-39.1,-43.2,-6.7,-26,397.1,239,324.8,322.9,323.8,349.5,241.9,225.7,305
Near North Side,8,105000,Simple Assault,542,523,539,503,356,521,316,456,466,1604,534.7,3.5,-10.6,-13.5,-13,496.2,301,434.3,479,516.2,498.1,513.3,443.8,509.2
Near North Side,8,105000,Simple Battery,1356,1405,1418,1289,998,1447,797,1108,1330,4179,1393,-2,-8.1,-6.2,-5,1378.1,759,1055.2,1227.6,1291.4,1338.1,1350.5,1266.7,1326.7
Near North Side,8,105000,Stolen Property,4,4,3,4,3,0,2,0,4,11,3.7,NA,NA,33.3,8,0,1.9,0,3.8,3.8,3.8,2.9,3.8,3.5
Near North Side,8,105000,Theft,3265,3307,3553,3170,2424,4653,1971,2098,3419,10125,3375,-23.6,-26.5,-3.8,1,4431.4,1877.1,1998.1,3019,3109.5,3149.5,3383.8,3256.2,3214.3
Near North Side,8,105000,Theft Over $500,1064,1150,1084,1083,760,1071,567,699,1010,3298,1099.3,1.2,-5.7,-6.8,-8,1020,540,665.7,1031.4,1013.3,1095.2,1032.4,961.9,1047
Near North Side,8,105000,Vandalism,733,712,696,657,476,588,397,508,644,2141,713.7,18.4,9.5,-7.5,-10,560,378.1,483.8,625.7,698.1,678.1,662.9,613.3,679.7
Near North Side,8,105000,Weapons Violation,252,330,157,237,59,74,173,290,84,739,246.3,112.2,13.5,-46.5,-66,70.5,164.8,276.2,225.7,240,314.3,149.5,80,234.6
Loop,32,42000,Aggravated Assault,162,97,100,131,72,93,64,90,99,359,119.7,7.5,6.5,-1,-17,221.4,152.4,214.3,311.9,385.7,231,238.1,235.7,285
Loop,32,42000,Aggravated Battery,128,137,135,130,99,105,102,129,133,400,133.3,28.6,26.7,-1.5,-0,250,242.9,307.1,309.5,304.8,326.2,321.4,316.7,317.4
Loop,32,42000,Arson,5,10,13,5,9,1,15,7,13,28,9.3,1200,1200,0,40,2.4,35.7,16.7,11.9,11.9,23.8,31,31,22.1
Loop,32,42000,Burglary,106,125,188,84,269,82,272,51,314,419,139.7,129.3,282.9,67,125,195.2,647.6,121.4,200,252.4,297.6,447.6,747.6,332.6
Loop,32,42000,Criminal Sexual Abuse,74,41,63,54,50,34,23,33,64,178,59.3,85.3,88.2,1.6,8,81,54.8,78.6,128.6,176.2,97.6,150,152.4,141.2
Loop,32,42000,Criminal Sexual Assault,62,43,45,39,44,33,26,53,54,150,50,36.4,63.6,20,8,78.6,61.9,126.2,92.9,147.6,102.4,107.1,128.6,119
Loop,32,42000,Disorderly Conduct,89,107,159,57,94,66,59,39,140,355,118.3,140.9,112.1,-11.9,18,157.1,140.5,92.9,135.7,211.9,254.8,378.6,333.3,281.7
Loop,32,42000,Drug Abuse,128,266,254,66,115,111,73,34,156,648,216,128.8,40.5,-38.6,-28,264.3,173.8,81,157.1,304.8,633.3,604.8,371.4,514.3
Loop,32,42000,Embezzlement,5,2,4,2,1,10,4,3,1,11,3.7,-60,-90,-75,-73,23.8,9.5,7.1,4.8,11.9,4.8,9.5,2.4,8.8
Loop,32,42000,Forgery & Counterfeiting,61,54,49,127,21,105,56,51,27,164,54.7,-53.3,-74.3,-44.9,-51,250,133.3,121.4,302.4,145.2,128.6,116.7,64.3,130.2
Loop,32,42000,Fraud,955,985,755,635,479,1451,574,540,678,2695,898.3,-48,-53.3,-10.2,-25,3454.8,1366.7,1285.7,1511.9,2273.8,2345.2,1797.6,1614.3,2138.8
Loop,32,42000,Gambling,1,5,1,0,1,0,0,0,1,7,2.3,NA,NA,0,-57,0,0,0,0,2.4,11.9,2.4,2.4,5.5
Loop,32,42000,Human Trafficking,0,0,0,0,0,0,0,0,0,0,0,NA,NA,NA,NA,0,0,0,0,0,0,0,0,0
Loop,32,42000,Involuntary Manslaughter,0,0,0,0,0,0,1,0,0,0,0,NA,NA,NA,NA,0,2.4,0,0,0,0,0,0,0
Loop,32,42000,Liquor License,7,4,15,4,16,5,2,2,18,26,8.7,200,260,20,107,11.9,4.8,4.8,9.5,16.7,9.5,35.7,42.9,20.7
Loop,32,42000,Misc Non-Index Offense,641,747,787,514,450,702,405,440,644,2175,725,12.1,-8.3,-18.2,-11,1671.4,964.3,1047.6,1223.8,1526.2,1778.6,1873.8,1533.3,1726.2
Loop,32,42000,Motor Vehicle Theft,483,509,395,467,314,137,151,271,421,1387,462.3,188.3,207.3,6.6,-9,326.2,359.5,645.2,1111.9,1150,1211.9,940.5,1002.4,1100.7
Loop,32,42000,Murder,5,4,5,9,3,2,4,3,6,14,4.7,150,200,20,28,4.8,9.5,7.1,21.4,11.9,9.5,11.9,14.3,11.2
Loop,32,42000,Obscenity,0,0,0,0,0,0,0,0,0,0,0,NA,NA,NA,NA,0,0,0,0,0,0,0,0,0
Loop,32,42000,Offenses Against Family,1,2,3,3,1,3,2,3,2,6,2,0,-33.3,-33.3,0,7.1,4.8,7.1,7.1,2.4,4.8,7.1,4.8,4.8
Loop,32,42000,Prostitution,0,2,0,0,0,0,0,1,0,2,0.7,NA,NA,NA,-100,0,0,2.4,0,0,4.8,0,0,1.7
Loop,32,42000,Robbery,294,315,229,299,136,257,184,236,186,838,279.3,-10.9,-27.6,-18.8,-33,611.9,438.1,561.9,711.9,700,750,545.2,442.9,665
Loop,32,42000,Simple Assault,412,382,384,343,271,426,208,264,369,1178,392.7,-9.9,-13.4,-3.9,-6,1014.3,495.2,628.6,816.7,981,909.5,914.3,878.6,935
Loop,32,42000,Simple Battery,946,1053,991,928,740,940,597,727,999,2990,996.7,5.4,6.3,0.8,0,2238.1,1421.4,1731,2209.5,2252.4,2507.1,2359.5,2378.6,2373.1
Loop,32,42000,Stolen Property,1,1,0,3,0,3,2,3,0,2,0.7,-100,-100,NA,-100,7.1,4.8,7.1,7.1,2.4,2.4,0,0,1.7
Loop,32,42000,Theft,2708,2852,2696,2657,1807,4730,1491,1749,2478,8256,2752,-43,-47.6,-8.1,-10,11261.9,3550,4164.3,6326.2,6447.6,6790.5,6419,5900,6552.4
Loop,32,42000,Theft Over $500,750,829,658,809,436,866,365,447,609,2237,745.7,-24,-29.7,-7.4,-18,2061.9,869,1064.3,1926.2,1785.7,1973.8,1566.7,1450,1775.5
Loop,32,42000,Vandalism,678,619,526,590,445,414,330,316,549,1823,607.7,27.1,32.6,4.4,-10,985.7,785.7,752.4,1404.8,1614.3,1473.8,1252.4,1307.1,1446.9
Loop,32,42000,Weapons Violation,108,141,131,112,61,28,103,101,85,380,126.7,367.9,203.6,-35.1,-33,66.7,245.2,240.5,266.7,257.1,335.7,311.9,202.4,301.7
South Shore,43,54000,Aggravated Assault,326,424,320,328,249,222,274,355,317,1070,356.7,44.1,42.8,-0.9,-11,411.1,507.4,657.4,607.4,603.7,785.2,592.6,587,660.6
South Shore,43,54000,Aggravated Battery,433,433,456,437,351,409,420,482,454,1322,440.7,11.5,11,-0.4,3,757.4,777.8,892.6,809.3,801.9,801.9,844.4,840.7,816.1
South Shore,43,54000,Arson,18,20,14,12,14,12,15,12,18,52,17.3,16.7,50,28.6,4,22.2,27.8,22.2,22.2,33.3,37,25.9,33.3,32
South Shore,43,54000,Burglary,316,439,361,378,375,512,428,255,474,1116,372,-29.5,-7.4,31.3,27,948.1,792.6,472.2,700,585.2,813,668.5,877.8,688.9
South Shore,43,54000,Criminal Sexual Abuse,29,34,35,33,33,41,24,46,41,98,32.7,-14.6,0,17.1,25,75.9,44.4,85.2,61.1,53.7,63,64.8,75.9,60.6
South Shore,43,54000,Criminal Sexual Assault,74,65,65,59,48,78,51,71,63,204,68,-16.7,-19.2,-3.1,-7,144.4,94.4,131.5,109.3,137,120.4,120.4,116.7,125.9
South Shore,43,54000,Disorderly Conduct,9,17,23,23,35,125,44,16,43,49,16.3,-81.6,-65.6,87,164,231.5,81.5,29.6,42.6,16.7,31.5,42.6,79.6,30.2
South Shore,43,54000,Drug Abuse,51,69,94,70,78,377,161,58,102,214,71.3,-75.1,-72.9,8.5,43,698.1,298.1,107.4,129.6,94.4,127.8,174.1,188.9,132
South Shore,43,54000,Embezzlement,1,0,0,1,0,0,0,0,0,1,0.3,NA,NA,NA,-100,0,0,0,1.9,1.9,0,0,0,0.6
South Shore,43,54000,Forgery & Counterfeiting,21,29,18,19,11,28,20,11,17,68,22.7,-35.7,-39.3,-5.6,-25,51.9,37,20.4,35.2,38.9,53.7,33.3,31.5,42
South Shore,43,54000,Fraud,351,367,335,307,230,411,419,454,320,1053,351,-18.5,-22.1,-4.5,-9,761.1,775.9,840.7,568.5,650,679.6,620.4,592.6,650
South Shore,43,54000,Gambling,0,0,0,0,2,2,0,1,2,0,0,-100,0,NA,NA,3.7,0,1.9,0,0,0,0,3.7,0
South Shore,43,54000,Human Trafficking,0,1,1,0,1,0,0,0,1,2,0.7,NA,NA,0,43,0,0,0,0,0,1.9,1.9,1.9,1.3
South Shore,43,54000,Involuntary Manslaughter,0,0,0,0,0,0,0,0,0,0,0,NA,NA,NA,NA,0,0,0,0,0,0,0,0,0
South Shore,43,54000,Liquor License,1,1,1,2,0,1,1,4,0,3,1,0,-100,-100,-100,1.9,1.9,7.4,3.7,1.9,1.9,1.9,0,1.9
South Shore,43,54000,Misc Non-Index Offense,737,784,814,678,647,982,711,691,859,2335,778.3,-17.1,-12.5,5.5,10,1818.5,1316.7,1279.6,1255.6,1364.8,1451.9,1507.4,1590.7,1441.3
South Shore,43,54000,Motor Vehicle Theft,1314,640,643,1038,563,283,333,351,733,2597,865.7,127.2,159,14,-15,524.1,616.7,650,1922.2,2433.3,1185.2,1190.7,1357.4,1603.1
South Shore,43,54000,Murder,28,33,24,44,9,22,41,38,12,85,28.3,9.1,-45.5,-50,-58,40.7,75.9,70.4,81.5,51.9,61.1,44.4,22.2,52.4
South Shore,43,54000,Obscenity,0,2,0,1,1,0,0,0,1,2,0.7,NA,NA,NA,43,0,0,0,1.9,0,3.7,0,1.9,1.3
South Shore,43,54000,Offenses Against Family,41,31,29,42,27,41,26,36,35,101,33.7,-29.3,-14.6,20.7,4,75.9,48.1,66.7,77.8,75.9,57.4,53.7,64.8,62.4
South Shore,43,54000,Prostitution,3,4,3,3,1,15,0,2,2,10,3.3,-80,-86.7,-33.3,-39,27.8,0,3.7,5.6,5.6,7.4,5.6,3.7,6.1
South Shore,43,54000,Robbery,337,317,232,298,134,293,263,300,186,886,295.3,-20.8,-36.5,-19.8,-37,542.6,487,555.6,551.9,624.1,587,429.6,344.4,546.9
South Shore,43,54000,Simple Assault,569,602,656,531,498,556,568,562,653,1827,609,18,17.4,-0.5,7,1029.6,1051.9,1040.7,983.3,1053.7,1114.8,1214.8,1209.3,1127.8
South Shore,43,54000,Simple Battery,1330,1422,1359,1285,1018,1648,1503,1284,1341,4111,1370.3,-17.5,-18.6,-1.3,-2,3051.9,2783.3,2377.8,2379.6,2463,2633.3,2516.7,2483.3,2537.6
South Shore,43,54000,Stolen Property,0,3,2,3,0,2,1,0,0,5,1.7,0,-100,-100,-100,3.7,1.9,0,5.6,0,5.6,3.7,0,3.1
South Shore,43,54000,Theft,864,994,1019,849,702,1112,880,675,947,2877,959,-8.4,-14.8,-7.1,-1,2059.3,1629.6,1250,1572.2,1600,1840.7,1887,1753.7,1775.9
South Shore,43,54000,Theft Over $500,456,444,298,441,221,354,264,340,294,1198,399.3,-15.8,-16.9,-1.3,-26,655.6,488.9,629.6,816.7,844.4,822.2,551.9,544.4,739.4
South Shore,43,54000,Vandalism,1146,1031,1069,1114,789,945,1075,1069,1052,3246,1082,13.1,11.3,-1.6,-3,1750,1990.7,1979.6,2063,2122.2,1909.3,1979.6,1948.1,2003.7
South Shore,43,54000,Weapons Violation,339,322,254,344,171,222,299,338,234,915,305,14.4,5.4,-7.9,-23,411.1,553.7,625.9,637,627.8,596.3,470.4,433.3,564.8
Chatham,44,32000,Aggravated Assault,222,241,216,239,159,204,185,221,210,679,226.3,5.9,2.9,-2.8,-7,637.5,578.1,690.6,746.9,693.8,753.1,675,656.2,707.2
Chatham,44,32000,Aggravated Battery,242,239,188,220,166,247,241,240,213,669,223,-23.9,-13.8,13.3,-4,771.9,753.1,750,687.5,756.2,746.9,587.5,665.6,696.9
Chatham,44,32000,Arson,17,21,10,10,8,5,17,18,12,48,16,100,140,20,-25,15.6,53.1,56.2,31.2,53.1,65.6,31.2,37.5,50
Chatham,44,32000,Burglary,208,209,241,235,165,281,318,175,236,658,219.3,-14.2,-16,-2.1,8,878.1,993.8,546.9,734.4,650,653.1,753.1,737.5,685.3
Chatham,44,32000,Criminal Sexual Abuse,21,23,18,21,15,32,17,30,22,62,20.7,-43.8,-31.2,22.2,6,100,53.1,93.8,65.6,65.6,71.9,56.2,68.8,64.7
Chatham,44,32000,Criminal Sexual Assault,50,33,30,29,17,38,29,39,28,113,37.7,-21.1,-26.3,-6.7,-26,118.8,90.6,121.9,90.6,156.2,103.1,93.8,87.5,117.8
Chatham,44,32000,Disorderly Conduct,51,46,41,24,46,79,40,21,60,138,46,-48.1,-24.1,46.3,30,246.9,125,65.6,75,159.4,143.8,128.1,187.5,143.8
Chatham,44,32000,Drug Abuse,69,55,60,33,84,288,142,53,100,184,61.3,-79.2,-65.3,66.7,63,900,443.7,165.6,103.1,215.6,171.9,187.5,312.5,191.6
Chatham,44,32000,Embezzlement,1,1,0,0,0,0,0,0,0,2,0.7,NA,NA,NA,-100,0,0,0,0,3.1,3.1,0,0,2.2
Chatham,44,32000,Forgery & Counterfeiting,23,19,18,15,10,21,30,18,12,60,20,-14.3,-42.9,-33.3,-40,65.6,93.8,56.2,46.9,71.9,59.4,56.2,37.5,62.5
Chatham,44,32000,Fraud,245,221,220,278,143,331,320,293,203,686,228.7,-33.5,-38.7,-7.7,-11,1034.4,1000,915.6,868.8,765.6,690.6,687.5,634.4,714.7
Chatham,44,32000,Gambling,1,0,0,0,1,3,0,0,1,1,0.3,-100,-66.7,NA,233,9.4,0,0,0,3.1,0,0,3.1,0.9
Chatham,44,32000,Human Trafficking,0,0,0,1,1,0,0,0,1,0,0,NA,NA,NA,NA,0,0,0,3.1,0,0,0,3.1,0
Chatham,44,32000,Involuntary Manslaughter,0,0,0,0,0,0,1,0,0,0,0,NA,NA,NA,NA,0,3.1,0,0,0,0,0,0,0
Chatham,44,32000,Liquor License,3,2,0,1,3,0,0,1,3,5,1.7,NA,NA,NA,76,0,0,3.1,3.1,9.4,6.2,0,9.4,5.3
Chatham,44,32000,Misc Non-Index Offense,533,598,590,461,380,673,477,464,528,1721,573.7,-12.3,-21.5,-10.5,-8,2103.1,1490.6,1450,1440.6,1665.6,1868.8,1843.8,1650,1792.8
Chatham,44,32000,Motor Vehicle Theft,778,514,413,772,283,221,230,294,389,1705,568.3,86.9,76,-5.8,-32,690.6,718.8,918.8,2412.5,2431.2,1606.2,1290.6,1215.6,1775.9
Chatham,44,32000,Murder,32,25,11,26,7,12,30,27,9,68,22.7,-8.3,-25,-18.2,-60,37.5,93.8,84.4,81.2,100,78.1,34.4,28.1,70.9
Chatham,44,32000,Obscenity,0,0,0,0,0,0,0,0,0,0,0,NA,NA,NA,NA,0,0,0,0,0,0,0,0,0
Chatham,44,32000,Offenses Against Family,27,15,14,16,10,23,23,27,14,56,18.7,-39.1,-39.1,0,-25,71.9,71.9,84.4,50,84.4,46.9,43.8,43.8,58.4
Chatham,44,32000,Prostitution,2,0,1,2,1,1,1,0,1,3,1,0,0,0,0,3.1,3.1,0,6.2,6.2,0,3.1,3.1,3.1
Chatham,44,32000,Robbery,357,290,188,242,115,250,230,210,160,835,278.3,-24.8,-36,-14.9,-43,781.2,718.8,656.2,756.2,1115.6,906.2,587.5,500,869.7
Chatham,44,32000,Simple Assault,398,441,359,434,288,501,362,380,370,1198,399.3,-28.3,-26.1,3.1,-7,1565.6,1131.2,1187.5,1356.2,1243.8,1378.1,1121.9,1156.2,1247.8
Chatham,44,32000,Simple Battery,910,908,867,908,686,1175,953,913,911,2685,895,-26.2,-22.5,5.1,2,3671.9,2978.1,2853.1,2837.5,2843.8,2837.5,2709.4,2846.9,2796.9
Chatham,44,32000,Stolen Property,2,2,0,2,0,4,1,1,0,4,1.3,-100,-100,NA,-100,12.5,3.1,3.1,6.2,6.2,6.2,0,0,4.1
Chatham,44,32000,Theft,681,744,857,731,484,1143,695,654,651,2282,760.7,-25,-43,-24,-14,3571.9,2171.9,2043.8,2284.4,2128.1,2325,2678.1,2034.4,2377.2
Chatham,44,32000,Theft Over $500,374,301,265,289,194,279,215,254,265,940,313.3,-5,-5,0,-15,871.9,671.9,793.8,903.1,1168.8,940.6,828.1,828.1,979.1
Chatham,44,32000,Vandalism,856,715,635,857,423,779,627,772,581,2206,735.3,-18.5,-25.4,-8.5,-21,2434.4,1959.4,2412.5,2678.1,2675,2234.4,1984.4,1815.6,2297.8
Chatham,44,32000,Weapons Violation,289,203,126,247,89,218,272,253,116,618,206,-42.2,-46.8,-7.9,-44,681.2,850,790.6,771.9,903.1,634.4,393.8,362.5,643.8
Avalon Park,45,9000,Aggravated Assault,40,40,37,48,38,32,20,43,51,117,39,15.6,59.4,37.8,31,355.6,222.2,477.8,533.3,444.4,444.4,411.1,566.7,433.3
Avalon Park,45,9000,Aggravated Battery,51,46,45,47,31,51,31,61,38,142,47.3,-11.8,-25.5,-15.6,-20,566.7,344.4,677.8,522.2,566.7,511.1,500,422.2,525.6
Avalon Park,45,9000,Arson,2,2,3,4,4,1,3,4,6,7,2.3,200,500,100,161,11.1,33.3,44.4,44.4,22.2,22.2,33.3,66.7,25.6
Avalon Park,45,9000,Burglary,48,48,57,46,56,57,51,39,79,153,51,0,38.6,38.6,55,633.3,566.7,433.3,511.1,533.3,533.3,633.3,877.8,566.7
Avalon Park,45,9000,Criminal Sexual Abuse,5,6,7,3,4,6,5,7,6,18,6,16.7,0,-14.3,0,66.7,55.6,77.8,33.3,55.6,66.7,77.8,66.7,66.7
Avalon Park,45,9000,Criminal Sexual Assault,9,10,7,2,5,7,10,9,9,26,8.7,0,28.6,28.6,3,77.8,111.1,100,22.2,100,111.1,77.8,100,96.7
Avalon Park,45,9000,Disorderly Conduct,3,4,7,2,3,28,17,2,5,14,4.7,-75,-82.1,-28.6,6,311.1,188.9,22.2,22.2,33.3,44.4,77.8,55.6,52.2
Avalon Park,45,9000,Drug Abuse,6,6,8,11,12,70,38,8,16,20,6.7,-88.6,-77.1,100,139,777.8,422.2,88.9,122.2,66.7,66.7,88.9,177.8,74.4
Avalon Park,45,9000,Embezzlement,0,0,0,0,0,0,0,0,0,0,0,NA,NA,NA,NA,0,0,0,0,0,0,0,0,0
Avalon Park,45,9000,Forgery & Counterfeiting,2,6,12,10,1,7,6,2,2,20,6.7,71.4,-71.4,-83.3,-70,77.8,66.7,22.2,111.1,22.2,66.7,133.3,22.2,74.4
Avalon Park,45,9000,Fraud,80,61,65,75,28,80,87,79,45,206,68.7,-18.8,-43.8,-30.8,-34,888.9,966.7,877.8,833.3,888.9,677.8,722.2,500,763.3
Avalon Park,45,9000,Gambling,1,0,0,0,0,1,0,0,0,1,0.3,-100,-100,NA,-100,11.1,0,0,0,11.1,0,0,0,3.3
Avalon Park,45,9000,Human Trafficking,0,0,0,0,0,0,0,0,0,0,0,NA,NA,NA,NA,0,0,0,0,0,0,0,0,0
Avalon Park,45,9000,Involuntary Manslaughter,0,0,0,0,0,0,0,0,0,0,0,NA,NA,NA,NA,0,0,0,0,0,0,0,0,0
Avalon Park,45,9000,Liquor License,1,0,0,0,0,0,0,0,0,1,0.3,NA,NA,NA,-100,0,0,0,0,11.1,0,0,0,3.3
Avalon Park,45,9000,Misc Non-Index Offense,95,101,99,115,69,172,125,127,90,295,98.3,-42.4,-47.7,-9.1,-8,1911.1,1388.9,1411.1,1277.8,1055.6,1122.2,1100,1000,1092.2
Avalon Park,45,9000,Motor Vehicle Theft,183,120,104,143,82,51,88,71,104,407,135.7,103.9,103.9,0,-23,566.7,977.8,788.9,1588.9,2033.3,1333.3,1155.6,1155.6,1507.8
Avalon Park,45,9000,Murder,7,3,2,3,2,3,7,7,2,12,4,-33.3,-33.3,0,-50,33.3,77.8,77.8,33.3,77.8,33.3,22.2,22.2,44.4
Avalon Park,45,9000,Obscenity,0,0,0,0,0,0,0,0,0,0,0,NA,NA,NA,NA,0,0,0,0,0,0,0,0,0
Avalon Park,45,9000,Offenses Against Family,3,3,2,7,2,11,4,2,2,8,2.7,-81.8,-81.8,0,-26,122.2,44.4,22.2,77.8,33.3,33.3,22.2,22.2,30
Avalon Park,45,9000,Prostitution,0,0,0,1,0,0,3,0,0,0,0,NA,NA,NA,NA,0,33.3,0,11.1,0,0,0,0,0
Avalon Park,45,9000,Robbery,47,38,30,40,25,28,40,52,31,115,38.3,7.1,10.7,3.3,-19,311.1,444.4,577.8,444.4,522.2,422.2,333.3,344.4,425.6
Avalon Park,45,9000,Simple Assault,100,93,74,84,68,94,69,76,76,267,89,-21.3,-19.1,2.7,-15,1044.4,766.7,844.4,933.3,1111.1,1033.3,822.2,844.4,988.9
Avalon Park,45,9000,Simple Battery,140,146,156,126,108,202,204,175,159,442,147.3,-22.8,-21.3,1.9,8,2244.4,2266.7,1944.4,1400,1555.6,1622.2,1733.3,1766.7,1636.7
Avalon Park,45,9000,Stolen Property,0,1,0,1,0,0,0,0,0,1,0.3,NA,NA,NA,-100,0,0,0,11.1,0,11.1,0,0,3.3
Avalon Park,45,9000,Theft,116,146,113,119,99,154,122,82,136,375,125,-26.6,-11.7,20.4,9,1711.1,1355.6,911.1,1322.2,1288.9,1622.2,1255.6,1511.1,1388.9
Avalon Park,45,9000,Theft Over $500,65,78,51,93,37,59,48,52,47,194,64.7,-13.6,-20.3,-7.8,-27,655.6,533.3,577.8,1033.3,722.2,866.7,566.7,522.2,718.9
Avalon Park,45,9000,Vandalism,144,122,154,144,98,130,154,136,139,420,140,18.5,6.9,-9.7,-1,1444.4,1711.1,1511.1,1600,1600,1355.6,1711.1,1544.4,1555.6
Avalon Park,45,9000,Weapons Violation,51,48,23,56,15,62,72,91,19,122,40.7,-62.9,-69.4,-17.4,-53,688.9,800,1011.1,622.2,566.7,533.3,255.6,211.1,452.2
South Chicago,46,27000,Aggravated Assault,174,208,154,197,106,125,112,179,144,536,178.7,23.2,15.2,-6.5,-19,463,414.8,663,729.6,644.4,770.4,570.4,533.3,661.9
South Chicago,46,27000,Aggravated Battery,216,213,195,212,139,186,172,212,178,624,208,4.8,-4.3,-8.7,-14,688.9,637,785.2,785.2,800,788.9,722.2,659.3,770.4
South Chicago,46,27000,Arson,15,12,12,7,7,10,8,13,10,39,13,20,0,-16.7,-23,37,29.6,48.1,25.9,55.6,44.4,44.4,37,48.1
South Chicago,46,27000,Burglary,99,132,166,131,119,167,157,125,155,397,132.3,-0.6,-7.2,-6.6,17,618.5,581.5,463,485.2,366.7,488.9,614.8,574.1,490
South Chicago,46,27000,Criminal Sexual Abuse,21,20,13,22,17,18,20,14,21,54,18,-27.8,16.7,61.5,17,66.7,74.1,51.9,81.5,77.8,74.1,48.1,77.8,66.7
South Chicago,46,27000,Criminal Sexual Assault,30,29,24,36,22,31,28,36,30,83,27.7,-22.6,-3.2,25,8,114.8,103.7,133.3,133.3,111.1,107.4,88.9,111.1,102.6
South Chicago,46,27000,Disorderly Conduct,11,11,20,10,15,98,36,12,18,42,14,-79.6,-81.6,-10,29,363,133.3,44.4,37,40.7,40.7,74.1,66.7,51.9
South Chicago,46,27000,Drug Abuse,25,30,53,37,44,244,68,29,60,108,36,-78.3,-75.4,13.2,67,903.7,251.9,107.4,137,92.6,111.1,196.3,222.2,133.3
South Chicago,46,27000,Embezzlement,1,0,0,0,0,0,1,0,0,1,0.3,NA,NA,NA,-100,0,3.7,0,0,3.7,0,0,0,1.1
South Chicago,46,27000,Forgery & Counterfeiting,9,9,10,8,2,16,7,14,6,28,9.3,-37.5,-62.5,-40,-35,59.3,25.9,51.9,29.6,33.3,33.3,37,22.2,34.4
South Chicago,46,27000,Fraud,159,156,144,161,96,151,202,205,135,459,153,-4.6,-10.6,-6.2,-12,559.3,748.1,759.3,596.3,588.9,577.8,533.3,500,566.7
South Chicago,46,27000,Gambling,0,1,0,1,0,3,0,0,0,1,0.3,-100,-100,NA,-100,11.1,0,0,3.7,0,3.7,0,0,1.1
South Chicago,46,27000,Human Trafficking,0,0,0,0,0,0,0,0,0,0,0,NA,NA,NA,NA,0,0,0,0,0,0,0,0,0
South Chicago,46,27000,Involuntary Manslaughter,0,0,0,0,0,0,0,0,0,0,0,NA,NA,NA,NA,0,0,0,0,0,0,0,0,0
South Chicago,46,27000,Liquor License,10,4,3,9,0,2,0,3,0,17,5.7,50,-100,-100,-100,7.4,0,11.1,33.3,37,14.8,11.1,0,21.1
South Chicago,46,27000,Misc Non-Index Offense,369,371,399,424,300,510,338,370,402,1139,379.7,-21.8,-21.2,0.8,6,1888.9,1251.9,1370.4,1570.4,1366.7,1374.1,1477.8,1488.9,1406.3
South Chicago,46,27000,Motor Vehicle Theft,530,330,382,498,276,154,153,183,343,1242,414,148.1,122.7,-10.2,-17,570.4,566.7,677.8,1844.4,1963,1222.2,1414.8,1270.4,1533.3
South Chicago,46,27000,Murder,16,16,8,20,7,16,23,12,9,40,13.3,-50,-43.8,12.5,-32,59.3,85.2,44.4,74.1,59.3,59.3,29.6,33.3,49.3
South Chicago,46,27000,Obscenity,0,0,0,0,0,0,0,0,0,0,0,NA,NA,NA,NA,0,0,0,0,0,0,0,0,0
South Chicago,46,27000,Offenses Against Family,30,14,8,28,16,40,23,23,19,52,17.3,-80,-52.5,137.5,10,148.1,85.2,85.2,103.7,111.1,51.9,29.6,70.4,64.1
South Chicago,46,27000,Prostitution,0,0,1,1,1,2,2,2,1,1,0.3,-50,-50,0,233,7.4,7.4,7.4,3.7,0,0,3.7,3.7,1.1
South Chicago,46,27000,Robbery,171,140,104,132,79,120,95,122,102,415,138.3,-13.3,-15,-1.9,-26,444.4,351.9,451.9,488.9,633.3,518.5,385.2,377.8,512.2
South Chicago,46,27000,Simple Assault,308,285,254,326,206,307,227,297,265,847,282.3,-17.3,-13.7,4.3,-6,1137,840.7,1100,1207.4,1140.7,1055.6,940.7,981.5,1045.6
South Chicago,46,27000,Simple Battery,670,608,576,684,477,771,625,649,623,1854,618,-25.3,-19.2,8.2,1,2855.6,2314.8,2403.7,2533.3,2481.5,2251.9,2133.3,2307.4,2288.9
South Chicago,46,27000,Stolen Property,0,0,0,1,0,0,0,0,0,0,0,NA,NA,NA,NA,0,0,0,3.7,0,0,0,0,0
South Chicago,46,27000,Theft,468,428,354,408,261,462,328,347,343,1250,416.7,-23.4,-25.8,-3.1,-18,1711.1,1214.8,1285.2,1511.1,1733.3,1585.2,1311.1,1270.4,1543.3
South Chicago,46,27000,Theft Over $500,216,217,124,236,91,124,124,151,117,557,185.7,0,-5.6,-5.6,-37,459.3,459.3,559.3,874.1,800,803.7,459.3,433.3,687.8
South Chicago,46,27000,Vandalism,647,501,593,621,387,506,487,525,521,1741,580.3,17.2,3,-12.1,-10,1874.1,1803.7,1944.4,2300,2396.3,1855.6,2196.3,1929.6,2149.3
South Chicago,46,27000,Weapons Violation,196,185,132,200,59,202,171,160,95,513,171,-34.7,-53,-28,-44,748.1,633.3,592.6,740.7,725.9,685.2,488.9,351.9,633.3
Burnside,47,3000,Aggravated Assault,14,16,8,11,10,15,9,14,11,38,12.7,-46.7,-26.7,37.5,-13,500,300,466.7,366.7,466.7,533.3,266.7,366.7,423.3
Burnside,47,3000,Aggravated Battery,14,11,12,17,8,18,23,26,12,37,12.3,-33.3,-33.3,0,-2,600,766.7,866.7,566.7,466.7,366.7,400,400,410
Burnside,47,3000,Arson,2,3,0,1,0,0,0,0,0,5,1.7,NA,NA,NA,-100,0,0,0,33.3,66.7,100,0,0,56.7
Burnside,47,3000,Burglary,8,9,9,22,9,20,12,6,9,26,8.7,-55,-55,0,3,666.7,400,200,733.3,266.7,300,300,300,290
Burnside,47,3000,Criminal Sexual Abuse,3,3,4,1,1,2,0,1,1,10,3.3,100,-50,-75,-70,66.7,0,33.3,33.3,100,100,133.3,33.3,110
Burnside,47,3000,Criminal Sexual Assault,3,3,2,6,0,1,1,3,0,8,2.7,100,-100,-100,-100,33.3,33.3,100,200,100,100,66.7,0,90
Burnside,47,3000,Disorderly Conduct,0,2,2,1,0,8,6,0,1,4,1.3,-75,-87.5,-50,-23,266.7,200,0,33.3,0,66.7,66.7,33.3,43.3
Burnside,47,3000,Drug Abuse,2,2,3,2,3,26,8,1,6,7,2.3,-88.5,-76.9,100,161,866.7,266.7,33.3,66.7,66.7,66.7,100,200,76.7
Burnside,47,3000,Embezzlement,0,0,0,0,0,0,0,0,0,0,0,NA,NA,NA,NA,0,0,0,0,0,0,0,0,0
Burnside,47,3000,Forgery & Counterfeiting,1,0,0,1,0,0,1,1,0,1,0.3,NA,NA,NA,-100,0,33.3,33.3,33.3,33.3,0,0,0,10
Burnside,47,3000,Fraud,23,16,10,16,14,12,26,29,16,49,16.3,-16.7,33.3,60,-2,400,866.7,966.7,533.3,766.7,533.3,333.3,533.3,543.3
Burnside,47,3000,Gambling,0,0,0,0,0,4,0,0,0,0,0,-100,-100,NA,NA,133.3,0,0,0,0,0,0,0,0
Burnside,47,3000,Human Trafficking,0,0,0,0,0,0,0,0,0,0,0,NA,NA,NA,NA,0,0,0,0,0,0,0,0,0
Burnside,47,3000,Involuntary Manslaughter,0,0,0,0,0,0,0,0,0,0,0,NA,NA,NA,NA,0,0,0,0,0,0,0,0,0
Burnside,47,3000,Liquor License,2,1,0,0,0,0,0,0,0,3,1,NA,NA,NA,-100,0,0,0,0,66.7,33.3,0,0,33.3
Burnside,47,3000,Misc Non-Index Offense,40,43,25,27,29,50,36,26,33,108,36,-50,-34,32,-8,1666.7,1200,866.7,900,1333.3,1433.3,833.3,1100,1200
Burnside,47,3000,Motor Vehicle Theft,49,27,24,37,19,9,14,22,22,100,33.3,166.7,144.4,-8.3,-34,300,466.7,733.3,1233.3,1633.3,900,800,733.3,1110
Burnside,47,3000,Murder,1,0,2,1,0,0,2,0,0,3,1,NA,NA,-100,-100,0,66.7,0,33.3,33.3,0,66.7,0,33.3
Burnside,47,3000,Obscenity,0,0,0,0,0,0,0,0,0,0,0,NA,NA,NA,NA,0,0,0,0,0,0,0,0,0
Burnside,47,3000,Offenses Against Family,1,3,1,2,1,4,2,3,1,5,1.7,-75,-75,0,-41,133.3,66.7,100,66.7,33.3,100,33.3,33.3,56.7
Burnside,47,3000,Prostitution,0,0,1,0,0,0,0,0,0,1,0.3,NA,NA,-100,-100,0,0,0,0,0,0,33.3,0,10
Burnside,47,3000,Robbery,6,13,10,4,3,19,9,15,4,29,9.7,-47.4,-78.9,-60,-59,633.3,300,500,133.3,200,433.3,333.3,133.3,323.3
Burnside,47,3000,Simple Assault,22,17,18,30,17,20,21,21,20,57,19,-10,0,11.1,5,666.7,700,700,1000,733.3,566.7,600,666.7,633.3
Burnside,47,3000,Simple Battery,33,40,38,34,29,54,48,58,40,111,37,-29.6,-25.9,5.3,8,1800,1600,1933.3,1133.3,1100,1333.3,1266.7,1333.3,1233.3
Burnside,47,3000,Stolen Property,0,0,0,0,1,0,0,1,1,0,0,NA,NA,NA,NA,0,0,33.3,0,0,0,0,33.3,0
Burnside,47,3000,Theft,29,21,30,31,16,31,25,17,25,80,26.7,-3.2,-19.4,-16.7,-6,1033.3,833.3,566.7,1033.3,966.7,700,1000,833.3,890
Burnside,47,3000,Theft Over $500,13,11,18,32,10,11,14,12,13,42,14,63.6,18.2,-27.8,-7,366.7,466.7,400,1066.7,433.3,366.7,600,433.3,466.7
Burnside,47,3000,Vandalism,48,43,28,53,31,50,72,55,38,119,39.7,-44,-24,35.7,-4,1666.7,2400,1833.3,1766.7,1600,1433.3,933.3,1266.7,1323.3
Burnside,47,3000,Weapons Violation,27,15,7,21,6,21,20,18,7,49,16.3,-66.7,-66.7,0,-57,700,666.7,600,700,900,500,233.3,233.3,543.3
Mckinley Park,59,16000,Aggravated Assault,34,31,25,38,25,16,26,30,30,90,30,56.2,87.5,20,0,100,162.5,187.5,237.5,212.5,193.8,156.2,187.5,187.5
Mckinley Park,59,16000,Aggravated Battery,34,23,22,24,23,17,17,28,28,79,26.3,29.4,64.7,27.3,6,106.3,106.3,175,150,212.5,143.8,137.5,175,164.4
Mckinley Park,59,16000,Arson,5,2,3,0,2,1,3,0,4,10,3.3,200,300,33.3,21,6.2,18.8,0,0,31.2,12.5,18.8,25,20.6
Mckinley Park,59,16000,Burglary,46,50,53,33,67,51,27,26,87,149,49.7,3.9,70.6,64.2,75,318.8,168.8,162.5,206.2,287.5,312.5,331.2,543.8,310.6
Mckinley Park,59,16000,Criminal Sexual Abuse,3,1,2,2,7,6,5,4,8,6,2,-66.7,33.3,300,300,37.5,31.2,25,12.5,18.8,6.2,12.5,50,12.5
Mckinley Park,59,16000,Criminal Sexual Assault,8,6,9,7,2,4,6,6,5,23,7.7,125,25,-44.4,-35,25,37.5,37.5,43.8,50,37.5,56.2,31.2,48.1
Mckinley Park,59,16000,Disorderly Conduct,1,1,5,1,4,9,5,3,4,7,2.3,-44.4,-55.6,-20,74,56.2,31.2,18.8,6.2,6.2,6.2,31.2,25,14.4
Mckinley Park,59,16000,Drug Abuse,4,8,5,10,4,14,11,5,4,17,5.7,-64.3,-71.4,-20,-30,87.5,68.8,31.2,62.5,25,50,31.2,25,35.6
Mckinley Park,59,16000,Embezzlement,0,0,0,0,0,0,0,0,0,0,0,NA,NA,NA,NA,0,0,0,0,0,0,0,0,0
Mckinley Park,59,16000,Forgery & Counterfeiting,4,6,6,10,2,4,5,5,6,16,5.3,50,50,0,13,25,31.2,31.2,62.5,25,37.5,37.5,37.5,33.1
Mckinley Park,59,16000,Fraud,32,45,68,45,36,58,65,61,53,145,48.3,17.2,-8.6,-22.1,10,362.5,406.2,381.2,281.2,200,281.2,425,331.2,301.9
Mckinley Park,59,16000,Gambling,0,0,0,0,0,0,0,0,0,0,0,NA,NA,NA,NA,0,0,0,0,0,0,0,0,0
Mckinley Park,59,16000,Human Trafficking,0,1,1,0,1,0,0,0,2,2,0.7,NA,NA,100,186,0,0,0,0,0,6.2,6.2,12.5,4.4
Mckinley Park,59,16000,Involuntary Manslaughter,0,1,0,0,0,0,0,0,0,1,0.3,NA,NA,NA,-100,0,0,0,0,0,6.2,0,0,1.9
Mckinley Park,59,16000,Liquor License,0,1,1,1,0,0,0,2,0,2,0.7,NA,NA,-100,-100,0,0,12.5,6.2,0,6.2,6.2,0,4.4
Mckinley Park,59,16000,Misc Non-Index Offense,67,71,99,62,61,80,55,57,87,237,79,23.8,8.7,-12.1,10,500,343.8,356.2,387.5,418.8,443.7,618.8,543.8,493.8
Mckinley Park,59,16000,Motor Vehicle Theft,103,79,57,60,62,25,30,36,77,239,79.7,128,208,35.1,-3,156.2,187.5,225,375,643.8,493.8,356.2,481.2,498.1
Mckinley Park,59,16000,Murder,0,2,1,5,1,1,4,3,1,3,1,0,0,0,0,6.2,25,18.8,31.2,0,12.5,6.2,6.2,6.2
Mckinley Park,59,16000,Obscenity,0,0,0,0,0,0,0,0,0,0,0,NA,NA,NA,NA,0,0,0,0,0,0,0,0,0
Mckinley Park,59,16000,Offenses Against Family,2,1,1,1,0,4,5,3,0,4,1.3,-75,-100,-100,-100,25,31.2,18.8,6.2,12.5,6.2,6.2,0,8.1
Mckinley Park,59,16000,Prostitution,1,0,1,0,1,1,1,0,1,2,0.7,0,0,0,43,6.2,6.2,0,0,6.2,0,6.2,6.2,4.4
Mckinley Park,59,16000,Robbery,61,48,19,29,13,23,25,26,16,128,42.7,-17.4,-30.4,-15.8,-63,143.8,156.2,162.5,181.2,381.2,300,118.8,100,266.9
Mckinley Park,59,16000,Simple Assault,55,60,52,63,54,35,41,50,66,167,55.7,48.6,88.6,26.9,18,218.8,256.2,312.5,393.8,343.8,375,325,412.5,348.1
Mckinley Park,59,16000,Simple Battery,122,129,124,120,93,91,110,98,125,375,125,36.3,37.4,0.8,0,568.8,687.5,612.5,750,762.5,806.2,775,781.2,781.2
Mckinley Park,59,16000,Stolen Property,0,1,0,1,0,0,1,0,0,1,0.3,NA,NA,NA,-100,0,6.2,0,6.2,0,6.2,0,0,1.9
Mckinley Park,59,16000,Theft,185,260,228,144,173,169,102,89,242,673,224.3,34.9,43.2,6.1,8,1056.2,637.5,556.2,900,1156.2,1625,1425,1512.5,1401.9
Mckinley Park,59,16000,Theft Over $500,72,71,48,71,31,65,40,50,37,191,63.7,-26.2,-43.1,-22.9,-42,406.2,250,312.5,443.7,450,443.7,300,231.2,398.1
Mckinley Park,59,16000,Vandalism,104,99,93,102,74,125,125,96,95,296,98.7,-25.6,-24,2.2,-4,781.2,781.2,600,637.5,650,618.8,581.2,593.8,616.9
Mckinley Park,59,16000,Weapons Violation,27,28,19,43,12,30,44,35,16,74,24.7,-36.7,-46.7,-15.8,-35,187.5,275,218.8,268.8,168.8,175,118.8,100,154.4
Lake View,6,103000,Aggravated Assault,70,71,53,70,35,69,45,66,52,194,64.7,-23.2,-24.6,-1.9,-20,67,43.7,64.1,68,68,68.9,51.5,50.5,62.8
Lake View,6,103000,Aggravated Battery,85,110,86,79,63,82,51,73,81,281,93.7,4.9,-1.2,-5.8,-14,79.6,49.5,70.9,76.7,82.5,106.8,83.5,78.6,91
Lake View,6,103000,Arson,5,1,1,6,0,8,9,4,1,7,2.3,-87.5,-87.5,0,-57,7.8,8.7,3.9,5.8,4.9,1,1,1,2.2
Lake View,6,103000,Burglary,226,299,321,203,335,237,201,194,408,846,282,35.4,72.2,27.1,45,230.1,195.1,188.3,197.1,219.4,290.3,311.7,396.1,273.8
Lake View,6,103000,Criminal Sexual Abuse,35,36,45,39,24,37,16,25,38,116,38.7,21.6,2.7,-15.6,-2,35.9,15.5,24.3,37.9,34,35,43.7,36.9,37.6
Lake View,6,103000,Criminal Sexual Assault,57,67,58,62,47,62,33,50,59,182,60.7,-6.5,-4.8,1.7,-3,60.2,32,48.5,60.2,55.3,65,56.3,57.3,58.9
Lake View,6,103000,Disorderly Conduct,24,27,16,18,24,31,19,17,27,67,22.3,-48.4,-12.9,68.8,21,30.1,18.4,16.5,17.5,23.3,26.2,15.5,26.2,21.7
Lake View,6,103000,Drug Abuse,14,20,23,14,19,24,10,7,22,57,19,-4.2,-8.3,-4.3,16,23.3,9.7,6.8,13.6,13.6,19.4,22.3,21.4,18.4
Lake View,6,103000,Embezzlement,1,3,1,2,1,3,2,0,1,5,1.7,-66.7,-66.7,0,-41,2.9,1.9,0,1.9,1,2.9,1,1,1.7
Lake View,6,103000,Forgery & Counterfeiting,82,38,21,99,14,53,29,24,15,141,47,-60.4,-71.7,-28.6,-68,51.5,28.2,23.3,96.1,79.6,36.9,20.4,14.6,45.6
Lake View,6,103000,Fraud,666,677,623,557,446,741,630,605,613,1966,655.3,-15.9,-17.3,-1.6,-6,719.4,611.7,587.4,540.8,646.6,657.3,604.9,595.1,636.2
Lake View,6,103000,Gambling,0,0,0,0,0,0,0,0,0,0,0,NA,NA,NA,NA,0,0,0,0,0,0,0,0,0
Lake View,6,103000,Human Trafficking,0,0,0,0,0,0,0,0,0,0,0,NA,NA,NA,NA,0,0,0,0,0,0,0,0,0
Lake View,6,103000,Involuntary Manslaughter,1,0,0,0,0,0,0,1,0,1,0.3,NA,NA,NA,-100,0,0,1,0,1,0,0,0,0.3
Lake View,6,103000,Liquor License,14,5,8,9,4,16,9,5,6,27,9,-50,-62.5,-25,-33,15.5,8.7,4.9,8.7,13.6,4.9,7.8,5.8,8.7
Lake View,6,103000,Misc Non-Index Offense,419,450,431,395,342,452,333,339,455,1300,433.3,-4.6,0.7,5.6,5,438.8,323.3,329.1,383.5,406.8,436.9,418.4,441.7,420.7
Lake View,6,103000,Motor Vehicle Theft,540,440,289,391,229,172,245,220,309,1269,423,68,79.7,6.9,-27,167,237.9,213.6,379.6,524.3,427.2,280.6,300,410.7
Lake View,6,103000,Murder,2,2,0,2,1,2,0,1,1,4,1.3,-100,-50,NA,-23,1.9,0,1,1.9,1.9,1.9,0,1,1.3
Lake View,6,103000,Obscenity,0,1,0,0,1,0,0,0,1,1,0.3,NA,NA,NA,233,0,0,0,0,0,1,0,1,0.3
Lake View,6,103000,Offenses Against Family,6,3,5,4,2,10,4,3,3,14,4.7,-50,-70,-40,-36,9.7,3.9,2.9,3.9,5.8,2.9,4.9,2.9,4.6
Lake View,6,103000,Prostitution,0,2,1,1,0,0,1,1,0,3,1,NA,NA,-100,-100,0,1,1,1,0,1.9,1,0,1
Lake View,6,103000,Robbery,199,204,157,205,71,159,149,214,106,560,186.7,-1.3,-33.3,-32.5,-43,154.4,144.7,207.8,199,193.2,198.1,152.4,102.9,181.3
Lake View,6,103000,Simple Assault,255,280,286,238,186,239,191,230,255,821,273.7,19.7,6.7,-10.8,-7,232,185.4,223.3,231.1,247.6,271.8,277.7,247.6,265.7
Lake View,6,103000,Simple Battery,703,758,671,692,523,720,397,578,682,2132,710.7,-6.8,-5.3,1.6,-4,699,385.4,561.2,671.8,682.5,735.9,651.5,662.1,690
Lake View,6,103000,Stolen Property,0,3,3,1,1,0,0,0,2,6,2,NA,NA,-33.3,0,0,0,0,1,0,2.9,2.9,1.9,1.9
Lake View,6,103000,Theft,1741,1987,1808,1544,1236,1931,1267,1226,1712,5536,1845.3,-6.4,-11.3,-5.3,-7,1874.8,1230.1,1190.3,1499,1690.3,1929.1,1755.3,1662.1,1791.6
Lake View,6,103000,Theft Over $500,851,775,648,727,475,504,351,458,602,2274,758,28.6,19.4,-7.1,-21,489.3,340.8,444.7,705.8,826.2,752.4,629.1,584.5,735.9
Lake View,6,103000,Vandalism,547,531,427,475,357,425,301,397,448,1505,501.7,0.5,5.4,4.9,-11,412.6,292.2,385.4,461.2,531.1,515.5,414.6,435,487.1
Lake View,6,103000,Weapons Violation,26,43,42,45,19,14,10,27,25,111,37,200,78.6,-40.5,-32,13.6,9.7,26.2,43.7,25.2,41.7,40.8,24.3,35.9
Calumet Heights,48,13000,Aggravated Assault,56,47,51,46,32,38,30,48,39,154,51.3,34.2,2.6,-23.5,-24,292.3,230.8,369.2,353.8,430.8,361.5,392.3,300,394.6
Calumet Heights,48,13000,Aggravated Battery,41,60,44,41,33,42,52,62,41,145,48.3,4.8,-2.4,-6.8,-15,323.1,400,476.9,315.4,315.4,461.5,338.5,315.4,371.5
Calumet Heights,48,13000,Arson,3,4,4,3,1,5,2,3,2,11,3.7,-20,-60,-50,-46,38.5,15.4,23.1,23.1,23.1,30.8,30.8,15.4,28.5
Calumet Heights,48,13000,Burglary,54,57,51,49,41,41,54,35,55,162,54,24.4,34.1,7.8,2,315.4,415.4,269.2,376.9,415.4,438.5,392.3,423.1,415.4
Calumet Heights,48,13000,Criminal Sexual Abuse,2,5,12,5,7,9,10,3,9,19,6.3,33.3,0,-25,43,69.2,76.9,23.1,38.5,15.4,38.5,92.3,69.2,48.5
Calumet Heights,48,13000,Criminal Sexual Assault,13,17,16,6,9,10,8,13,14,46,15.3,60,40,-12.5,-8,76.9,61.5,100,46.2,100,130.8,123.1,107.7,117.7
Calumet Heights,48,13000,Disorderly Conduct,3,1,3,5,1,24,7,3,1,7,2.3,-87.5,-95.8,-66.7,-57,184.6,53.8,23.1,38.5,23.1,7.7,23.1,7.7,17.7
Calumet Heights,48,13000,Drug Abuse,5,2,10,7,6,79,27,10,11,17,5.7,-87.3,-86.1,10,93,607.7,207.7,76.9,53.8,38.5,15.4,76.9,84.6,43.8
Calumet Heights,48,13000,Embezzlement,0,0,0,1,0,0,0,0,0,0,0,NA,NA,NA,NA,0,0,0,7.7,0,0,0,0,0
Calumet Heights,48,13000,Forgery & Counterfeiting,1,8,5,5,3,6,3,7,6,14,4.7,-16.7,0,20,28,46.2,23.1,53.8,38.5,7.7,61.5,38.5,46.2,36.2
Calumet Heights,48,13000,Fraud,72,75,82,84,39,103,140,111,55,229,76.3,-20.4,-46.6,-32.9,-28,792.3,1076.9,853.8,646.2,553.8,576.9,630.8,423.1,586.9
Calumet Heights,48,13000,Gambling,0,0,0,0,0,0,0,0,0,0,0,NA,NA,NA,NA,0,0,0,0,0,0,0,0,0
Calumet Heights,48,13000,Human Trafficking,0,0,0,0,1,0,0,0,1,0,0,NA,NA,NA,NA,0,0,0,0,0,0,0,7.7,0
Calumet Heights,48,13000,Involuntary Manslaughter,0,0,0,0,1,0,0,0,1,0,0,NA,NA,NA,NA,0,0,0,0,0,0,0,7.7,0
Calumet Heights,48,13000,Liquor License,0,1,1,5,1,4,1,3,2,2,0.7,-75,-50,100,186,30.8,7.7,23.1,38.5,0,7.7,7.7,15.4,5.4
Calumet Heights,48,13000,Misc Non-Index Offense,106,135,101,123,97,168,130,108,122,342,114,-39.9,-27.4,20.8,7,1292.3,1000,830.8,946.2,815.4,1038.5,776.9,938.5,876.9
Calumet Heights,48,13000,Motor Vehicle Theft,252,201,185,198,111,81,84,101,164,638,212.7,128.4,102.5,-11.4,-23,623.1,646.2,776.9,1523.1,1938.5,1546.2,1423.1,1261.5,1636.2
Calumet Heights,48,13000,Murder,3,5,6,3,1,1,4,4,4,14,4.7,500,300,-33.3,-15,7.7,30.8,30.8,23.1,23.1,38.5,46.2,30.8,36.2
Calumet Heights,48,13000,Obscenity,0,0,0,0,1,0,0,0,1,0,0,NA,NA,NA,NA,0,0,0,0,0,0,0,7.7,0
Calumet Heights,48,13000,Offenses Against Family,4,2,2,6,1,10,6,3,2,8,2.7,-80,-80,0,-26,76.9,46.2,23.1,46.2,30.8,15.4,15.4,15.4,20.8
Calumet Heights,48,13000,Prostitution,0,0,0,0,0,0,0,3,0,0,0,NA,NA,NA,NA,0,0,23.1,0,0,0,0,0,0
Calumet Heights,48,13000,Robbery,107,44,24,96,19,40,85,93,23,175,58.3,-40,-42.5,-4.2,-61,307.7,653.8,715.4,738.5,823.1,338.5,184.6,176.9,448.5
Calumet Heights,48,13000,Simple Assault,97,87,81,68,74,77,71,92,92,265,88.3,5.2,19.5,13.6,4,592.3,546.2,707.7,523.1,746.2,669.2,623.1,707.7,679.2
Calumet Heights,48,13000,Simple Battery,167,148,175,134,121,219,146,178,161,490,163.3,-20.1,-26.5,-8,-1,1684.6,1123.1,1369.2,1030.8,1284.6,1138.5,1346.2,1238.5,1256.2
Calumet Heights,48,13000,Stolen Property,1,0,0,0,1,0,0,0,1,1,0.3,NA,NA,NA,233,0,0,0,0,7.7,0,0,7.7,2.3
Calumet Heights,48,13000,Theft,180,165,151,127,109,192,138,118,145,496,165.3,-21.4,-24.5,-4,-12,1476.9,1061.5,907.7,976.9,1384.6,1269.2,1161.5,1115.4,1271.5
Calumet Heights,48,13000,Theft Over $500,99,76,85,98,51,73,58,63,68,260,86.7,16.4,-6.8,-20,-22,561.5,446.2,484.6,753.8,761.5,584.6,653.8,523.1,666.9
Calumet Heights,48,13000,Vandalism,206,154,210,168,123,154,179,162,159,570,190,36.4,3.2,-24.3,-16,1184.6,1376.9,1246.2,1292.3,1584.6,1184.6,1615.4,1223.1,1461.5
Calumet Heights,48,13000,Weapons Violation,73,56,36,62,32,57,56,103,43,165,55,-36.8,-24.6,19.4,-22,438.5,430.8,792.3,476.9,561.5,430.8,276.9,330.8,423.1
Roseland,49,39000,Aggravated Assault,227,227,184,219,139,170,240,231,179,638,212.7,8.2,5.3,-2.7,-16,435.9,615.4,592.3,561.5,582.1,582.1,471.8,459,545.4
Roseland,49,39000,Aggravated Battery,264,213,194,241,151,272,284,273,194,671,223.7,-28.7,-28.7,0,-13,697.4,728.2,700,617.9,676.9,546.2,497.4,497.4,573.6
Roseland,49,39000,Arson,16,14,8,11,9,7,30,10,12,38,12.7,14.3,71.4,50,-6,17.9,76.9,25.6,28.2,41,35.9,20.5,30.8,32.6
Roseland,49,39000,Burglary,170,158,169,192,148,226,274,206,200,497,165.7,-25.2,-11.5,18.3,21,579.5,702.6,528.2,492.3,435.9,405.1,433.3,512.8,424.9
Roseland,49,39000,Criminal Sexual Abuse,29,35,32,24,18,30,17,24,29,96,32,6.7,-3.3,-9.4,-9,76.9,43.6,61.5,61.5,74.4,89.7,82.1,74.4,82.1
Roseland,49,39000,Criminal Sexual Assault,45,45,39,44,20,44,37,40,29,129,43,-11.4,-34.1,-25.6,-33,112.8,94.9,102.6,112.8,115.4,115.4,100,74.4,110.3
Roseland,49,39000,Disorderly Conduct,32,37,74,30,72,88,47,18,89,143,47.7,-15.9,1.1,20.3,87,225.6,120.5,46.2,76.9,82.1,94.9,189.7,228.2,122.3
Roseland,49,39000,Drug Abuse,90,98,128,78,228,279,142,82,263,316,105.3,-54.1,-5.7,105.5,150,715.4,364.1,210.3,200,230.8,251.3,328.2,674.4,270
Roseland,49,39000,Embezzlement,0,2,0,0,0,0,0,0,0,2,0.7,NA,NA,NA,-100,0,0,0,0,0,5.1,0,0,1.8
Roseland,49,39000,Forgery & Counterfeiting,19,18,11,20,11,23,13,20,12,48,16,-52.2,-47.8,9.1,-25,59,33.3,51.3,51.3,48.7,46.2,28.2,30.8,41
Roseland,49,39000,Fraud,264,244,274,297,182,358,409,353,236,782,260.7,-23.5,-34.1,-13.9,-9,917.9,1048.7,905.1,761.5,676.9,625.6,702.6,605.1,668.5
Roseland,49,39000,Gambling,2,2,1,0,1,2,1,0,1,5,1.7,-50,-50,0,-41,5.1,2.6,0,0,5.1,5.1,2.6,2.6,4.4
Roseland,49,39000,Human Trafficking,0,1,1,0,0,1,0,0,0,2,0.7,0,-100,-100,-100,2.6,0,0,0,0,2.6,2.6,0,1.8
Roseland,49,39000,Involuntary Manslaughter,0,0,0,0,0,1,0,0,0,0,0,-100,-100,NA,NA,2.6,0,0,0,0,0,0,0,0
Roseland,49,39000,Liquor License,0,0,0,0,0,2,1,3,0,0,0,-100,-100,NA,NA,5.1,2.6,7.7,0,0,0,0,0,0
Roseland,49,39000,Misc Non-Index Offense,549,610,668,509,518,923,568,533,684,1827,609,-27.6,-25.9,2.4,12,2366.7,1456.4,1366.7,1305.1,1407.7,1564.1,1712.8,1753.8,1561.5
Roseland,49,39000,Motor Vehicle Theft,803,543,461,716,273,215,258,266,387,1807,602.3,114.4,80,-16.1,-36,551.3,661.5,682.1,1835.9,2059,1392.3,1182.1,992.3,1544.4
Roseland,49,39000,Murder,22,24,18,28,11,27,22,26,15,64,21.3,-33.3,-44.4,-16.7,-30,69.2,56.4,66.7,71.8,56.4,61.5,46.2,38.5,54.6
Roseland,49,39000,Obscenity,0,0,0,0,0,0,0,0,0,0,0,NA,NA,NA,NA,0,0,0,0,0,0,0,0,0
Roseland,49,39000,Offenses Against Family,26,22,20,32,17,41,26,31,17,68,22.7,-51.2,-58.5,-15,-25,105.1,66.7,79.5,82.1,66.7,56.4,51.3,43.6,58.2
Roseland,49,39000,Prostitution,4,26,8,0,0,50,18,1,1,38,12.7,-84,-98,-87.5,-92,128.2,46.2,2.6,0,10.3,66.7,20.5,2.6,32.6
Roseland,49,39000,Robbery,232,178,157,210,77,202,199,189,137,567,189,-22.3,-32.2,-12.7,-28,517.9,510.3,484.6,538.5,594.9,456.4,402.6,351.3,484.6
Roseland,49,39000,Simple Assault,390,392,369,391,243,400,406,407,337,1151,383.7,-7.8,-15.8,-8.7,-12,1025.6,1041,1043.6,1002.6,1000,1005.1,946.2,864.1,983.8
Roseland,49,39000,Simple Battery,902,858,845,869,653,1118,965,850,849,2605,868.3,-24.4,-24.1,0.5,-2,2866.7,2474.4,2179.5,2228.2,2312.8,2200,2166.7,2176.9,2226.4
Roseland,49,39000,Stolen Property,0,2,3,2,1,0,0,1,3,5,1.7,NA,NA,0,76,0,0,2.6,5.1,0,5.1,7.7,7.7,4.4
Roseland,49,39000,Theft,502,583,605,515,409,696,571,434,549,1690,563.3,-13.1,-21.1,-9.3,-3,1784.6,1464.1,1112.8,1320.5,1287.2,1494.9,1551.3,1407.7,1444.4
Roseland,49,39000,Theft Over $500,311,284,227,323,141,277,215,216,194,822,274,-18.1,-30,-14.5,-29,710.3,551.3,553.8,828.2,797.4,728.2,582.1,497.4,702.6
Roseland,49,39000,Vandalism,858,785,664,821,440,829,913,768,617,2307,769,-19.9,-25.6,-7.1,-20,2125.6,2341,1969.2,2105.1,2200,2012.8,1702.6,1582.1,1971.8
Roseland,49,39000,Weapons Violation,358,242,151,390,128,273,342,414,160,751,250.3,-44.7,-41.4,6,-36,700,876.9,1061.5,1000,917.9,620.5,387.2,410.3,641.8
North Center,5,35000,Aggravated Assault,16,17,14,21,14,15,14,18,18,47,15.7,-6.7,20,28.6,15,42.9,40,51.4,60,45.7,48.6,40,51.4,44.9
North Center,5,35000,Aggravated Battery,14,22,19,13,4,7,13,11,12,55,18.3,171.4,71.4,-36.8,-34,20,37.1,31.4,37.1,40,62.9,54.3,34.3,52.3
North Center,5,35000,Arson,2,1,1,1,0,3,5,0,0,4,1.3,-66.7,-100,-100,-100,8.6,14.3,0,2.9,5.7,2.9,2.9,0,3.7
North Center,5,35000,Burglary,103,105,95,73,98,85,84,59,127,303,101,11.8,49.4,33.7,26,242.9,240,168.6,208.6,294.3,300,271.4,362.9,288.6
North Center,5,35000,Criminal Sexual Abuse,6,11,8,13,3,6,7,10,5,25,8.3,33.3,-16.7,-37.5,-40,17.1,20,28.6,37.1,17.1,31.4,22.9,14.3,23.7
North Center,5,35000,Criminal Sexual Assault,8,3,10,10,2,6,7,7,5,21,7,66.7,-16.7,-50,-29,17.1,20,20,28.6,22.9,8.6,28.6,14.3,20
North Center,5,35000,Disorderly Conduct,5,4,4,2,2,5,8,3,3,13,4.3,-20,-40,-25,-30,14.3,22.9,8.6,5.7,14.3,11.4,11.4,8.6,12.3
North Center,5,35000,Drug Abuse,4,3,14,6,2,12,8,3,6,21,7,16.7,-50,-57.1,-14,34.3,22.9,8.6,17.1,11.4,8.6,40,17.1,20
North Center,5,35000,Embezzlement,1,0,0,1,0,0,0,0,0,1,0.3,NA,NA,NA,-100,0,0,0,2.9,2.9,0,0,0,0.9
North Center,5,35000,Forgery & Counterfeiting,18,8,10,40,5,4,9,4,8,36,12,150,100,-20,-33,11.4,25.7,11.4,114.3,51.4,22.9,28.6,22.9,34.3
North Center,5,35000,Fraud,144,175,142,152,89,187,221,163,126,461,153.7,-24.1,-32.6,-11.3,-18,534.3,631.4,465.7,434.3,411.4,500,405.7,360,439.1
North Center,5,35000,Gambling,0,0,0,0,0,1,0,0,0,0,0,-100,-100,NA,NA,2.9,0,0,0,0,0,0,0,0
North Center,5,35000,Human Trafficking,0,0,0,0,0,0,0,0,0,0,0,NA,NA,NA,NA,0,0,0,0,0,0,0,0,0
North Center,5,35000,Involuntary Manslaughter,0,0,0,0,0,0,0,1,0,0,0,NA,NA,NA,NA,0,0,2.9,0,0,0,0,0,0
North Center,5,35000,Liquor License,3,1,1,0,2,2,1,1,3,5,1.7,-50,50,200,76,5.7,2.9,2.9,0,8.6,2.9,2.9,8.6,4.9
North Center,5,35000,Misc Non-Index Offense,116,111,124,119,91,85,99,90,126,351,117,45.9,48.2,1.6,8,242.9,282.9,257.1,340,331.4,317.1,354.3,360,334.3
North Center,5,35000,Motor Vehicle Theft,146,129,84,99,86,48,46,37,116,359,119.7,75,141.7,38.1,-3,137.1,131.4,105.7,282.9,417.1,368.6,240,331.4,342
North Center,5,35000,Murder,0,0,1,0,0,1,2,1,1,1,0.3,0,0,0,233,2.9,5.7,2.9,0,0,0,2.9,2.9,0.9
North Center,5,35000,Obscenity,0,0,0,0,0,0,0,0,0,0,0,NA,NA,NA,NA,0,0,0,0,0,0,0,0,0
North Center,5,35000,Offenses Against Family,4,1,3,3,4,5,3,3,4,8,2.7,-40,-20,33.3,48,14.3,8.6,8.6,8.6,11.4,2.9,8.6,11.4,7.7
North Center,5,35000,Prostitution,1,1,0,0,1,1,0,1,1,2,0.7,-100,0,NA,43,2.9,0,2.9,0,2.9,2.9,0,2.9,2
North Center,5,35000,Robbery,50,38,17,38,11,24,27,18,14,105,35,-29.2,-41.7,-17.6,-60,68.6,77.1,51.4,108.6,142.9,108.6,48.6,40,100
North Center,5,35000,Simple Assault,60,56,72,47,37,58,50,53,55,188,62.7,24.1,-5.2,-23.6,-12,165.7,142.9,151.4,134.3,171.4,160,205.7,157.1,179.1
North Center,5,35000,Simple Battery,153,129,106,128,99,110,88,101,127,388,129.3,-3.6,15.5,19.8,-2,314.3,251.4,288.6,365.7,437.1,368.6,302.9,362.9,369.4
North Center,5,35000,Stolen Property,0,0,1,0,0,0,11,0,1,1,0.3,NA,NA,0,233,0,31.4,0,0,0,0,2.9,2.9,0.9
North Center,5,35000,Theft,224,228,215,250,180,359,279,228,243,667,222.3,-40.1,-32.3,13,9,1025.7,797.1,651.4,714.3,640,651.4,614.3,694.3,635.1
North Center,5,35000,Theft Over $500,240,177,132,226,93,105,80,96,125,549,183,25.7,19,-5.3,-32,300,228.6,274.3,645.7,685.7,505.7,377.1,357.1,522.9
North Center,5,35000,Vandalism,174,159,172,133,93,142,90,108,171,505,168.3,21.1,20.4,-0.6,2,405.7,257.1,308.6,380,497.1,454.3,491.4,488.6,480.9
North Center,5,35000,Weapons Violation,6,5,5,7,3,5,5,8,5,16,5.3,0,0,0,-6,14.3,14.3,22.9,20,17.1,14.3,14.3,14.3,15.1
Pullman,50,7000,Aggravated Assault,39,40,36,29,21,25,23,39,28,115,38.3,44,12,-22.2,-27,357.1,328.6,557.1,414.3,557.1,571.4,514.3,400,547.1
Pullman,50,7000,Aggravated Battery,29,33,30,25,33,33,38,33,40,92,30.7,-9.1,21.2,33.3,30,471.4,542.9,471.4,357.1,414.3,471.4,428.6,571.4,438.6
Pullman,50,7000,Arson,3,0,2,2,1,2,1,0,2,5,1.7,0,0,0,18,28.6,14.3,0,28.6,42.9,0,28.6,28.6,24.3
Pullman,50,7000,Burglary,15,27,23,31,28,45,33,34,36,65,21.7,-48.9,-20,56.5,66,642.9,471.4,485.7,442.9,214.3,385.7,328.6,514.3,310
Pullman,50,7000,Criminal Sexual Abuse,8,1,5,7,3,6,4,6,4,14,4.7,-16.7,-33.3,-20,-15,85.7,57.1,85.7,100,114.3,14.3,71.4,57.1,67.1
Pullman,50,7000,Criminal Sexual Assault,5,7,11,8,6,10,1,4,9,23,7.7,10,-10,-18.2,17,142.9,14.3,57.1,114.3,71.4,100,157.1,128.6,110
Pullman,50,7000,Disorderly Conduct,10,9,12,4,9,11,7,6,11,31,10.3,9.1,0,-8.3,7,157.1,100,85.7,57.1,142.9,128.6,171.4,157.1,147.1
Pullman,50,7000,Drug Abuse,6,12,10,5,14,31,14,13,15,28,9.3,-67.7,-51.6,50,61,442.9,200,185.7,71.4,85.7,171.4,142.9,214.3,132.9
Pullman,50,7000,Embezzlement,0,0,1,0,0,0,0,1,1,1,0.3,NA,NA,0,233,0,0,14.3,0,0,0,14.3,14.3,4.3
Pullman,50,7000,Forgery & Counterfeiting,2,6,2,1,3,4,1,3,3,10,3.3,-50,-25,50,-9,57.1,14.3,42.9,14.3,28.6,85.7,28.6,42.9,47.1
Pullman,50,7000,Fraud,62,44,51,69,34,40,72,67,47,157,52.3,27.5,17.5,-7.8,-10,571.4,1028.6,957.1,985.7,885.7,628.6,728.6,671.4,747.1
Pullman,50,7000,Gambling,0,0,0,0,0,2,0,0,0,0,0,-100,-100,NA,NA,28.6,0,0,0,0,0,0,0,0
Pullman,50,7000,Human Trafficking,0,0,0,0,0,0,0,0,0,0,0,NA,NA,NA,NA,0,0,0,0,0,0,0,0,0
Pullman,50,7000,Involuntary Manslaughter,0,0,0,0,0,1,0,0,0,0,0,-100,-100,NA,NA,14.3,0,0,0,0,0,0,0,0
Pullman,50,7000,Liquor License,0,0,0,0,0,1,0,0,0,0,0,-100,-100,NA,NA,14.3,0,0,0,0,0,0,0,0
Pullman,50,7000,Misc Non-Index Offense,102,108,148,115,102,171,118,92,145,358,119.3,-13.5,-15.2,-2,22,2442.9,1685.7,1314.3,1642.9,1457.1,1542.9,2114.3,2071.4,1704.3
Pullman,50,7000,Motor Vehicle Theft,131,111,73,100,61,41,47,53,79,315,105,78,92.7,8.2,-25,585.7,671.4,757.1,1428.6,1871.4,1585.7,1042.9,1128.6,1500
Pullman,50,7000,Murder,0,5,0,4,1,3,3,6,1,5,1.7,-100,-66.7,NA,-41,42.9,42.9,85.7,57.1,0,71.4,0,14.3,24.3
Pullman,50,7000,Obscenity,0,0,0,0,0,0,0,0,0,0,0,NA,NA,NA,NA,0,0,0,0,0,0,0,0,0
Pullman,50,7000,Offenses Against Family,4,3,2,6,3,9,5,4,3,9,3,-77.8,-66.7,50,0,128.6,71.4,57.1,85.7,57.1,42.9,28.6,42.9,42.9
Pullman,50,7000,Prostitution,0,0,0,0,0,0,0,0,0,0,0,NA,NA,NA,NA,0,0,0,0,0,0,0,0,0
Pullman,50,7000,Robbery,19,20,11,30,8,21,18,30,14,50,16.7,-47.6,-33.3,27.3,-16,300,257.1,428.6,428.6,271.4,285.7,157.1,200,238.6
Pullman,50,7000,Simple Assault,93,105,99,72,67,91,60,78,88,297,99,8.8,-3.3,-11.1,-11,1300,857.1,1114.3,1028.6,1328.6,1500,1414.3,1257.1,1414.3
Pullman,50,7000,Simple Battery,193,151,165,117,114,210,164,128,156,509,169.7,-21.4,-25.7,-5.5,-8,3000,2342.9,1828.6,1671.4,2757.1,2157.1,2357.1,2228.6,2424.3
Pullman,50,7000,Stolen Property,0,0,0,2,0,0,1,0,0,0,0,NA,NA,NA,NA,0,14.3,0,28.6,0,0,0,0,0
Pullman,50,7000,Theft,150,232,217,101,161,199,120,105,210,599,199.7,9,5.5,-3.2,5,2842.9,1714.3,1500,1442.9,2142.9,3314.3,3100,3000,2852.9
Pullman,50,7000,Theft Over $500,61,50,51,57,33,36,24,55,45,162,54,41.7,25,-11.8,-17,514.3,342.9,785.7,814.3,871.4,714.3,728.6,642.9,771.4
Pullman,50,7000,Vandalism,120,111,118,133,97,133,123,120,122,349,116.3,-11.3,-8.3,3.4,5,1900,1757.1,1714.3,1900,1714.3,1585.7,1685.7,1742.9,1661.4
Pullman,50,7000,Weapons Violation,47,51,29,44,29,39,48,59,38,127,42.3,-25.6,-2.6,31,-10,557.1,685.7,842.9,628.6,671.4,728.6,414.3,542.9,604.3
South Deering,51,14000,Aggravated Assault,73,67,71,81,44,50,59,74,62,211,70.3,42,24,-12.7,-12,357.1,421.4,528.6,578.6,521.4,478.6,507.1,442.9,502.1
South Deering,51,14000,Aggravated Battery,75,91,67,74,39,65,80,81,52,233,77.7,3.1,-20,-22.4,-33,464.3,571.4,578.6,528.6,535.7,650,478.6,371.4,555
South Deering,51,14000,Arson,4,1,3,3,2,4,1,4,2,8,2.7,-25,-50,-33.3,-26,28.6,7.1,28.6,21.4,28.6,7.1,21.4,14.3,19.3
South Deering,51,14000,Burglary,49,44,54,40,30,56,56,39,46,147,49,-3.6,-17.9,-14.8,-6,400,400,278.6,285.7,350,314.3,385.7,328.6,350
South Deering,51,14000,Criminal Sexual Abuse,5,10,8,6,7,5,5,4,8,23,7.7,60,60,0,4,35.7,35.7,28.6,42.9,35.7,71.4,57.1,57.1,55
South Deering,51,14000,Criminal Sexual Assault,8,12,6,6,7,9,4,11,8,26,8.7,-33.3,-11.1,33.3,-8,64.3,28.6,78.6,42.9,57.1,85.7,42.9,57.1,62.1
South Deering,51,14000,Disorderly Conduct,9,9,4,6,7,24,11,1,8,22,7.3,-83.3,-66.7,100,10,171.4,78.6,7.1,42.9,64.3,64.3,28.6,57.1,52.1
South Deering,51,14000,Drug Abuse,18,8,25,12,11,65,26,8,18,51,17,-61.5,-72.3,-28,6,464.3,185.7,57.1,85.7,128.6,57.1,178.6,128.6,121.4
South Deering,51,14000,Embezzlement,0,0,0,1,0,2,0,0,0,0,0,-100,-100,NA,NA,14.3,0,0,7.1,0,0,0,0,0
South Deering,51,14000,Forgery & Counterfeiting,10,8,7,7,1,7,11,7,4,25,8.3,0,-42.9,-42.9,-52,50,78.6,50,50,71.4,57.1,50,28.6,59.3
South Deering,51,14000,Fraud,82,95,85,92,57,87,113,117,75,262,87.3,-2.3,-13.8,-11.8,-14,621.4,807.1,835.7,657.1,585.7,678.6,607.1,535.7,623.6
South Deering,51,14000,Gambling,0,0,0,0,0,0,0,0,0,0,0,NA,NA,NA,NA,0,0,0,0,0,0,0,0,0
South Deering,51,14000,Human Trafficking,0,0,0,0,0,0,0,0,0,0,0,NA,NA,NA,NA,0,0,0,0,0,0,0,0,0
South Deering,51,14000,Involuntary Manslaughter,0,0,0,0,0,1,1,0,0,0,0,-100,-100,NA,NA,7.1,7.1,0,0,0,0,0,0,0
South Deering,51,14000,Liquor License,0,1,1,6,0,2,0,1,0,2,0.7,-50,-100,-100,-100,14.3,0,7.1,42.9,0,7.1,7.1,0,5
South Deering,51,14000,Misc Non-Index Offense,214,169,178,165,130,216,135,167,170,561,187,-17.6,-21.3,-4.5,-9,1542.9,964.3,1192.9,1178.6,1528.6,1207.1,1271.4,1214.3,1335.7
South Deering,51,14000,Motor Vehicle Theft,336,197,190,193,154,58,73,86,204,723,241,227.6,251.7,7.4,-15,414.3,521.4,614.3,1378.6,2400,1407.1,1357.1,1457.1,1721.4
South Deering,51,14000,Murder,5,2,5,7,3,1,9,6,5,12,4,400,400,0,25,7.1,64.3,42.9,50,35.7,14.3,35.7,35.7,28.6
South Deering,51,14000,Obscenity,0,0,0,0,0,0,0,0,0,0,0,NA,NA,NA,NA,0,0,0,0,0,0,0,0,0
South Deering,51,14000,Offenses Against Family,8,7,6,4,6,6,11,8,7,21,7,0,16.7,16.7,0,42.9,78.6,57.1,28.6,57.1,50,42.9,50,50
South Deering,51,14000,Prostitution,1,0,1,1,0,2,0,2,0,2,0.7,-50,-100,-100,-100,14.3,0,14.3,7.1,7.1,0,7.1,0,5
South Deering,51,14000,Robbery,78,45,59,54,23,46,58,41,35,182,60.7,28.3,-23.9,-40.7,-42,328.6,414.3,292.9,385.7,557.1,321.4,421.4,250,433.6
South Deering,51,14000,Simple Assault,127,126,133,132,111,155,144,139,148,386,128.7,-14.2,-4.5,11.3,15,1107.1,1028.6,992.9,942.9,907.1,900,950,1057.1,919.3
South Deering,51,14000,Simple Battery,246,241,269,216,179,295,268,198,244,756,252,-8.8,-17.3,-9.3,-3,2107.1,1914.3,1414.3,1542.9,1757.1,1721.4,1921.4,1742.9,1800
South Deering,51,14000,Stolen Property,0,0,0,1,0,0,0,0,0,0,0,NA,NA,NA,NA,0,0,0,7.1,0,0,0,0,0
South Deering,51,14000,Theft,206,292,280,176,177,373,194,167,251,778,259.3,-24.9,-32.7,-10.4,-3,2664.3,1385.7,1192.9,1257.1,1471.4,2085.7,2000,1792.9,1852.1
South Deering,51,14000,Theft Over $500,136,115,105,112,63,93,89,75,90,356,118.7,12.9,-3.2,-14.3,-24,664.3,635.7,535.7,800,971.4,821.4,750,642.9,847.9
South Deering,51,14000,Vandalism,287,283,256,292,164,177,214,168,217,826,275.3,44.6,22.6,-15.2,-21,1264.3,1528.6,1200,2085.7,2050,2021.4,1828.6,1550,1966.4
South Deering,51,14000,Weapons Violation,93,71,46,94,30,59,78,61,43,210,70,-22,-27.1,-6.5,-39,421.4,557.1,435.7,671.4,664.3,507.1,328.6,307.1,500
East Side,52,22000,Aggravated Assault,68,50,42,50,39,26,25,35,47,160,53.3,61.5,80.8,11.9,-12,118.2,113.6,159.1,227.3,309.1,227.3,190.9,213.6,242.3
East Side,52,22000,Aggravated Battery,42,48,60,36,32,34,38,45,46,150,50,76.5,35.3,-23.3,-8,154.5,172.7,204.5,163.6,190.9,218.2,272.7,209.1,227.3
East Side,52,22000,Arson,1,5,2,2,1,5,9,10,1,8,2.7,-60,-80,-50,-63,22.7,40.9,45.5,9.1,4.5,22.7,9.1,4.5,12.3
East Side,52,22000,Burglary,33,52,44,35,38,31,26,30,51,129,43,41.9,64.5,15.9,19,140.9,118.2,136.4,159.1,150,236.4,200,231.8,195.5
East Side,52,22000,Criminal Sexual Abuse,11,10,9,6,8,7,3,7,10,30,10,28.6,42.9,11.1,0,31.8,13.6,31.8,27.3,50,45.5,40.9,45.5,45.5
East Side,52,22000,Criminal Sexual Assault,10,10,1,5,6,2,3,9,7,21,7,-50,250,600,0,9.1,13.6,40.9,22.7,45.5,45.5,4.5,31.8,31.8
East Side,52,22000,Disorderly Conduct,6,2,7,6,10,16,7,1,13,15,5,-56.2,-18.8,85.7,160,72.7,31.8,4.5,27.3,27.3,9.1,31.8,59.1,22.7
East Side,52,22000,Drug Abuse,12,8,15,5,5,47,14,5,10,35,11.7,-68.1,-78.7,-33.3,-15,213.6,63.6,22.7,22.7,54.5,36.4,68.2,45.5,53.2
East Side,52,22000,Embezzlement,0,0,0,1,0,0,0,0,0,0,0,NA,NA,NA,NA,0,0,0,4.5,0,0,0,0,0
East Side,52,22000,Forgery & Counterfeiting,10,3,5,4,4,5,4,6,6,18,6,0,20,20,0,22.7,18.2,27.3,18.2,45.5,13.6,22.7,27.3,27.3
East Side,52,22000,Fraud,41,46,50,58,44,35,77,78,60,137,45.7,42.9,71.4,20,31,159.1,350,354.5,263.6,186.4,209.1,227.3,272.7,207.7
East Side,52,22000,Gambling,0,0,0,0,0,0,0,0,0,0,0,NA,NA,NA,NA,0,0,0,0,0,0,0,0,0
East Side,52,22000,Human Trafficking,0,0,0,0,0,1,0,0,0,0,0,-100,-100,NA,NA,4.5,0,0,0,0,0,0,0,0
East Side,52,22000,Involuntary Manslaughter,0,0,0,0,0,0,0,0,0,0,0,NA,NA,NA,NA,0,0,0,0,0,0,0,0,0
East Side,52,22000,Liquor License,1,1,2,6,1,0,0,1,1,4,1.3,NA,NA,-50,-23,0,0,4.5,27.3,4.5,4.5,9.1,4.5,5.9
East Side,52,22000,Misc Non-Index Offense,192,148,160,135,103,147,99,114,155,500,166.7,8.8,5.4,-3.1,-7,668.2,450,518.2,613.6,872.7,672.7,727.3,704.5,757.7
East Side,52,22000,Motor Vehicle Theft,141,176,203,75,115,39,46,53,161,520,173.3,420.5,312.8,-20.7,-7,177.3,209.1,240.9,340.9,640.9,800,922.7,731.8,787.7
East Side,52,22000,Murder,5,3,6,3,3,6,4,2,6,14,4.7,0,0,0,28,27.3,18.2,9.1,13.6,22.7,13.6,27.3,27.3,21.4
East Side,52,22000,Obscenity,0,0,0,0,0,0,0,0,0,0,0,NA,NA,NA,NA,0,0,0,0,0,0,0,0,0
East Side,52,22000,Offenses Against Family,9,10,2,6,3,11,3,7,4,21,7,-81.8,-63.6,100,-43,50,13.6,31.8,27.3,40.9,45.5,9.1,18.2,31.8
East Side,52,22000,Prostitution,2,0,0,0,2,0,0,0,2,2,0.7,NA,NA,NA,186,0,0,0,0,9.1,0,0,9.1,3.2
East Side,52,22000,Robbery,29,23,19,39,20,19,15,25,24,71,23.7,0,26.3,26.3,1,86.4,68.2,113.6,177.3,131.8,104.5,86.4,109.1,107.7
East Side,52,22000,Simple Assault,114,80,119,73,82,82,68,87,113,313,104.3,45.1,37.8,-5,8,372.7,309.1,395.5,331.8,518.2,363.6,540.9,513.6,474.1
East Side,52,22000,Simple Battery,212,189,202,213,124,187,181,161,173,603,201,8,-7.5,-14.4,-14,850,822.7,731.8,968.2,963.6,859.1,918.2,786.4,913.6
East Side,52,22000,Stolen Property,0,0,0,0,0,0,0,0,0,0,0,NA,NA,NA,NA,0,0,0,0,0,0,0,0,0
East Side,52,22000,Theft,170,135,157,117,136,106,99,78,173,462,154,48.1,63.2,10.2,12,481.8,450,354.5,531.8,772.7,613.6,713.6,786.4,700
East Side,52,22000,Theft Over $500,104,59,46,78,28,33,30,47,40,209,69.7,39.4,21.2,-13,-43,150,136.4,213.6,354.5,472.7,268.2,209.1,181.8,316.8
East Side,52,22000,Vandalism,190,196,218,166,126,122,144,162,185,604,201.3,78.7,51.6,-15.1,-8,554.5,654.5,736.4,754.5,863.6,890.9,990.9,840.9,915
East Side,52,22000,Weapons Violation,74,49,43,46,28,45,60,49,38,166,55.3,-4.4,-15.6,-11.6,-31,204.5,272.7,222.7,209.1,336.4,222.7,195.5,172.7,251.4
West Pullman,53,26000,Aggravated Assault,156,149,107,146,96,105,171,159,113,412,137.3,1.9,7.6,5.6,-18,403.8,657.7,611.5,561.5,600,573.1,411.5,434.6,528.1
West Pullman,53,26000,Aggravated Battery,156,152,102,138,108,193,188,205,138,410,136.7,-47.2,-28.5,35.3,1,742.3,723.1,788.5,530.8,600,584.6,392.3,530.8,525.8
West Pullman,53,26000,Arson,12,16,14,6,7,7,14,16,7,42,14,100,0,-50,-50,26.9,53.8,61.5,23.1,46.2,61.5,53.8,26.9,53.8
West Pullman,53,26000,Burglary,82,108,166,159,133,181,314,258,176,356,118.7,-8.3,-2.8,6,48,696.2,1207.7,992.3,611.5,315.4,415.4,638.5,676.9,456.5
West Pullman,53,26000,Criminal Sexual Abuse,20,12,21,9,22,28,26,7,30,53,17.7,-25,7.1,42.9,69,107.7,100,26.9,34.6,76.9,46.2,80.8,115.4,68.1
West Pullman,53,26000,Criminal Sexual Assault,21,20,20,19,17,27,27,21,23,61,20.3,-25.9,-14.8,15,13,103.8,103.8,80.8,73.1,80.8,76.9,76.9,88.5,78.1
West Pullman,53,26000,Disorderly Conduct,15,25,40,11,43,55,14,8,50,80,26.7,-27.3,-9.1,25,87,211.5,53.8,30.8,42.3,57.7,96.2,153.8,192.3,102.7
West Pullman,53,26000,Drug Abuse,49,75,62,43,66,162,85,35,81,186,62,-61.7,-50,30.6,31,623.1,326.9,134.6,165.4,188.5,288.5,238.5,311.5,238.5
West Pullman,53,26000,Embezzlement,0,0,0,0,0,0,0,1,0,0,0,NA,NA,NA,NA,0,0,3.8,0,0,0,0,0,0
West Pullman,53,26000,Forgery & Counterfeiting,23,15,10,5,4,15,10,13,5,48,16,-33.3,-66.7,-50,-69,57.7,38.5,50,19.2,88.5,57.7,38.5,19.2,61.5
West Pullman,53,26000,Fraud,168,195,158,173,106,184,236,219,140,521,173.7,-14.1,-23.9,-11.4,-19,707.7,907.7,842.3,665.4,646.2,750,607.7,538.5,668.1
West Pullman,53,26000,Gambling,0,0,0,0,0,0,0,1,0,0,0,NA,NA,NA,NA,0,0,3.8,0,0,0,0,0,0
West Pullman,53,26000,Human Trafficking,0,0,0,0,0,0,0,1,0,0,0,NA,NA,NA,NA,0,0,3.8,0,0,0,0,0,0
West Pullman,53,26000,Involuntary Manslaughter,0,0,0,1,0,0,0,0,0,0,0,NA,NA,NA,NA,0,0,0,3.8,0,0,0,0,0
West Pullman,53,26000,Liquor License,1,4,0,1,0,1,0,5,0,5,1.7,-100,-100,NA,-100,3.8,0,19.2,3.8,3.8,15.4,0,0,6.5
West Pullman,53,26000,Misc Non-Index Offense,329,392,396,317,328,459,362,308,414,1117,372.3,-13.7,-9.8,4.5,11,1765.4,1392.3,1184.6,1219.2,1265.4,1507.7,1523.1,1592.3,1431.9
West Pullman,53,26000,Motor Vehicle Theft,480,329,287,392,217,150,165,154,289,1096,365.3,91.3,92.7,0.7,-21,576.9,634.6,592.3,1507.7,1846.2,1265.4,1103.8,1111.5,1405
West Pullman,53,26000,Murder,13,19,8,22,9,6,19,37,9,40,13.3,33.3,50,12.5,-32,23.1,73.1,142.3,84.6,50,73.1,30.8,34.6,51.2
West Pullman,53,26000,Obscenity,0,0,0,0,0,0,0,0,0,0,0,NA,NA,NA,NA,0,0,0,0,0,0,0,0,0
West Pullman,53,26000,Offenses Against Family,15,12,10,17,14,24,20,22,15,37,12.3,-58.3,-37.5,50,22,92.3,76.9,84.6,65.4,57.7,46.2,38.5,57.7,47.3
West Pullman,53,26000,Prostitution,0,1,1,3,1,14,5,4,1,2,0.7,-92.9,-92.9,0,43,53.8,19.2,15.4,11.5,0,3.8,3.8,3.8,2.7
West Pullman,53,26000,Robbery,90,109,75,86,43,90,110,95,65,274,91.3,-16.7,-27.8,-13.3,-29,346.2,423.1,365.4,330.8,346.2,419.2,288.5,250,351.2
West Pullman,53,26000,Simple Assault,209,255,237,194,176,237,205,249,224,701,233.7,0,-5.5,-5.5,-4,911.5,788.5,957.7,746.2,803.8,980.8,911.5,861.5,898.8
West Pullman,53,26000,Simple Battery,520,514,498,457,366,701,629,479,487,1532,510.7,-29,-30.5,-2.2,-5,2696.2,2419.2,1842.3,1757.7,2000,1976.9,1915.4,1873.1,1964.2
West Pullman,53,26000,Stolen Property,0,0,2,3,1,1,0,0,2,2,0.7,100,100,0,186,3.8,0,0,11.5,0,0,7.7,7.7,2.7
West Pullman,53,26000,Theft,312,356,331,283,218,356,325,259,315,999,333,-7,-11.5,-4.8,-5,1369.2,1250,996.2,1088.5,1200,1369.2,1273.1,1211.5,1280.8
West Pullman,53,26000,Theft Over $500,211,203,149,173,82,156,125,144,119,563,187.7,-4.5,-23.7,-20.1,-37,600,480.8,553.8,665.4,811.5,780.8,573.1,457.7,721.9
West Pullman,53,26000,Vandalism,482,558,462,495,310,508,567,533,431,1502,500.7,-9.1,-15.2,-6.7,-14,1953.8,2180.8,2050,1903.8,1853.8,2146.2,1776.9,1657.7,1925.8
West Pullman,53,26000,Weapons Violation,250,187,91,254,83,211,247,316,107,528,176,-56.9,-49.3,17.6,-39,811.5,950,1215.4,976.9,961.5,719.2,350,411.5,676.9
Riverdale,54,7000,Aggravated Assault,75,73,51,53,49,47,51,68,63,199,66.3,8.5,34,23.5,-5,671.4,728.6,971.4,757.1,1071.4,1042.9,728.6,900,947.1
Riverdale,54,7000,Aggravated Battery,66,67,47,55,59,64,45,61,69,180,60,-26.6,7.8,46.8,15,914.3,642.9,871.4,785.7,942.9,957.1,671.4,985.7,857.1
Riverdale,54,7000,Arson,1,5,5,1,2,3,1,3,3,11,3.7,66.7,0,-40,-19,42.9,14.3,42.9,14.3,14.3,71.4,71.4,42.9,52.9
Riverdale,54,7000,Burglary,30,18,21,38,28,40,26,28,34,69,23,-47.5,-15,61.9,48,571.4,371.4,400,542.9,428.6,257.1,300,485.7,328.6
Riverdale,54,7000,Criminal Sexual Abuse,8,5,3,6,4,8,2,2,4,16,5.3,-62.5,-50,33.3,-25,114.3,28.6,28.6,85.7,114.3,71.4,42.9,57.1,75.7
Riverdale,54,7000,Criminal Sexual Assault,20,13,6,7,6,7,8,7,8,39,13,-14.3,14.3,33.3,-38,100,114.3,100,100,285.7,185.7,85.7,114.3,185.7
Riverdale,54,7000,Disorderly Conduct,1,7,4,3,7,21,8,3,8,12,4,-81,-61.9,100,100,300,114.3,42.9,42.9,14.3,100,57.1,114.3,57.1
Riverdale,54,7000,Drug Abuse,3,3,5,6,12,30,13,4,13,11,3.7,-83.3,-56.7,160,251,428.6,185.7,57.1,85.7,42.9,42.9,71.4,185.7,52.9
Riverdale,54,7000,Embezzlement,0,0,0,0,0,0,0,0,0,0,0,NA,NA,NA,NA,0,0,0,0,0,0,0,0,0
Riverdale,54,7000,Forgery & Counterfeiting,2,3,1,1,0,2,2,0,0,6,2,-50,-100,-100,-100,28.6,28.6,0,14.3,28.6,42.9,14.3,0,28.6
Riverdale,54,7000,Fraud,29,31,19,45,23,36,50,42,26,79,26.3,-47.2,-27.8,36.8,-1,514.3,714.3,600,642.9,414.3,442.9,271.4,371.4,375.7
Riverdale,54,7000,Gambling,0,1,0,0,0,0,0,0,0,1,0.3,NA,NA,NA,-100,0,0,0,0,0,14.3,0,0,4.3
Riverdale,54,7000,Human Trafficking,0,0,0,1,0,0,0,1,0,0,0,NA,NA,NA,NA,0,0,14.3,14.3,0,0,0,0,0
Riverdale,54,7000,Involuntary Manslaughter,0,0,0,0,0,0,0,0,0,0,0,NA,NA,NA,NA,0,0,0,0,0,0,0,0,0
Riverdale,54,7000,Liquor License,0,0,0,0,0,0,0,0,0,0,0,NA,NA,NA,NA,0,0,0,0,0,0,0,0,0
Riverdale,54,7000,Misc Non-Index Offense,98,100,128,121,83,199,111,104,128,326,108.7,-35.7,-35.7,0,18,2842.9,1585.7,1485.7,1728.6,1400,1428.6,1828.6,1828.6,1552.9
Riverdale,54,7000,Motor Vehicle Theft,139,99,81,135,45,45,43,57,61,319,106.3,80,35.6,-24.7,-43,642.9,614.3,814.3,1928.6,1985.7,1414.3,1157.1,871.4,1518.6
Riverdale,54,7000,Murder,6,1,8,7,3,3,8,5,4,15,5,166.7,33.3,-50,-20,42.9,114.3,71.4,100,85.7,14.3,114.3,57.1,71.4
Riverdale,54,7000,Obscenity,0,0,0,0,0,0,0,0,0,0,0,NA,NA,NA,NA,0,0,0,0,0,0,0,0,0
Riverdale,54,7000,Offenses Against Family,17,5,5,13,4,12,9,11,4,27,9,-58.3,-66.7,-20,-56,171.4,128.6,157.1,185.7,242.9,71.4,71.4,57.1,128.6
Riverdale,54,7000,Prostitution,0,1,0,0,1,2,0,1,1,1,0.3,-100,-50,NA,233,28.6,0,14.3,0,0,14.3,0,14.3,4.3
Riverdale,54,7000,Robbery,40,26,32,42,12,24,37,21,20,98,32.7,33.3,-16.7,-37.5,-39,342.9,528.6,300,600,571.4,371.4,457.1,285.7,467.1
Riverdale,54,7000,Simple Assault,107,106,115,106,80,129,84,111,106,328,109.3,-10.9,-17.8,-7.8,-3,1842.9,1200,1585.7,1514.3,1528.6,1514.3,1642.9,1514.3,1561.4
Riverdale,54,7000,Simple Battery,238,253,230,229,202,287,238,198,257,721,240.3,-19.9,-10.5,11.7,7,4100,3400,2828.6,3271.4,3400,3614.3,3285.7,3671.4,3432.9
Riverdale,54,7000,Stolen Property,1,0,0,1,0,0,0,0,0,1,0.3,NA,NA,NA,-100,0,0,0,14.3,14.3,0,0,0,4.3
Riverdale,54,7000,Theft,101,95,87,87,77,125,91,75,89,283,94.3,-30.4,-28.8,2.3,-6,1785.7,1300,1071.4,1242.9,1442.9,1357.1,1242.9,1271.4,1347.1
Riverdale,54,7000,Theft Over $500,55,55,41,48,28,32,24,57,37,151,50.3,28.1,15.6,-9.8,-26,457.1,342.9,814.3,685.7,785.7,785.7,585.7,528.6,718.6
Riverdale,54,7000,Vandalism,190,179,144,191,110,199,146,193,144,513,171,-27.6,-27.6,0,-16,2842.9,2085.7,2757.1,2728.6,2714.3,2557.1,2057.1,2057.1,2442.9
Riverdale,54,7000,Weapons Violation,60,39,38,78,32,82,74,73,41,137,45.7,-53.7,-50,7.9,-10,1171.4,1057.1,1042.9,1114.3,857.1,557.1,542.9,585.7,652.9
Hegewisch,55,10000,Aggravated Assault,24,20,12,18,24,10,16,22,26,56,18.7,20,160,116.7,39,100,160,220,180,240,200,120,260,187
Hegewisch,55,10000,Aggravated Battery,25,29,27,22,15,10,16,19,21,81,27,170,110,-22.2,-22,100,160,190,220,250,290,270,210,270
Hegewisch,55,10000,Arson,1,0,1,3,0,0,2,7,0,2,0.7,NA,NA,-100,-100,0,20,70,30,10,0,10,0,7
Hegewisch,55,10000,Burglary,18,23,26,15,31,25,16,20,40,67,22.3,4,60,53.8,79,250,160,200,150,180,230,260,400,223
Hegewisch,55,10000,Criminal Sexual Abuse,6,3,4,5,4,10,2,3,4,13,4.3,-60,-60,0,-7,100,20,30,50,60,30,40,40,43
Hegewisch,55,10000,Criminal Sexual Assault,6,4,4,3,1,2,7,1,2,14,4.7,100,0,-50,-57,20,70,10,30,60,40,40,20,47
Hegewisch,55,10000,Disorderly Conduct,3,0,0,2,2,3,0,0,2,3,1,-100,-33.3,NA,100,30,0,0,20,30,0,0,20,10
Hegewisch,55,10000,Drug Abuse,8,2,1,1,5,3,2,1,5,11,3.7,-66.7,66.7,400,35,30,20,10,10,80,20,10,50,37
Hegewisch,55,10000,Embezzlement,0,0,0,0,0,1,0,0,0,0,0,-100,-100,NA,NA,10,0,0,0,0,0,0,0,0
Hegewisch,55,10000,Forgery & Counterfeiting,29,31,4,13,0,3,2,7,0,64,21.3,33.3,-100,-100,-100,30,20,70,130,290,310,40,0,213
Hegewisch,55,10000,Fraud,34,31,36,37,13,19,42,57,21,101,33.7,89.5,10.5,-41.7,-38,190,420,570,370,340,310,360,210,337
Hegewisch,55,10000,Gambling,0,0,0,0,0,0,0,0,0,0,0,NA,NA,NA,NA,0,0,0,0,0,0,0,0,0
Hegewisch,55,10000,Human Trafficking,0,0,0,0,0,0,0,0,0,0,0,NA,NA,NA,NA,0,0,0,0,0,0,0,0,0
Hegewisch,55,10000,Involuntary Manslaughter,0,0,0,0,0,0,0,0,0,0,0,NA,NA,NA,NA,0,0,0,0,0,0,0,0,0
Hegewisch,55,10000,Liquor License,2,1,0,2,0,0,0,0,0,3,1,NA,NA,NA,-100,0,0,0,20,20,10,0,0,10
Hegewisch,55,10000,Misc Non-Index Offense,101,112,88,77,67,65,70,75,82,301,100.3,35.4,26.2,-6.8,-18,650,700,750,770,1010,1120,880,820,1003
Hegewisch,55,10000,Motor Vehicle Theft,101,99,105,54,56,14,30,21,81,305,101.7,650,478.6,-22.9,-20,140,300,210,540,1010,990,1050,810,1017
Hegewisch,55,10000,Murder,0,0,2,0,0,0,0,1,0,2,0.7,NA,NA,-100,-100,0,0,10,0,0,0,20,0,7
Hegewisch,55,10000,Obscenity,0,0,0,0,0,0,0,0,0,0,0,NA,NA,NA,NA,0,0,0,0,0,0,0,0,0
Hegewisch,55,10000,Offenses Against Family,4,1,5,4,0,2,8,3,1,10,3.3,150,-50,-80,-70,20,80,30,40,40,10,50,10,33
Hegewisch,55,10000,Prostitution,0,1,0,1,0,0,1,2,0,1,0.3,NA,NA,NA,-100,0,10,20,10,0,10,0,0,3
Hegewisch,55,10000,Robbery,10,11,13,8,10,11,8,11,12,34,11.3,18.2,9.1,-7.7,6,110,80,110,80,100,110,130,120,113
Hegewisch,55,10000,Simple Assault,46,62,47,42,41,42,38,42,51,155,51.7,11.9,21.4,8.5,-1,420,380,420,420,460,620,470,510,517
Hegewisch,55,10000,Simple Battery,115,88,93,104,87,97,79,116,108,296,98.7,-4.1,11.3,16.1,9,970,790,1160,1040,1150,880,930,1080,987
Hegewisch,55,10000,Stolen Property,2,0,0,0,1,0,0,0,1,2,0.7,NA,NA,NA,43,0,0,0,0,20,0,0,10,7
Hegewisch,55,10000,Theft,71,109,111,74,80,74,66,81,101,291,97,50,36.5,-9,4,740,660,810,740,710,1090,1110,1010,970
Hegewisch,55,10000,Theft Over $500,45,64,33,48,14,25,27,37,17,142,47.3,32,-32,-48.5,-64,250,270,370,480,450,640,330,170,473
Hegewisch,55,10000,Vandalism,100,91,146,78,88,72,68,79,157,337,112.3,102.8,118.1,7.5,40,720,680,790,780,1000,910,1460,1570,1123
Hegewisch,55,10000,Weapons Violation,22,24,12,7,8,10,8,12,9,58,19.3,20,-10,-25,-53,100,80,120,70,220,240,120,90,193
Garfield Ridge,56,35000,Aggravated Assault,35,60,43,46,29,22,38,30,40,138,46,95.5,81.8,-7,-13,62.9,108.6,85.7,131.4,100,171.4,122.9,114.3,131.4
Garfield Ridge,56,35000,Aggravated Battery,38,42,32,35,23,19,25,34,29,112,37.3,68.4,52.6,-9.4,-22,54.3,71.4,97.1,100,108.6,120,91.4,82.9,106.6
Garfield Ridge,56,35000,Arson,5,3,6,1,2,5,5,2,3,14,4.7,20,-40,-50,-36,14.3,14.3,5.7,2.9,14.3,8.6,17.1,8.6,13.4
Garfield Ridge,56,35000,Burglary,66,75,77,70,98,98,66,40,120,218,72.7,-21.4,22.4,55.8,65,280,188.6,114.3,200,188.6,214.3,220,342.9,207.7
Garfield Ridge,56,35000,Criminal Sexual Abuse,17,11,14,16,9,12,12,10,15,42,14,16.7,25,7.1,7,34.3,34.3,28.6,45.7,48.6,31.4,40,42.9,40
Garfield Ridge,56,35000,Criminal Sexual Assault,7,7,8,12,5,14,7,7,7,22,7.3,-42.9,-50,-12.5,-4,40,20,20,34.3,20,20,22.9,20,20.9
Garfield Ridge,56,35000,Disorderly Conduct,22,17,15,6,5,9,7,7,10,54,18,66.7,11.1,-33.3,-44,25.7,20,20,17.1,62.9,48.6,42.9,28.6,51.4
Garfield Ridge,56,35000,Drug Abuse,13,29,41,5,14,60,9,11,27,83,27.7,-31.7,-55,-34.1,-3,171.4,25.7,31.4,14.3,37.1,82.9,117.1,77.1,79.1
Garfield Ridge,56,35000,Embezzlement,1,1,0,0,0,0,0,1,0,2,0.7,NA,NA,NA,-100,0,0,2.9,0,2.9,2.9,0,0,2
Garfield Ridge,56,35000,Forgery & Counterfeiting,66,9,9,91,5,19,26,9,7,84,28,-52.6,-63.2,-22.2,-75,54.3,74.3,25.7,260,188.6,25.7,25.7,20,80
Garfield Ridge,56,35000,Fraud,231,248,248,211,119,211,271,255,169,727,242.3,17.5,-19.9,-31.9,-30,602.9,774.3,728.6,602.9,660,708.6,708.6,482.9,692.3
Garfield Ridge,56,35000,Gambling,0,0,0,0,0,0,0,0,0,0,0,NA,NA,NA,NA,0,0,0,0,0,0,0,0,0
Garfield Ridge,56,35000,Human Trafficking,0,0,1,0,0,0,0,0,0,1,0.3,NA,NA,-100,-100,0,0,0,0,0,0,2.9,0,0.9
Garfield Ridge,56,35000,Involuntary Manslaughter,0,0,0,0,0,0,1,1,0,0,0,NA,NA,NA,NA,0,2.9,2.9,0,0,0,0,0,0
Garfield Ridge,56,35000,Liquor License,1,2,2,1,1,2,1,0,1,5,1.7,0,-50,-50,-41,5.7,2.9,0,2.9,2.9,5.7,5.7,2.9,4.9
Garfield Ridge,56,35000,Misc Non-Index Offense,195,241,232,160,157,160,160,158,207,668,222.7,45,29.4,-10.8,-7,457.1,457.1,451.4,457.1,557.1,688.6,662.9,591.4,636.3
Garfield Ridge,56,35000,Motor Vehicle Theft,243,344,143,141,123,55,37,69,159,730,243.3,160,189.1,11.2,-35,157.1,105.7,197.1,402.9,694.3,982.9,408.6,454.3,695.1
Garfield Ridge,56,35000,Murder,4,4,1,0,2,3,3,2,3,9,3,-66.7,0,200,0,8.6,8.6,5.7,0,11.4,11.4,2.9,8.6,8.6
Garfield Ridge,56,35000,Obscenity,0,0,0,0,0,0,0,0,0,0,0,NA,NA,NA,NA,0,0,0,0,0,0,0,0,0
Garfield Ridge,56,35000,Offenses Against Family,2,4,8,9,5,7,3,6,6,14,4.7,14.3,-14.3,-25,28,20,8.6,17.1,25.7,5.7,11.4,22.9,17.1,13.4
Garfield Ridge,56,35000,Prostitution,40,88,70,52,3,45,12,10,24,198,66,55.6,-46.7,-65.7,-64,128.6,34.3,28.6,148.6,114.3,251.4,200,68.6,188.6
Garfield Ridge,56,35000,Robbery,53,44,34,24,11,27,40,56,15,131,43.7,25.9,-44.4,-55.9,-66,77.1,114.3,160,68.6,151.4,125.7,97.1,42.9,124.9
Garfield Ridge,56,35000,Simple Assault,132,131,116,118,72,91,107,83,96,379,126.3,27.5,5.5,-17.2,-24,260,305.7,237.1,337.1,377.1,374.3,331.4,274.3,360.9
Garfield Ridge,56,35000,Simple Battery,257,238,265,213,175,226,191,208,245,760,253.3,17.3,8.4,-7.5,-3,645.7,545.7,594.3,608.6,734.3,680,757.1,700,723.7
Garfield Ridge,56,35000,Stolen Property,0,0,0,0,0,0,0,0,0,0,0,NA,NA,NA,NA,0,0,0,0,0,0,0,0,0
Garfield Ridge,56,35000,Theft,258,250,241,230,142,396,213,203,200,749,249.7,-39.1,-49.5,-17,-20,1131.4,608.6,580,657.1,737.1,714.3,688.6,571.4,713.4
Garfield Ridge,56,35000,Theft Over $500,250,155,128,227,66,103,72,140,98,533,177.7,24.3,-4.9,-23.4,-45,294.3,205.7,400,648.6,714.3,442.9,365.7,280,507.7
Garfield Ridge,56,35000,Vandalism,248,320,248,205,156,231,207,164,212,816,272,7.4,-8.2,-14.5,-22,660,591.4,468.6,585.7,708.6,914.3,708.6,605.7,777.1
Garfield Ridge,56,35000,Weapons Violation,104,91,65,83,40,52,46,62,61,260,86.7,25,17.3,-6.2,-30,148.6,131.4,177.1,237.1,297.1,260,185.7,174.3,247.7
Archer Heights,57,14000,Aggravated Assault,41,35,26,38,18,11,25,36,23,102,34,136.4,109.1,-11.5,-32,78.6,178.6,257.1,271.4,292.9,250,185.7,164.3,242.9
Archer Heights,57,14000,Aggravated Battery,26,20,19,29,11,11,11,24,11,65,21.7,72.7,0,-42.1,-49,78.6,78.6,171.4,207.1,185.7,142.9,135.7,78.6,155
Archer Heights,57,14000,Arson,4,3,0,2,1,1,4,1,1,7,2.3,-100,0,NA,-57,7.1,28.6,7.1,14.3,28.6,21.4,0,7.1,16.4
Archer Heights,57,14000,Burglary,32,47,42,44,55,47,22,22,65,121,40.3,-10.6,38.3,54.8,61,335.7,157.1,157.1,314.3,228.6,335.7,300,464.3,287.9
Archer Heights,57,14000,Criminal Sexual Abuse,6,5,5,6,5,11,4,3,6,16,5.3,-54.5,-45.5,20,13,78.6,28.6,21.4,42.9,42.9,35.7,35.7,42.9,37.9
Archer Heights,57,14000,Criminal Sexual Assault,5,6,6,3,4,12,11,3,7,17,5.7,-50,-41.7,16.7,23,85.7,78.6,21.4,21.4,35.7,42.9,42.9,50,40.7
Archer Heights,57,14000,Disorderly Conduct,14,5,10,3,2,2,2,0,5,29,9.7,400,150,-50,-48,14.3,14.3,0,21.4,100,35.7,71.4,35.7,69.3
Archer Heights,57,14000,Drug Abuse,5,9,12,3,5,15,5,2,5,26,8.7,-20,-66.7,-58.3,-43,107.1,35.7,14.3,21.4,35.7,64.3,85.7,35.7,62.1
Archer Heights,57,14000,Embezzlement,0,0,1,0,1,0,0,0,1,1,0.3,NA,NA,0,233,0,0,0,0,0,0,7.1,7.1,2.1
Archer Heights,57,14000,Forgery & Counterfeiting,19,25,17,20,7,6,6,9,8,61,20.3,183.3,33.3,-52.9,-61,42.9,42.9,64.3,142.9,135.7,178.6,121.4,57.1,145
Archer Heights,57,14000,Fraud,64,51,80,130,42,54,72,64,54,195,65,48.1,0,-32.5,-17,385.7,514.3,457.1,928.6,457.1,364.3,571.4,385.7,464.3
Archer Heights,57,14000,Gambling,0,0,0,0,0,0,0,0,0,0,0,NA,NA,NA,NA,0,0,0,0,0,0,0,0,0
Archer Heights,57,14000,Human Trafficking,0,0,0,0,0,0,0,0,0,0,0,NA,NA,NA,NA,0,0,0,0,0,0,0,0,0
Archer Heights,57,14000,Involuntary Manslaughter,0,0,0,0,0,0,1,0,0,0,0,NA,NA,NA,NA,0,7.1,0,0,0,0,0,0,0
Archer Heights,57,14000,Liquor License,1,0,1,0,0,2,0,1,0,2,0.7,-50,-100,-100,-100,14.3,0,7.1,0,7.1,0,7.1,0,5
Archer Heights,57,14000,Misc Non-Index Offense,83,93,104,68,74,71,65,50,96,280,93.3,46.5,35.2,-7.7,3,507.1,464.3,357.1,485.7,592.9,664.3,742.9,685.7,666.4
Archer Heights,57,14000,Motor Vehicle Theft,105,113,76,78,69,42,36,44,88,294,98,81,109.5,15.8,-10,300,257.1,314.3,557.1,750,807.1,542.9,628.6,700
Archer Heights,57,14000,Murder,3,0,2,1,0,0,0,1,1,5,1.7,NA,NA,-50,-41,0,0,7.1,7.1,21.4,0,14.3,7.1,12.1
Archer Heights,57,14000,Obscenity,0,0,0,0,0,0,0,0,0,0,0,NA,NA,NA,NA,0,0,0,0,0,0,0,0,0
Archer Heights,57,14000,Offenses Against Family,5,3,1,2,1,6,3,6,1,9,3,-83.3,-83.3,0,-67,42.9,21.4,42.9,14.3,35.7,21.4,7.1,7.1,21.4
Archer Heights,57,14000,Prostitution,0,0,0,2,1,0,0,0,1,0,0,NA,NA,NA,NA,0,0,0,14.3,0,0,0,7.1,0
Archer Heights,57,14000,Robbery,57,38,25,32,14,11,29,32,18,120,40,127.3,63.6,-28,-55,78.6,207.1,228.6,228.6,407.1,271.4,178.6,128.6,285.7
Archer Heights,57,14000,Simple Assault,53,61,48,47,44,49,37,34,54,162,54,-2,10.2,12.5,0,350,264.3,242.9,335.7,378.6,435.7,342.9,385.7,385.7
Archer Heights,57,14000,Simple Battery,118,135,119,126,76,119,97,101,108,372,124,0,-9.2,-9.2,-13,850,692.9,721.4,900,842.9,964.3,850,771.4,885.7
Archer Heights,57,14000,Stolen Property,0,0,0,0,0,0,0,0,0,0,0,NA,NA,NA,NA,0,0,0,0,0,0,0,0,0
Archer Heights,57,14000,Theft,167,279,351,137,177,185,130,107,265,797,265.7,89.7,43.2,-24.5,-0,1321.4,928.6,764.3,978.6,1192.9,1992.9,2507.1,1892.9,1897.9
Archer Heights,57,14000,Theft Over $500,77,74,52,87,31,56,40,42,42,203,67.7,-7.1,-25,-19.2,-38,400,285.7,300,621.4,550,528.6,371.4,300,483.6
Archer Heights,57,14000,Vandalism,92,83,83,104,55,84,73,62,73,258,86,-1.2,-13.1,-12,-15,600,521.4,442.9,742.9,657.1,592.9,592.9,521.4,614.3
Archer Heights,57,14000,Weapons Violation,51,35,21,45,13,19,21,32,15,107,35.7,10.5,-21.1,-28.6,-58,135.7,150,228.6,321.4,364.3,250,150,107.1,255
Brighton Park,58,45000,Aggravated Assault,92,100,69,90,74,48,41,88,101,261,87,43.8,110.4,46.4,16,106.7,91.1,195.6,200,204.4,222.2,153.3,224.4,193.3
Brighton Park,58,45000,Aggravated Battery,72,67,59,65,43,77,69,62,59,198,66,-23.4,-23.4,0,-11,171.1,153.3,137.8,144.4,160,148.9,131.1,131.1,146.7
Brighton Park,58,45000,Arson,7,12,3,4,4,7,20,3,5,22,7.3,-57.1,-28.6,66.7,-32,15.6,44.4,6.7,8.9,15.6,26.7,6.7,11.1,16.2
Brighton Park,58,45000,Burglary,56,76,95,72,126,116,55,57,159,227,75.7,-18.1,37.1,67.4,110,257.8,122.2,126.7,160,124.4,168.9,211.1,353.3,168.2
Brighton Park,58,45000,Criminal Sexual Abuse,24,25,12,16,17,26,36,30,22,61,20.3,-53.8,-15.4,83.3,8,57.8,80,66.7,35.6,53.3,55.6,26.7,48.9,45.1
Brighton Park,58,45000,Criminal Sexual Assault,16,17,18,17,9,20,14,15,15,51,17,-10,-25,-16.7,-12,44.4,31.1,33.3,37.8,35.6,37.8,40,33.3,37.8
Brighton Park,58,45000,Disorderly Conduct,3,11,7,1,12,11,7,2,14,21,7,-36.4,27.3,100,100,24.4,15.6,4.4,2.2,6.7,24.4,15.6,31.1,15.6
Brighton Park,58,45000,Drug Abuse,9,10,15,12,18,71,32,11,21,34,11.3,-78.9,-70.4,40,86,157.8,71.1,24.4,26.7,20,22.2,33.3,46.7,25.1
Brighton Park,58,45000,Embezzlement,0,0,0,0,0,0,0,0,0,0,0,NA,NA,NA,NA,0,0,0,0,0,0,0,0,0
Brighton Park,58,45000,Forgery & Counterfeiting,27,29,16,27,4,20,11,11,5,72,24,-20,-75,-68.8,-79,44.4,24.4,24.4,60,60,64.4,35.6,11.1,53.3
Brighton Park,58,45000,Fraud,121,136,130,103,82,139,139,127,112,387,129,-6.5,-19.4,-13.8,-13,308.9,308.9,282.2,228.9,268.9,302.2,288.9,248.9,286.7
Brighton Park,58,45000,Gambling,0,0,0,0,0,0,0,0,0,0,0,NA,NA,NA,NA,0,0,0,0,0,0,0,0,0
Brighton Park,58,45000,Human Trafficking,0,0,0,0,1,0,0,1,1,0,0,NA,NA,NA,NA,0,0,2.2,0,0,0,0,2.2,0
Brighton Park,58,45000,Involuntary Manslaughter,0,0,0,2,0,0,0,0,0,0,0,NA,NA,NA,NA,0,0,0,4.4,0,0,0,0,0
Brighton Park,58,45000,Liquor License,3,2,1,1,0,1,3,0,1,6,2,0,0,0,-50,2.2,6.7,0,2.2,6.7,4.4,2.2,2.2,4.4
Brighton Park,58,45000,Misc Non-Index Offense,194,198,236,197,165,239,187,163,236,628,209.3,-1.3,-1.3,0,13,531.1,415.6,362.2,437.8,431.1,440,524.4,524.4,465.1
Brighton Park,58,45000,Motor Vehicle Theft,218,182,122,118,129,102,71,96,168,522,174,19.6,64.7,37.7,-3,226.7,157.8,213.3,262.2,484.4,404.4,271.1,373.3,386.7
Brighton Park,58,45000,Murder,9,5,3,10,5,3,10,10,6,17,5.7,0,100,100,5,6.7,22.2,22.2,22.2,20,11.1,6.7,13.3,12.7
Brighton Park,58,45000,Obscenity,0,0,0,0,1,0,0,0,1,0,0,NA,NA,NA,NA,0,0,0,0,0,0,0,2.2,0
Brighton Park,58,45000,Offenses Against Family,13,18,13,17,6,20,14,23,8,44,14.7,-35,-60,-38.5,-46,44.4,31.1,51.1,37.8,28.9,40,28.9,17.8,32.7
Brighton Park,58,45000,Prostitution,1,1,3,1,2,3,2,5,4,5,1.7,0,33.3,33.3,135,6.7,4.4,11.1,2.2,2.2,2.2,6.7,8.9,3.8
Brighton Park,58,45000,Robbery,164,82,37,113,32,63,60,61,43,283,94.3,-41.3,-31.7,16.2,-54,140,133.3,135.6,251.1,364.4,182.2,82.2,95.6,209.6
Brighton Park,58,45000,Simple Assault,161,152,128,158,101,126,80,120,134,441,147,1.6,6.3,4.7,-9,280,177.8,266.7,351.1,357.8,337.8,284.4,297.8,326.7
Brighton Park,58,45000,Simple Battery,381,420,363,389,262,403,339,332,352,1164,388,-9.9,-12.7,-3,-9,895.6,753.3,737.8,864.4,846.7,933.3,806.7,782.2,862.2
Brighton Park,58,45000,Stolen Property,1,1,0,0,0,1,1,0,0,2,0.7,-100,-100,NA,-100,2.2,2.2,0,0,2.2,2.2,0,0,1.6
Brighton Park,58,45000,Theft,260,278,280,219,190,253,182,168,246,818,272.7,10.7,-2.8,-12.1,-10,562.2,404.4,373.3,486.7,577.8,617.8,622.2,546.7,606
Brighton Park,58,45000,Theft Over $500,131,119,97,144,65,85,81,85,86,347,115.7,14.1,1.2,-11.3,-26,188.9,180,188.9,320,291.1,264.4,215.6,191.1,257.1
Brighton Park,58,45000,Vandalism,265,215,250,269,176,307,243,252,247,730,243.3,-18.6,-19.5,-1.2,2,682.2,540,560,597.8,588.9,477.8,555.6,548.9,540.7
Brighton Park,58,45000,Weapons Violation,86,87,50,74,42,94,102,79,56,223,74.3,-46.8,-40.4,12,-25,208.9,226.7,175.6,164.4,191.1,193.3,111.1,124.4,165.1
Bridgeport,60,34000,Aggravated Assault,51,42,47,50,33,43,40,32,42,140,46.7,9.3,-2.3,-10.6,-10,126.5,117.6,94.1,147.1,150,123.5,138.2,123.5,137.4
Bridgeport,60,34000,Aggravated Battery,30,33,23,37,18,44,35,33,22,86,28.7,-47.7,-50,-4.3,-23,129.4,102.9,97.1,108.8,88.2,97.1,67.6,64.7,84.4
Bridgeport,60,34000,Arson,5,4,2,2,3,1,6,0,3,11,3.7,100,200,50,-19,2.9,17.6,0,5.9,14.7,11.8,5.9,8.8,10.9
Bridgeport,60,34000,Burglary,91,78,86,96,124,94,57,68,155,255,85,-8.5,64.9,80.2,82,276.5,167.6,200,282.4,267.6,229.4,252.9,455.9,250
Bridgeport,60,34000,Criminal Sexual Abuse,8,11,8,9,3,10,4,13,5,27,9,-20,-50,-37.5,-44,29.4,11.8,38.2,26.5,23.5,32.4,23.5,14.7,26.5
Bridgeport,60,34000,Criminal Sexual Assault,11,6,7,8,11,14,8,10,11,24,8,-50,-21.4,57.1,38,41.2,23.5,29.4,23.5,32.4,17.6,20.6,32.4,23.5
Bridgeport,60,34000,Disorderly Conduct,3,9,4,3,9,14,3,5,10,16,5.3,-71.4,-28.6,150,89,41.2,8.8,14.7,8.8,8.8,26.5,11.8,29.4,15.6
Bridgeport,60,34000,Drug Abuse,12,11,14,9,10,40,15,19,15,37,12.3,-65,-62.5,7.1,22,117.6,44.1,55.9,26.5,35.3,32.4,41.2,44.1,36.2
Bridgeport,60,34000,Embezzlement,1,0,0,0,1,0,0,0,1,1,0.3,NA,NA,NA,233,0,0,0,0,2.9,0,0,2.9,0.9
Bridgeport,60,34000,Forgery & Counterfeiting,23,12,12,30,3,18,9,18,3,47,15.7,-33.3,-83.3,-75,-81,52.9,26.5,52.9,88.2,67.6,35.3,35.3,8.8,46.2
Bridgeport,60,34000,Fraud,112,135,132,124,84,139,188,137,121,379,126.3,-5,-12.9,-8.3,-4,408.8,552.9,402.9,364.7,329.4,397.1,388.2,355.9,371.5
Bridgeport,60,34000,Gambling,0,0,0,0,0,0,0,0,0,0,0,NA,NA,NA,NA,0,0,0,0,0,0,0,0,0
Bridgeport,60,34000,Human Trafficking,0,1,0,0,1,0,0,0,1,1,0.3,NA,NA,NA,233,0,0,0,0,0,2.9,0,2.9,0.9
Bridgeport,60,34000,Involuntary Manslaughter,0,0,0,0,0,0,0,0,0,0,0,NA,NA,NA,NA,0,0,0,0,0,0,0,0,0
Bridgeport,60,34000,Liquor License,2,2,0,0,0,5,2,1,0,4,1.3,-100,-100,NA,-100,14.7,5.9,2.9,0,5.9,5.9,0,0,3.8
Bridgeport,60,34000,Misc Non-Index Offense,143,151,190,112,113,132,124,107,157,484,161.3,43.9,18.9,-17.4,-3,388.2,364.7,314.7,329.4,420.6,444.1,558.8,461.8,474.4
Bridgeport,60,34000,Motor Vehicle Theft,172,145,121,111,84,36,41,49,112,438,146,236.1,211.1,-7.4,-23,105.9,120.6,144.1,326.5,505.9,426.5,355.9,329.4,429.4
Bridgeport,60,34000,Murder,3,3,3,2,0,0,4,2,1,9,3,NA,NA,-66.7,-67,0,11.8,5.9,5.9,8.8,8.8,8.8,2.9,8.8
Bridgeport,60,34000,Obscenity,0,0,0,0,0,0,0,0,0,0,0,NA,NA,NA,NA,0,0,0,0,0,0,0,0,0
Bridgeport,60,34000,Offenses Against Family,4,4,3,6,2,7,5,4,4,11,3.7,-57.1,-42.9,33.3,8,20.6,14.7,11.8,17.6,11.8,11.8,8.8,11.8,10.9
Bridgeport,60,34000,Prostitution,0,1,2,1,1,1,1,2,1,3,1,100,0,-50,0,2.9,2.9,5.9,2.9,0,2.9,5.9,2.9,2.9
Bridgeport,60,34000,Robbery,62,47,26,50,17,18,40,59,23,135,45,44.4,27.8,-11.5,-49,52.9,117.6,173.5,147.1,182.4,138.2,76.5,67.6,132.4
Bridgeport,60,34000,Simple Assault,90,104,145,85,96,79,71,72,135,339,113,83.5,70.9,-6.9,19,232.4,208.8,211.8,250,264.7,305.9,426.5,397.1,332.4
Bridgeport,60,34000,Simple Battery,225,251,226,171,165,193,155,175,207,702,234,17.1,7.3,-8.4,-12,567.6,455.9,514.7,502.9,661.8,738.2,664.7,608.8,688.2
Bridgeport,60,34000,Stolen Property,0,0,0,0,0,2,0,0,0,0,0,-100,-100,NA,NA,5.9,0,0,0,0,0,0,0,0
Bridgeport,60,34000,Theft,203,242,301,204,202,236,190,148,274,746,248.7,27.5,16.1,-9,10,694.1,558.8,435.3,600,597.1,711.8,885.3,805.9,731.5
Bridgeport,60,34000,Theft Over $500,116,125,108,172,79,93,88,82,106,349,116.3,16.1,14,-1.9,-9,273.5,258.8,241.2,505.9,341.2,367.6,317.6,311.8,342.1
Bridgeport,60,34000,Vandalism,230,192,211,221,138,206,172,192,183,633,211,2.4,-11.2,-13.3,-13,605.9,505.9,564.7,650,676.5,564.7,620.6,538.2,620.6
Bridgeport,60,34000,Weapons Violation,33,40,23,60,10,30,49,41,13,96,32,-23.3,-56.7,-43.5,-59,88.2,144.1,120.6,176.5,97.1,117.6,67.6,38.2,94.1
New City,61,44000,Aggravated Assault,218,214,174,199,107,129,179,200,154,606,202,34.9,19.4,-11.5,-24,293.2,406.8,454.5,452.3,495.5,486.4,395.5,350,459.1
New City,61,44000,Aggravated Battery,198,156,139,187,121,177,186,216,157,493,164.3,-21.5,-11.3,12.9,-4,402.3,422.7,490.9,425,450,354.5,315.9,356.8,373.4
New City,61,44000,Arson,11,18,12,8,6,10,17,8,11,41,13.7,20,10,-8.3,-20,22.7,38.6,18.2,18.2,25,40.9,27.3,25,31.1
New City,61,44000,Burglary,113,132,148,109,146,160,115,97,181,393,131,-7.5,13.1,22.3,38,363.6,261.4,220.5,247.7,256.8,300,336.4,411.4,297.7
New City,61,44000,Criminal Sexual Abuse,29,26,19,21,14,37,33,16,17,74,24.7,-48.6,-54.1,-10.5,-31,84.1,75,36.4,47.7,65.9,59.1,43.2,38.6,56.1
New City,61,44000,Criminal Sexual Assault,33,31,23,33,17,38,30,22,21,87,29,-39.5,-44.7,-8.7,-28,86.4,68.2,50,75,75,70.5,52.3,47.7,65.9
New City,61,44000,Disorderly Conduct,18,18,18,22,28,59,24,11,31,54,18,-69.5,-47.5,72.2,72,134.1,54.5,25,50,40.9,40.9,40.9,70.5,40.9
New City,61,44000,Drug Abuse,49,42,56,43,54,258,110,77,69,147,49,-78.3,-73.3,23.2,41,586.4,250,175,97.7,111.4,95.5,127.3,156.8,111.4
New City,61,44000,Embezzlement,1,1,0,1,2,1,0,0,2,2,0.7,-100,100,NA,186,2.3,0,0,2.3,2.3,2.3,0,4.5,1.6
New City,61,44000,Forgery & Counterfeiting,18,20,16,23,14,31,17,18,21,54,18,-48.4,-32.3,31.2,17,70.5,38.6,40.9,52.3,40.9,45.5,36.4,47.7,40.9
New City,61,44000,Fraud,188,167,181,165,133,177,173,173,169,536,178.7,2.3,-4.5,-6.6,-5,402.3,393.2,393.2,375,427.3,379.5,411.4,384.1,406.1
New City,61,44000,Gambling,0,0,0,1,0,0,0,0,0,0,0,NA,NA,NA,NA,0,0,0,2.3,0,0,0,0,0
New City,61,44000,Human Trafficking,0,1,1,0,0,0,0,0,1,2,0.7,NA,NA,0,43,0,0,0,0,0,2.3,2.3,2.3,1.6
New City,61,44000,Involuntary Manslaughter,0,0,0,0,0,0,0,0,0,0,0,NA,NA,NA,NA,0,0,0,0,0,0,0,0,0
New City,61,44000,Liquor License,2,2,2,1,4,4,3,3,4,6,2,-50,0,100,100,9.1,6.8,6.8,2.3,4.5,4.5,4.5,9.1,4.5
New City,61,44000,Misc Non-Index Offense,410,417,355,294,319,449,308,327,409,1182,394,-20.9,-8.9,15.2,4,1020.5,700,743.2,668.2,931.8,947.7,806.8,929.5,895.5
New City,61,44000,Motor Vehicle Theft,406,277,232,217,183,138,152,157,229,915,305,68.1,65.9,-1.3,-25,313.6,345.5,356.8,493.2,922.7,629.5,527.3,520.5,693.2
New City,61,44000,Murder,20,15,6,23,11,7,15,15,12,41,13.7,-14.3,71.4,100,-12,15.9,34.1,34.1,52.3,45.5,34.1,13.6,27.3,31.1
New City,61,44000,Obscenity,0,1,0,0,0,0,0,0,0,1,0.3,NA,NA,NA,-100,0,0,0,0,0,2.3,0,0,0.7
New City,61,44000,Offenses Against Family,21,17,19,15,12,36,22,26,18,57,19,-47.2,-50,-5.3,-5,81.8,50,59.1,34.1,47.7,38.6,43.2,40.9,43.2
New City,61,44000,Prostitution,3,3,7,1,1,2,1,1,2,13,4.3,250,0,-71.4,-53,4.5,2.3,2.3,2.3,6.8,6.8,15.9,4.5,9.8
New City,61,44000,Robbery,283,237,109,195,85,123,123,125,107,629,209.7,-11.4,-13,-1.8,-49,279.5,279.5,284.1,443.2,643.2,538.6,247.7,243.2,476.6
New City,61,44000,Simple Assault,291,253,286,264,222,248,198,259,288,830,276.7,15.3,16.1,0.7,4,563.6,450,588.6,600,661.4,575,650,654.5,628.9
New City,61,44000,Simple Battery,676,728,676,618,464,789,652,641,637,2080,693.3,-14.3,-19.3,-5.8,-8,1793.2,1481.8,1456.8,1404.5,1536.4,1654.5,1536.4,1447.7,1575.7
New City,61,44000,Stolen Property,1,0,1,2,0,0,0,1,1,2,0.7,NA,NA,0,43,0,0,2.3,4.5,2.3,0,2.3,2.3,1.6
New City,61,44000,Theft,470,498,456,415,354,593,422,294,451,1424,474.7,-23.1,-23.9,-1.1,-5,1347.7,959.1,668.2,943.2,1068.2,1131.8,1036.4,1025,1078.9
New City,61,44000,Theft Over $500,225,187,149,226,94,190,127,145,141,561,187,-21.6,-25.8,-5.4,-25,431.8,288.6,329.5,513.6,511.4,425,338.6,320.5,425
New City,61,44000,Vandalism,478,407,389,432,306,450,456,485,394,1274,424.7,-13.6,-12.4,1.3,-7,1022.7,1036.4,1102.3,981.8,1086.4,925,884.1,895.5,965.2
New City,61,44000,Weapons Violation,285,241,134,298,92,164,225,226,115,660,220,-18.3,-29.9,-14.2,-48,372.7,511.4,513.6,677.3,647.7,547.7,304.5,261.4,500
West Elsdon,62,18000,Aggravated Assault,29,37,29,28,21,23,23,19,32,95,31.7,26.1,39.1,10.3,1,127.8,127.8,105.6,155.6,161.1,205.6,161.1,177.8,176.1
West Elsdon,62,18000,Aggravated Battery,31,23,19,14,13,14,20,19,21,73,24.3,35.7,50,10.5,-14,77.8,111.1,105.6,77.8,172.2,127.8,105.6,116.7,135
West Elsdon,62,18000,Arson,2,1,5,2,1,1,2,3,4,8,2.7,400,300,-20,48,5.6,11.1,16.7,11.1,11.1,5.6,27.8,22.2,15
West Elsdon,62,18000,Burglary,46,45,40,31,41,72,34,52,50,131,43.7,-44.4,-30.6,25,14,400,188.9,288.9,172.2,255.6,250,222.2,277.8,242.8
West Elsdon,62,18000,Criminal Sexual Abuse,9,9,8,6,6,6,6,12,8,26,8.7,33.3,33.3,0,-8,33.3,33.3,66.7,33.3,50,50,44.4,44.4,48.3
West Elsdon,62,18000,Criminal Sexual Assault,4,5,1,9,6,6,1,2,6,10,3.3,-83.3,0,500,82,33.3,5.6,11.1,50,22.2,27.8,5.6,33.3,18.3
West Elsdon,62,18000,Disorderly Conduct,8,6,5,4,5,6,1,0,7,19,6.3,-16.7,16.7,40,11,33.3,5.6,0,22.2,44.4,33.3,27.8,38.9,35
West Elsdon,62,18000,Drug Abuse,7,11,8,6,3,26,12,6,3,26,8.7,-69.2,-88.5,-62.5,-66,144.4,66.7,33.3,33.3,38.9,61.1,44.4,16.7,48.3
West Elsdon,62,18000,Embezzlement,0,0,0,1,1,0,0,0,1,0,0,NA,NA,NA,NA,0,0,0,5.6,0,0,0,5.6,0
West Elsdon,62,18000,Forgery & Counterfeiting,24,24,15,17,3,4,1,3,3,63,21,275,-25,-80,-86,22.2,5.6,16.7,94.4,133.3,133.3,83.3,16.7,116.7
West Elsdon,62,18000,Fraud,68,70,64,75,35,54,79,84,53,202,67.3,18.5,-1.9,-17.2,-21,300,438.9,466.7,416.7,377.8,388.9,355.6,294.4,373.9
West Elsdon,62,18000,Gambling,0,0,0,0,0,0,0,0,0,0,0,NA,NA,NA,NA,0,0,0,0,0,0,0,0,0
West Elsdon,62,18000,Human Trafficking,1,0,0,0,0,0,0,0,0,1,0.3,NA,NA,NA,-100,0,0,0,0,5.6,0,0,0,1.7
West Elsdon,62,18000,Involuntary Manslaughter,0,0,0,0,0,0,0,0,0,0,0,NA,NA,NA,NA,0,0,0,0,0,0,0,0,0
West Elsdon,62,18000,Liquor License,0,0,0,0,0,1,0,0,0,0,0,-100,-100,NA,NA,5.6,0,0,0,0,0,0,0,0
West Elsdon,62,18000,Misc Non-Index Offense,70,136,112,86,71,103,93,56,96,318,106,8.7,-6.8,-14.3,-9,572.2,516.7,311.1,477.8,388.9,755.6,622.2,533.3,588.9
West Elsdon,62,18000,Motor Vehicle Theft,150,104,72,70,80,38,30,37,101,326,108.7,89.5,165.8,40.3,-7,211.1,166.7,205.6,388.9,833.3,577.8,400,561.1,603.9
West Elsdon,62,18000,Murder,1,1,0,0,0,2,2,1,0,2,0.7,-100,-100,NA,-100,11.1,11.1,5.6,0,5.6,5.6,0,0,3.9
West Elsdon,62,18000,Obscenity,0,0,0,0,0,0,0,0,0,0,0,NA,NA,NA,NA,0,0,0,0,0,0,0,0,0
West Elsdon,62,18000,Offenses Against Family,4,2,3,8,1,6,3,4,1,9,3,-50,-83.3,-66.7,-67,33.3,16.7,22.2,44.4,22.2,11.1,16.7,5.6,16.7
West Elsdon,62,18000,Prostitution,0,2,0,0,0,0,0,1,0,2,0.7,NA,NA,NA,-100,0,0,5.6,0,0,11.1,0,0,3.9
West Elsdon,62,18000,Robbery,34,50,26,32,6,26,33,34,12,110,36.7,0,-53.8,-53.8,-67,144.4,183.3,188.9,177.8,188.9,277.8,144.4,66.7,203.9
West Elsdon,62,18000,Simple Assault,58,70,55,45,53,44,39,30,66,183,61,25,50,20,8,244.4,216.7,166.7,250,322.2,388.9,305.6,366.7,338.9
West Elsdon,62,18000,Simple Battery,133,152,162,122,108,145,90,91,142,447,149,11.7,-2.1,-12.3,-5,805.6,500,505.6,677.8,738.9,844.4,900,788.9,827.8
West Elsdon,62,18000,Stolen Property,2,0,0,0,0,0,0,1,0,2,0.7,NA,NA,NA,-100,0,0,5.6,0,11.1,0,0,0,3.9
West Elsdon,62,18000,Theft,92,108,92,108,77,135,93,74,93,292,97.3,-31.9,-31.1,1.1,-4,750,516.7,411.1,600,511.1,600,511.1,516.7,540.6
West Elsdon,62,18000,Theft Over $500,90,66,62,59,23,49,45,42,37,218,72.7,26.5,-24.5,-40.3,-49,272.2,250,233.3,327.8,500,366.7,344.4,205.6,403.9
West Elsdon,62,18000,Vandalism,162,102,117,115,101,120,87,101,127,381,127,-2.5,5.8,8.5,0,666.7,483.3,561.1,638.9,900,566.7,650,705.6,705.6
West Elsdon,62,18000,Weapons Violation,44,33,21,38,11,21,30,34,14,98,32.7,0,-33.3,-33.3,-57,116.7,166.7,188.9,211.1,244.4,183.3,116.7,77.8,181.7
Gage Park,63,40000,Aggravated Assault,106,97,80,78,39,61,65,66,57,283,94.3,31.1,-6.6,-28.8,-40,152.5,162.5,165,195,265,242.5,200,142.5,235.7
Gage Park,63,40000,Aggravated Battery,71,79,58,70,35,48,56,49,49,208,69.3,20.8,2.1,-15.5,-29,120,140,122.5,175,177.5,197.5,145,122.5,173.2
Gage Park,63,40000,Arson,6,6,5,5,9,4,14,2,11,17,5.7,25,175,120,93,10,35,5,12.5,15,15,12.5,27.5,14.2
Gage Park,63,40000,Burglary,76,64,74,69,64,124,66,50,85,214,71.3,-40.3,-31.5,14.9,19,310,165,125,172.5,190,160,185,212.5,178.2
Gage Park,63,40000,Criminal Sexual Abuse,14,23,18,18,14,24,20,20,18,55,18.3,-25,-25,0,-2,60,50,50,45,35,57.5,45,45,45.8
Gage Park,63,40000,Criminal Sexual Assault,18,14,13,18,15,19,15,14,20,45,15,-31.6,5.3,53.8,33,47.5,37.5,35,45,45,35,32.5,50,37.5
Gage Park,63,40000,Disorderly Conduct,13,13,10,1,6,17,14,5,7,36,12,-41.2,-58.8,-30,-42,42.5,35,12.5,2.5,32.5,32.5,25,17.5,30
Gage Park,63,40000,Drug Abuse,20,23,24,17,12,74,45,19,16,67,22.3,-67.6,-78.4,-33.3,-28,185,112.5,47.5,42.5,50,57.5,60,40,55.8
Gage Park,63,40000,Embezzlement,0,1,0,1,0,0,0,0,0,1,0.3,NA,NA,NA,-100,0,0,0,2.5,0,2.5,0,0,0.7
Gage Park,63,40000,Forgery & Counterfeiting,20,16,12,22,8,11,9,11,12,48,16,9.1,9.1,0,-25,27.5,22.5,27.5,55,50,40,30,30,40
Gage Park,63,40000,Fraud,116,104,116,96,81,108,93,111,102,336,112,7.4,-5.6,-12.1,-9,270,232.5,277.5,240,290,260,290,255,280
Gage Park,63,40000,Gambling,0,0,0,0,0,0,0,0,0,0,0,NA,NA,NA,NA,0,0,0,0,0,0,0,0,0
Gage Park,63,40000,Human Trafficking,0,0,0,1,0,0,0,0,0,0,0,NA,NA,NA,NA,0,0,0,2.5,0,0,0,0,0
Gage Park,63,40000,Involuntary Manslaughter,1,0,0,0,0,0,0,0,0,1,0.3,NA,NA,NA,-100,0,0,0,0,2.5,0,0,0,0.7
Gage Park,63,40000,Liquor License,0,5,6,3,0,3,1,0,0,11,3.7,100,-100,-100,-100,7.5,2.5,0,7.5,0,12.5,15,0,9.2
Gage Park,63,40000,Misc Non-Index Offense,210,291,221,167,155,229,170,162,207,722,240.7,-3.5,-9.6,-6.3,-14,572.5,425,405,417.5,525,727.5,552.5,517.5,601.7
Gage Park,63,40000,Motor Vehicle Theft,240,212,138,152,107,77,71,88,135,590,196.7,79.2,75.3,-2.2,-31,192.5,177.5,220,380,600,530,345,337.5,491.8
Gage Park,63,40000,Murder,6,9,4,2,6,6,11,8,6,19,6.3,-33.3,0,50,-5,15,27.5,20,5,15,22.5,10,15,15.8
Gage Park,63,40000,Obscenity,0,0,0,0,0,0,0,0,0,0,0,NA,NA,NA,NA,0,0,0,0,0,0,0,0,0
Gage Park,63,40000,Offenses Against Family,14,11,14,20,4,18,11,20,10,39,13,-22.2,-44.4,-28.6,-23,45,27.5,50,50,35,27.5,35,25,32.5
Gage Park,63,40000,Prostitution,0,0,1,4,0,2,1,2,0,1,0.3,-50,-100,-100,-100,5,2.5,5,10,0,0,2.5,0,0.7
Gage Park,63,40000,Robbery,110,128,58,99,42,98,68,65,54,296,98.7,-40.8,-44.9,-6.9,-45,245,170,162.5,247.5,275,320,145,135,246.8
Gage Park,63,40000,Simple Assault,146,189,123,126,106,146,105,118,142,458,152.7,-15.8,-2.7,15.4,-7,365,262.5,295,315,365,472.5,307.5,355,381.7
Gage Park,63,40000,Simple Battery,380,415,361,309,258,355,303,278,349,1156,385.3,1.7,-1.7,-3.3,-9,887.5,757.5,695,772.5,950,1037.5,902.5,872.5,963.2
Gage Park,63,40000,Stolen Property,1,0,1,1,0,0,0,0,1,2,0.7,NA,NA,0,43,0,0,0,2.5,2.5,0,2.5,2.5,1.7
Gage Park,63,40000,Theft,283,343,521,238,547,287,173,189,701,1147,382.3,81.5,144.3,34.5,83,717.5,432.5,472.5,595,707.5,857.5,1302.5,1752.5,955.8
Gage Park,63,40000,Theft Over $500,126,104,62,145,58,103,77,102,75,292,97.3,-39.8,-27.2,21,-23,257.5,192.5,255,362.5,315,260,155,187.5,243.2
Gage Park,63,40000,Vandalism,277,249,226,226,140,243,217,216,188,752,250.7,-7,-22.6,-16.8,-25,607.5,542.5,540,565,692.5,622.5,565,470,626.8
Gage Park,63,40000,Weapons Violation,128,113,75,82,29,105,119,99,41,316,105.3,-28.6,-61,-45.3,-61,262.5,297.5,247.5,205,320,282.5,187.5,102.5,263.2
Clearing,64,24000,Aggravated Assault,31,35,23,29,18,24,18,26,22,89,29.7,-4.2,-8.3,-4.3,-26,100,75,108.3,120.8,129.2,145.8,95.8,91.7,123.7
Clearing,64,24000,Aggravated Battery,15,24,25,15,9,14,11,18,15,64,21.3,78.6,7.1,-40,-30,58.3,45.8,75,62.5,62.5,100,104.2,62.5,88.8
Clearing,64,24000,Arson,2,5,2,1,1,2,2,0,2,9,3,0,0,0,-33,8.3,8.3,0,4.2,8.3,20.8,8.3,8.3,12.5
Clearing,64,24000,Burglary,42,46,45,52,50,58,38,27,64,133,44.3,-22.4,10.3,42.2,44,241.7,158.3,112.5,216.7,175,191.7,187.5,266.7,184.6
Clearing,64,24000,Criminal Sexual Abuse,6,6,9,7,9,6,9,14,10,21,7,50,66.7,11.1,43,25,37.5,58.3,29.2,25,25,37.5,41.7,29.2
Clearing,64,24000,Criminal Sexual Assault,3,3,8,4,4,9,8,2,5,14,4.7,-11.1,-44.4,-37.5,6,37.5,33.3,8.3,16.7,12.5,12.5,33.3,20.8,19.6
Clearing,64,24000,Disorderly Conduct,3,3,4,0,4,4,1,0,5,10,3.3,0,25,25,52,16.7,4.2,0,0,12.5,12.5,16.7,20.8,13.7
Clearing,64,24000,Drug Abuse,4,2,4,1,2,25,6,4,2,10,3.3,-84,-92,-50,-39,104.2,25,16.7,4.2,16.7,8.3,16.7,8.3,13.7
Clearing,64,24000,Embezzlement,0,0,0,0,0,0,0,0,0,0,0,NA,NA,NA,NA,0,0,0,0,0,0,0,0,0
Clearing,64,24000,Forgery & Counterfeiting,27,9,3,47,4,10,11,8,5,39,13,-70,-50,66.7,-62,41.7,45.8,33.3,195.8,112.5,37.5,12.5,20.8,54.2
Clearing,64,24000,Fraud,117,77,93,80,47,103,142,156,70,287,95.7,-9.7,-32,-24.7,-27,429.2,591.7,650,333.3,487.5,320.8,387.5,291.7,398.8
Clearing,64,24000,Gambling,0,0,0,0,0,0,0,0,0,0,0,NA,NA,NA,NA,0,0,0,0,0,0,0,0,0
Clearing,64,24000,Human Trafficking,0,0,0,0,0,0,0,0,0,0,0,NA,NA,NA,NA,0,0,0,0,0,0,0,0,0
Clearing,64,24000,Involuntary Manslaughter,0,0,0,1,0,0,0,0,0,0,0,NA,NA,NA,NA,0,0,0,4.2,0,0,0,0,0
Clearing,64,24000,Liquor License,0,0,2,0,1,0,0,0,1,2,0.7,NA,NA,-50,43,0,0,0,0,0,0,8.3,4.2,2.9
Clearing,64,24000,Misc Non-Index Offense,157,140,150,128,92,132,92,132,118,447,149,13.6,-10.6,-21.3,-21,550,383.3,550,533.3,654.2,583.3,625,491.7,620.8
Clearing,64,24000,Motor Vehicle Theft,153,131,92,89,87,26,35,28,116,376,125.3,253.8,346.2,26.1,-7,108.3,145.8,116.7,370.8,637.5,545.8,383.3,483.3,522.1
Clearing,64,24000,Murder,1,0,1,0,0,1,2,0,1,2,0.7,0,0,0,43,4.2,8.3,0,0,4.2,0,4.2,4.2,2.9
Clearing,64,24000,Obscenity,0,0,0,0,0,0,0,0,0,0,0,NA,NA,NA,NA,0,0,0,0,0,0,0,0,0
Clearing,64,24000,Offenses Against Family,6,4,7,6,3,8,9,7,4,17,5.7,-12.5,-50,-42.9,-30,33.3,37.5,29.2,25,25,16.7,29.2,16.7,23.8
Clearing,64,24000,Prostitution,2,1,0,1,1,1,0,0,1,3,1,-100,0,NA,0,4.2,0,0,4.2,8.3,4.2,0,4.2,4.2
Clearing,64,24000,Robbery,17,19,11,18,4,13,22,19,8,47,15.7,-15.4,-38.5,-27.3,-49,54.2,91.7,79.2,75,70.8,79.2,45.8,33.3,65.4
Clearing,64,24000,Simple Assault,68,78,84,57,62,47,55,61,79,230,76.7,78.7,68.1,-6,3,195.8,229.2,254.2,237.5,283.3,325,350,329.2,319.6
Clearing,64,24000,Simple Battery,160,175,173,135,137,147,145,151,170,508,169.3,17.7,15.6,-1.7,0,612.5,604.2,629.2,562.5,666.7,729.2,720.8,708.3,705.4
Clearing,64,24000,Stolen Property,0,0,2,0,0,0,0,0,1,2,0.7,NA,NA,-50,43,0,0,0,0,0,0,8.3,4.2,2.9
Clearing,64,24000,Theft,119,96,118,109,83,123,92,86,105,333,111,-4.1,-14.6,-11,-5,512.5,383.3,358.3,454.2,495.8,400,491.7,437.5,462.5
Clearing,64,24000,Theft Over $500,134,82,58,110,32,43,49,73,48,274,91.3,34.9,11.6,-17.2,-47,179.2,204.2,304.2,458.3,558.3,341.7,241.7,200,380.4
Clearing,64,24000,Vandalism,153,144,128,102,86,124,94,102,127,425,141.7,3.2,2.4,-0.8,-10,516.7,391.7,425,425,637.5,600,533.3,529.2,590.4
Clearing,64,24000,Weapons Violation,28,18,9,16,8,21,19,19,11,55,18.3,-57.1,-47.6,22.2,-40,87.5,79.2,79.2,66.7,116.7,75,37.5,45.8,76.2
West Lawn,65,34000,Aggravated Assault,37,34,41,42,36,34,35,48,45,112,37.3,20.6,32.4,9.8,21,100,102.9,141.2,123.5,108.8,100,120.6,132.4,109.7
West Lawn,65,34000,Aggravated Battery,39,27,33,40,26,24,34,34,34,99,33,37.5,41.7,3,3,70.6,100,100,117.6,114.7,79.4,97.1,100,97.1
West Lawn,65,34000,Arson,5,6,2,3,0,2,0,3,1,13,4.3,0,-50,-50,-77,5.9,0,8.8,8.8,14.7,17.6,5.9,2.9,12.6
West Lawn,65,34000,Burglary,99,71,65,66,98,92,48,56,112,235,78.3,-29.3,21.7,72.3,43,270.6,141.2,164.7,194.1,291.2,208.8,191.2,329.4,230.3
West Lawn,65,34000,Criminal Sexual Abuse,9,17,14,15,10,13,8,14,13,40,13.3,7.7,0,-7.1,-2,38.2,23.5,41.2,44.1,26.5,50,41.2,38.2,39.1
West Lawn,65,34000,Criminal Sexual Assault,10,14,9,11,8,15,10,12,11,33,11,-40,-26.7,22.2,0,44.1,29.4,35.3,32.4,29.4,41.2,26.5,32.4,32.4
West Lawn,65,34000,Disorderly Conduct,11,11,11,4,4,6,1,0,5,33,11,83.3,-16.7,-54.5,-55,17.6,2.9,0,11.8,32.4,32.4,32.4,14.7,32.4
West Lawn,65,34000,Drug Abuse,8,11,12,6,3,27,19,5,8,31,10.3,-55.6,-70.4,-33.3,-22,79.4,55.9,14.7,17.6,23.5,32.4,35.3,23.5,30.3
West Lawn,65,34000,Embezzlement,0,0,0,0,0,0,0,0,0,0,0,NA,NA,NA,NA,0,0,0,0,0,0,0,0,0
West Lawn,65,34000,Forgery & Counterfeiting,19,10,7,63,4,18,7,4,4,36,12,-61.1,-77.8,-42.9,-67,52.9,20.6,11.8,185.3,55.9,29.4,20.6,11.8,35.3
West Lawn,65,34000,Fraud,108,109,96,110,67,115,148,151,84,313,104.3,-16.5,-27,-12.5,-19,338.2,435.3,444.1,323.5,317.6,320.6,282.4,247.1,306.8
West Lawn,65,34000,Gambling,0,0,0,0,0,0,0,0,0,0,0,NA,NA,NA,NA,0,0,0,0,0,0,0,0,0
West Lawn,65,34000,Human Trafficking,0,0,0,0,0,0,0,0,0,0,0,NA,NA,NA,NA,0,0,0,0,0,0,0,0,0
West Lawn,65,34000,Involuntary Manslaughter,1,0,0,0,0,0,0,0,0,1,0.3,NA,NA,NA,-100,0,0,0,0,2.9,0,0,0,0.9
West Lawn,65,34000,Liquor License,1,2,1,0,0,1,0,1,1,4,1.3,0,0,0,-23,2.9,0,2.9,0,2.9,5.9,2.9,2.9,3.8
West Lawn,65,34000,Misc Non-Index Offense,146,186,186,123,149,176,123,105,186,518,172.7,5.7,5.7,0,8,517.6,361.8,308.8,361.8,429.4,547.1,547.1,547.1,507.9
West Lawn,65,34000,Motor Vehicle Theft,278,288,163,136,150,71,51,64,191,729,243,129.6,169,17.2,-21,208.8,150,188.2,400,817.6,847.1,479.4,561.8,714.7
West Lawn,65,34000,Murder,1,0,2,3,3,1,1,2,3,3,1,100,200,50,200,2.9,2.9,5.9,8.8,2.9,0,5.9,8.8,2.9
West Lawn,65,34000,Obscenity,0,0,0,0,1,0,0,0,1,0,0,NA,NA,NA,NA,0,0,0,0,0,0,0,2.9,0
West Lawn,65,34000,Offenses Against Family,10,10,9,6,5,5,9,10,6,29,9.7,80,20,-33.3,-38,14.7,26.5,29.4,17.6,29.4,29.4,26.5,17.6,28.5
West Lawn,65,34000,Prostitution,1,0,0,1,2,0,1,0,2,1,0.3,NA,NA,NA,567,0,2.9,0,2.9,2.9,0,0,5.9,0.9
West Lawn,65,34000,Robbery,39,42,33,65,22,50,42,41,28,114,38,-34,-44,-15.2,-26,147.1,123.5,120.6,191.2,114.7,123.5,97.1,82.4,111.8
West Lawn,65,34000,Simple Assault,99,116,104,73,67,93,71,64,97,319,106.3,11.8,4.3,-6.7,-9,273.5,208.8,188.2,214.7,291.2,341.2,305.9,285.3,312.6
West Lawn,65,34000,Simple Battery,216,278,241,212,190,266,163,202,251,735,245,-9.4,-5.6,4.1,2,782.4,479.4,594.1,623.5,635.3,817.6,708.8,738.2,720.6
West Lawn,65,34000,Stolen Property,0,0,1,1,2,0,0,0,2,1,0.3,NA,NA,100,567,0,0,0,2.9,0,0,2.9,5.9,0.9
West Lawn,65,34000,Theft,236,354,410,251,229,369,255,176,329,1000,333.3,11.1,-10.8,-19.8,-1,1085.3,750,517.6,738.2,694.1,1041.2,1205.9,967.6,980.3
West Lawn,65,34000,Theft Over $500,151,119,83,160,41,84,65,74,61,353,117.7,-1.2,-27.4,-26.5,-48,247.1,191.2,217.6,470.6,444.1,350,244.1,179.4,346.2
West Lawn,65,34000,Vandalism,269,246,174,168,136,199,134,168,180,689,229.7,-12.6,-9.5,3.4,-22,585.3,394.1,494.1,494.1,791.2,723.5,511.8,529.4,675.6
West Lawn,65,34000,Weapons Violation,67,46,38,57,16,35,36,34,20,151,50.3,8.6,-42.9,-47.4,-60,102.9,105.9,100,167.6,197.1,135.3,111.8,58.8,147.9
Chicago Lawn,66,56000,Aggravated Assault,170,224,175,184,112,169,160,208,156,569,189.7,3.6,-7.7,-10.9,-18,301.8,285.7,371.4,328.6,303.6,400,312.5,278.6,338.8
Chicago Lawn,66,56000,Aggravated Battery,208,206,191,174,137,182,222,212,196,605,201.7,4.9,7.7,2.6,-3,325,396.4,378.6,310.7,371.4,367.9,341.1,350,360.2
Chicago Lawn,66,56000,Arson,13,20,15,22,14,12,15,24,17,48,16,25,41.7,13.3,6,21.4,26.8,42.9,39.3,23.2,35.7,26.8,30.4,28.6
Chicago Lawn,66,56000,Burglary,149,121,146,194,150,301,255,186,184,416,138.7,-51.5,-38.9,26,33,537.5,455.4,332.1,346.4,266.1,216.1,260.7,328.6,247.7
Chicago Lawn,66,56000,Criminal Sexual Abuse,33,37,35,20,25,29,32,26,35,105,35,20.7,20.7,0,0,51.8,57.1,46.4,35.7,58.9,66.1,62.5,62.5,62.5
Chicago Lawn,66,56000,Criminal Sexual Assault,55,33,47,48,30,50,29,39,41,135,45,-6,-18,-12.8,-9,89.3,51.8,69.6,85.7,98.2,58.9,83.9,73.2,80.4
Chicago Lawn,66,56000,Disorderly Conduct,13,28,39,10,22,49,21,16,36,80,26.7,-20.4,-26.5,-7.7,35,87.5,37.5,28.6,17.9,23.2,50,69.6,64.3,47.7
Chicago Lawn,66,56000,Drug Abuse,118,177,189,78,144,226,116,92,190,484,161.3,-16.4,-15.9,0.5,18,403.6,207.1,164.3,139.3,210.7,316.1,337.5,339.3,288
Chicago Lawn,66,56000,Embezzlement,0,0,0,0,0,0,1,0,0,0,0,NA,NA,NA,NA,0,1.8,0,0,0,0,0,0,0
Chicago Lawn,66,56000,Forgery & Counterfeiting,24,30,16,35,14,17,12,12,18,70,23.3,-5.9,5.9,12.5,-23,30.4,21.4,21.4,62.5,42.9,53.6,28.6,32.1,41.6
Chicago Lawn,66,56000,Fraud,312,262,240,227,199,249,270,282,252,814,271.3,-3.6,1.2,5,-7,444.6,482.1,503.6,405.4,557.1,467.9,428.6,450,484.5
Chicago Lawn,66,56000,Gambling,1,0,1,3,1,11,0,7,1,2,0.7,-90.9,-90.9,0,43,19.6,0,12.5,5.4,1.8,0,1.8,1.8,1.2
Chicago Lawn,66,56000,Human Trafficking,1,0,0,0,4,0,0,0,4,1,0.3,NA,NA,NA,1233,0,0,0,0,1.8,0,0,7.1,0.5
Chicago Lawn,66,56000,Involuntary Manslaughter,0,0,0,0,0,0,0,0,0,0,0,NA,NA,NA,NA,0,0,0,0,0,0,0,0,0
Chicago Lawn,66,56000,Liquor License,3,7,0,4,0,3,3,5,0,10,3.3,-100,-100,NA,-100,5.4,5.4,8.9,7.1,5.4,12.5,0,0,5.9
Chicago Lawn,66,56000,Misc Non-Index Offense,469,628,577,424,426,596,471,455,555,1674,558,-3.2,-6.9,-3.8,-1,1064.3,841.1,812.5,757.1,837.5,1121.4,1030.4,991.1,996.4
Chicago Lawn,66,56000,Motor Vehicle Theft,564,403,291,366,253,201,235,203,331,1258,419.3,44.8,64.7,13.7,-21,358.9,419.6,362.5,653.6,1007.1,719.6,519.6,591.1,748.8
Chicago Lawn,66,56000,Murder,18,12,8,18,7,16,22,25,11,38,12.7,-50,-31.2,37.5,-13,28.6,39.3,44.6,32.1,32.1,21.4,14.3,19.6,22.7
Chicago Lawn,66,56000,Obscenity,0,0,0,0,0,0,0,0,0,0,0,NA,NA,NA,NA,0,0,0,0,0,0,0,0,0
Chicago Lawn,66,56000,Offenses Against Family,33,27,15,26,17,34,30,38,20,75,25,-55.9,-41.2,33.3,-20,60.7,53.6,67.9,46.4,58.9,48.2,26.8,35.7,44.6
Chicago Lawn,66,56000,Prostitution,2,2,2,1,1,8,3,1,1,6,2,-75,-87.5,-50,-50,14.3,5.4,1.8,1.8,3.6,3.6,3.6,1.8,3.6
Chicago Lawn,66,56000,Robbery,183,195,124,226,81,228,188,177,94,502,167.3,-45.6,-58.8,-24.2,-44,407.1,335.7,316.1,403.6,326.8,348.2,221.4,167.9,298.8
Chicago Lawn,66,56000,Simple Assault,365,409,383,326,233,440,313,304,328,1157,385.7,-13,-25.5,-14.4,-15,785.7,558.9,542.9,582.1,651.8,730.4,683.9,585.7,688.8
Chicago Lawn,66,56000,Simple Battery,852,897,828,784,590,1025,874,813,792,2577,859,-19.2,-22.7,-4.3,-8,1830.4,1560.7,1451.8,1400,1521.4,1601.8,1478.6,1414.3,1533.9
Chicago Lawn,66,56000,Stolen Property,1,2,0,2,0,3,3,0,0,3,1,-100,-100,NA,-100,5.4,5.4,0,3.6,1.8,3.6,0,0,1.8
Chicago Lawn,66,56000,Theft,528,523,572,545,357,653,508,427,471,1623,541,-12.4,-27.9,-17.7,-13,1166.1,907.1,762.5,973.2,942.9,933.9,1021.4,841.1,966.1
Chicago Lawn,66,56000,Theft Over $500,292,232,146,293,133,265,217,197,171,670,223.3,-44.9,-35.5,17.1,-23,473.2,387.5,351.8,523.2,521.4,414.3,260.7,305.4,398.8
Chicago Lawn,66,56000,Vandalism,663,606,540,571,335,609,634,635,486,1809,603,-11.3,-20.2,-10,-19,1087.5,1132.1,1133.9,1019.6,1183.9,1082.1,964.3,867.9,1076.8
Chicago Lawn,66,56000,Weapons Violation,214,235,171,263,83,153,263,242,117,620,206.7,11.8,-23.5,-31.6,-43,273.2,469.6,432.1,469.6,382.1,419.6,305.4,208.9,369.1
West Englewood,67,30000,Aggravated Assault,223,190,156,228,120,251,248,267,163,569,189.7,-37.8,-35.1,4.5,-14,836.7,826.7,890,760,743.3,633.3,520,543.3,632.3
West Englewood,67,30000,Aggravated Battery,265,251,209,265,142,338,381,343,197,725,241.7,-38.2,-41.7,-5.7,-18,1126.7,1270,1143.3,883.3,883.3,836.7,696.7,656.7,805.7
West Englewood,67,30000,Arson,14,18,10,19,7,16,18,27,8,42,14,-37.5,-50,-20,-43,53.3,60,90,63.3,46.7,60,33.3,26.7,46.7
West Englewood,67,30000,Burglary,110,94,107,145,104,269,199,154,134,311,103.7,-60.2,-50.2,25.2,29,896.7,663.3,513.3,483.3,366.7,313.3,356.7,446.7,345.7
West Englewood,67,30000,Criminal Sexual Abuse,15,20,26,19,12,24,16,20,19,61,20.3,8.3,-20.8,-26.9,-6,80,53.3,66.7,63.3,50,66.7,86.7,63.3,67.7
West Englewood,67,30000,Criminal Sexual Assault,42,38,33,40,14,41,44,39,23,113,37.7,-19.5,-43.9,-30.3,-39,136.7,146.7,130,133.3,140,126.7,110,76.7,125.7
West Englewood,67,30000,Disorderly Conduct,31,48,47,21,63,92,44,17,73,126,42,-48.9,-20.7,55.3,74,306.7,146.7,56.7,70,103.3,160,156.7,243.3,140
West Englewood,67,30000,Drug Abuse,158,157,191,87,180,385,237,149,242,506,168.7,-50.4,-37.1,26.7,43,1283.3,790,496.7,290,526.7,523.3,636.7,806.7,562.3
West Englewood,67,30000,Embezzlement,2,0,0,0,0,0,1,2,0,2,0.7,NA,NA,NA,-100,0,3.3,6.7,0,6.7,0,0,0,2.3
West Englewood,67,30000,Forgery & Counterfeiting,17,17,13,16,4,28,14,8,6,47,15.7,-53.6,-78.6,-53.8,-62,93.3,46.7,26.7,53.3,56.7,56.7,43.3,20,52.3
West Englewood,67,30000,Fraud,206,183,167,166,94,252,236,206,132,556,185.3,-33.7,-47.6,-21,-29,840,786.7,686.7,553.3,686.7,610,556.7,440,617.7
West Englewood,67,30000,Gambling,2,0,0,0,0,4,2,1,0,2,0.7,-100,-100,NA,-100,13.3,6.7,3.3,0,6.7,0,0,0,2.3
West Englewood,67,30000,Human Trafficking,0,0,1,1,0,2,0,0,1,1,0.3,-50,-50,0,233,6.7,0,0,3.3,0,0,3.3,3.3,1
West Englewood,67,30000,Involuntary Manslaughter,0,0,0,0,0,0,0,1,0,0,0,NA,NA,NA,NA,0,0,3.3,0,0,0,0,0,0
West Englewood,67,30000,Liquor License,1,2,1,1,0,3,0,3,1,4,1.3,-66.7,-66.7,0,-23,10,0,10,3.3,3.3,6.7,3.3,3.3,4.3
West Englewood,67,30000,Misc Non-Index Offense,437,520,499,388,370,687,449,443,492,1456,485.3,-27.4,-28.4,-1.4,1,2290,1496.7,1476.7,1293.3,1456.7,1733.3,1663.3,1640,1617.7
West Englewood,67,30000,Motor Vehicle Theft,467,366,279,369,279,185,234,234,352,1112,370.7,50.8,90.3,26.2,-5,616.7,780,780,1230,1556.7,1220,930,1173.3,1235.7
West Englewood,67,30000,Murder,34,17,8,30,16,19,34,21,16,59,19.7,-57.9,-15.8,100,-19,63.3,113.3,70,100,113.3,56.7,26.7,53.3,65.7
West Englewood,67,30000,Obscenity,1,0,1,0,1,0,0,0,2,2,0.7,NA,NA,100,186,0,0,0,0,3.3,0,3.3,6.7,2.3
West Englewood,67,30000,Offenses Against Family,11,21,15,18,13,42,30,25,15,47,15.7,-64.3,-64.3,0,-4,140,100,83.3,60,36.7,70,50,50,52.3
West Englewood,67,30000,Prostitution,11,1,1,7,1,36,34,5,2,13,4.3,-97.2,-94.4,100,-53,120,113.3,16.7,23.3,36.7,3.3,3.3,6.7,14.3
West Englewood,67,30000,Robbery,181,213,117,224,85,213,235,148,107,511,170.3,-45.1,-49.8,-8.5,-37,710,783.3,493.3,746.7,603.3,710,390,356.7,567.7
West Englewood,67,30000,Simple Assault,276,309,344,301,243,486,358,346,328,929,309.7,-29.2,-32.5,-4.7,6,1620,1193.3,1153.3,1003.3,920,1030,1146.7,1093.3,1032.3
West Englewood,67,30000,Simple Battery,728,757,741,742,524,1318,983,859,709,2226,742,-43.8,-46.2,-4.3,-4,4393.3,3276.7,2863.3,2473.3,2426.7,2523.3,2470,2363.3,2473.3
West Englewood,67,30000,Stolen Property,0,1,1,0,1,1,0,1,2,2,0.7,0,100,100,186,3.3,0,3.3,0,0,3.3,3.3,6.7,2.3
West Englewood,67,30000,Theft,420,392,401,447,340,668,528,357,445,1213,404.3,-40,-33.4,11,10,2226.7,1760,1190,1490,1400,1306.7,1336.7,1483.3,1347.7
West Englewood,67,30000,Theft Over $500,218,193,168,236,121,241,172,215,173,579,193,-30.3,-28.2,3,-10,803.3,573.3,716.7,786.7,726.7,643.3,560,576.7,643.3
West Englewood,67,30000,Vandalism,593,542,535,650,383,696,727,671,511,1670,556.7,-23.1,-26.6,-4.5,-8,2320,2423.3,2236.7,2166.7,1976.7,1806.7,1783.3,1703.3,1855.7
West Englewood,67,30000,Weapons Violation,346,298,203,355,121,334,462,407,153,847,282.3,-39.2,-54.2,-24.6,-46,1113.3,1540,1356.7,1183.3,1153.3,993.3,676.7,510,941
Englewood,68,24000,Aggravated Assault,247,232,206,221,162,201,212,261,212,685,228.3,2.5,5.5,2.9,-7,837.5,883.3,1087.5,920.8,1029.2,966.7,858.3,883.3,951.2
Englewood,68,24000,Aggravated Battery,279,273,244,254,176,269,358,323,244,796,265.3,-9.3,-9.3,0,-8,1120.8,1491.7,1345.8,1058.3,1162.5,1137.5,1016.7,1016.7,1105.4
Englewood,68,24000,Arson,21,19,10,12,13,16,19,17,16,50,16.7,-37.5,0,60,-4,66.7,79.2,70.8,50,87.5,79.2,41.7,66.7,69.6
Englewood,68,24000,Burglary,140,113,154,125,90,232,153,115,133,407,135.7,-33.6,-42.7,-13.6,-2,966.7,637.5,479.2,520.8,583.3,470.8,641.7,554.2,565.4
Englewood,68,24000,Criminal Sexual Abuse,23,24,26,17,19,47,10,21,22,73,24.3,-44.7,-53.2,-15.4,-9,195.8,41.7,87.5,70.8,95.8,100,108.3,91.7,101.2
Englewood,68,24000,Criminal Sexual Assault,49,42,35,51,22,49,31,35,32,126,42,-28.6,-34.7,-8.6,-24,204.2,129.2,145.8,212.5,204.2,175,145.8,133.3,175
Englewood,68,24000,Disorderly Conduct,32,63,58,17,42,80,43,10,52,153,51,-27.5,-35,-10.3,2,333.3,179.2,41.7,70.8,133.3,262.5,241.7,216.7,212.5
Englewood,68,24000,Drug Abuse,114,143,174,45,134,382,202,113,186,431,143.7,-54.5,-51.3,6.9,29,1591.7,841.7,470.8,187.5,475,595.8,725,775,598.8
Englewood,68,24000,Embezzlement,0,1,0,0,0,1,0,0,0,1,0.3,-100,-100,NA,-100,4.2,0,0,0,0,4.2,0,0,1.2
Englewood,68,24000,Forgery & Counterfeiting,15,19,15,17,8,7,11,17,9,49,16.3,114.3,28.6,-40,-45,29.2,45.8,70.8,70.8,62.5,79.2,62.5,37.5,67.9
Englewood,68,24000,Fraud,187,176,165,175,105,189,224,225,139,528,176,-12.7,-26.5,-15.8,-21,787.5,933.3,937.5,729.2,779.2,733.3,687.5,579.2,733.3
Englewood,68,24000,Gambling,0,0,1,0,0,1,1,0,1,1,0.3,0,0,0,233,4.2,4.2,0,0,0,0,4.2,4.2,1.2
Englewood,68,24000,Human Trafficking,0,1,0,0,0,0,0,0,0,1,0.3,NA,NA,NA,-100,0,0,0,0,0,4.2,0,0,1.2
Englewood,68,24000,Involuntary Manslaughter,0,0,0,0,0,1,0,0,0,0,0,-100,-100,NA,NA,4.2,0,0,0,0,0,0,0,0
Englewood,68,24000,Liquor License,3,3,3,3,4,5,2,1,4,9,3,-40,-20,33.3,33,20.8,8.3,4.2,12.5,12.5,12.5,12.5,16.7,12.5
Englewood,68,24000,Misc Non-Index Offense,419,473,590,411,386,658,478,485,534,1482,494,-10.3,-18.8,-9.5,8,2741.7,1991.7,2020.8,1712.5,1745.8,1970.8,2458.3,2225,2058.3
Englewood,68,24000,Motor Vehicle Theft,562,464,366,424,257,192,214,205,345,1392,464,90.6,79.7,-5.7,-26,800,891.7,854.2,1766.7,2341.7,1933.3,1525,1437.5,1933.3
Englewood,68,24000,Murder,22,21,13,18,16,19,35,33,21,56,18.7,-31.6,10.5,61.5,12,79.2,145.8,137.5,75,91.7,87.5,54.2,87.5,77.9
Englewood,68,24000,Obscenity,0,0,0,0,0,0,0,0,0,0,0,NA,NA,NA,NA,0,0,0,0,0,0,0,0,0
Englewood,68,24000,Offenses Against Family,24,19,25,21,17,45,23,23,22,68,22.7,-44.4,-51.1,-12,-3,187.5,95.8,95.8,87.5,100,79.2,104.2,91.7,94.6
Englewood,68,24000,Prostitution,3,1,5,0,1,20,18,4,3,9,3,-75,-85,-40,0,83.3,75,16.7,0,12.5,4.2,20.8,12.5,12.5
Englewood,68,24000,Robbery,202,216,149,189,74,219,198,155,104,567,189,-32,-52.5,-30.2,-45,912.5,825,645.8,787.5,841.7,900,620.8,433.3,787.5
Englewood,68,24000,Simple Assault,334,372,378,382,245,421,353,344,332,1084,361.3,-10.2,-21.1,-12.2,-8,1754.2,1470.8,1433.3,1591.7,1391.7,1550,1575,1383.3,1505.4
Englewood,68,24000,Simple Battery,867,953,930,834,639,1229,937,843,874,2750,916.7,-24.3,-28.9,-6,-5,5120.8,3904.2,3512.5,3475,3612.5,3970.8,3875,3641.7,3819.6
Englewood,68,24000,Stolen Property,2,2,3,1,0,3,1,1,0,7,2.3,0,-100,-100,-100,12.5,4.2,4.2,4.2,8.3,8.3,12.5,0,9.6
Englewood,68,24000,Theft,411,447,453,399,288,592,429,366,385,1311,437,-23.5,-35,-15,-12,2466.7,1787.5,1525,1662.5,1712.5,1862.5,1887.5,1604.2,1820.8
Englewood,68,24000,Theft Over $500,236,222,199,225,108,209,169,169,160,657,219,-4.8,-23.4,-19.6,-27,870.8,704.2,704.2,937.5,983.3,925,829.2,666.7,912.5
Englewood,68,24000,Vandalism,610,610,541,570,350,641,619,591,490,1761,587,-15.6,-23.6,-9.4,-17,2670.8,2579.2,2462.5,2375,2541.7,2541.7,2254.2,2041.7,2445.8
Englewood,68,24000,Weapons Violation,313,325,238,333,134,309,436,396,179,876,292,-23,-42.1,-24.8,-39,1287.5,1816.7,1650,1387.5,1304.2,1354.2,991.7,745.8,1216.7
Greater Grand Crossing,69,31000,Aggravated Assault,275,260,257,251,195,204,250,303,261,792,264,26,27.9,1.6,-1,658.1,806.5,977.4,809.7,887.1,838.7,829,841.9,851.6
Greater Grand Crossing,69,31000,Aggravated Battery,306,303,305,271,237,336,308,349,317,914,304.7,-9.2,-5.7,3.9,4,1083.9,993.5,1125.8,874.2,987.1,977.4,983.9,1022.6,982.9
Greater Grand Crossing,69,31000,Arson,20,24,16,7,13,7,20,14,16,60,20,128.6,128.6,0,-20,22.6,64.5,45.2,22.6,64.5,77.4,51.6,51.6,64.5
Greater Grand Crossing,69,31000,Burglary,219,245,216,214,185,277,244,189,260,680,226.7,-22,-6.1,20.4,15,893.5,787.1,609.7,690.3,706.5,790.3,696.8,838.7,731.3
Greater Grand Crossing,69,31000,Criminal Sexual Abuse,30,18,21,21,17,30,18,20,22,69,23,-30,-26.7,4.8,-4,96.8,58.1,64.5,67.7,96.8,58.1,67.7,71,74.2
Greater Grand Crossing,69,31000,Criminal Sexual Assault,38,41,52,50,36,61,45,37,52,131,43.7,-14.8,-14.8,0,19,196.8,145.2,119.4,161.3,122.6,132.3,167.7,167.7,141
Greater Grand Crossing,69,31000,Disorderly Conduct,42,49,46,27,65,104,41,27,76,137,45.7,-55.8,-26.9,65.2,66,335.5,132.3,87.1,87.1,135.5,158.1,148.4,245.2,147.4
Greater Grand Crossing,69,31000,Drug Abuse,79,86,134,48,118,329,151,71,150,299,99.7,-59.3,-54.4,11.9,50,1061.3,487.1,229,154.8,254.8,277.4,432.3,483.9,321.6
Greater Grand Crossing,69,31000,Embezzlement,0,0,0,0,1,1,0,0,1,0,0,-100,0,NA,NA,3.2,0,0,0,0,0,0,3.2,0
Greater Grand Crossing,69,31000,Forgery & Counterfeiting,21,18,18,18,11,33,10,6,14,57,19,-45.5,-57.6,-22.2,-26,106.5,32.3,19.4,58.1,67.7,58.1,58.1,45.2,61.3
Greater Grand Crossing,69,31000,Fraud,234,234,243,256,140,227,293,246,186,711,237,7,-18.1,-23.5,-22,732.3,945.2,793.5,825.8,754.8,754.8,783.9,600,764.5
Greater Grand Crossing,69,31000,Gambling,2,0,0,0,0,1,1,0,0,2,0.7,-100,-100,NA,-100,3.2,3.2,0,0,6.5,0,0,0,2.3
Greater Grand Crossing,69,31000,Human Trafficking,0,0,0,0,1,1,0,0,1,0,0,-100,0,NA,NA,3.2,0,0,0,0,0,0,3.2,0
Greater Grand Crossing,69,31000,Involuntary Manslaughter,0,0,1,0,0,0,0,0,1,1,0.3,NA,NA,0,233,0,0,0,0,0,0,3.2,3.2,1
Greater Grand Crossing,69,31000,Liquor License,2,5,4,5,3,4,3,5,5,11,3.7,0,25,25,35,12.9,9.7,16.1,16.1,6.5,16.1,12.9,16.1,11.9
Greater Grand Crossing,69,31000,Misc Non-Index Offense,551,683,638,477,520,711,507,501,669,1872,624,-10.3,-5.9,4.9,7,2293.5,1635.5,1616.1,1538.7,1777.4,2203.2,2058.1,2158.1,2012.9
Greater Grand Crossing,69,31000,Motor Vehicle Theft,900,580,425,738,339,272,346,334,444,1905,635,56.2,63.2,4.5,-30,877.4,1116.1,1077.4,2380.6,2903.2,1871,1371,1432.3,2048.4
Greater Grand Crossing,69,31000,Murder,32,36,22,22,20,27,28,39,25,90,30,-18.5,-7.4,13.6,-17,87.1,90.3,125.8,71,103.2,116.1,71,80.6,96.8
Greater Grand Crossing,69,31000,Obscenity,0,0,0,0,2,0,0,0,2,0,0,NA,NA,NA,NA,0,0,0,0,0,0,0,6.5,0
Greater Grand Crossing,69,31000,Offenses Against Family,32,23,29,39,22,35,43,30,33,84,28,-17.1,-5.7,13.8,18,112.9,138.7,96.8,125.8,103.2,74.2,93.5,106.5,90.3
Greater Grand Crossing,69,31000,Prostitution,1,3,4,2,1,3,0,0,3,8,2.7,33.3,0,-25,11,9.7,0,0,6.5,3.2,9.7,12.9,9.7,8.7
Greater Grand Crossing,69,31000,Robbery,252,252,196,252,122,230,231,241,160,700,233.3,-14.8,-30.4,-18.4,-31,741.9,745.2,777.4,812.9,812.9,812.9,632.3,516.1,752.6
Greater Grand Crossing,69,31000,Simple Assault,444,438,512,395,358,483,387,407,487,1394,464.7,6,0.8,-4.9,5,1558.1,1248.4,1312.9,1274.2,1432.3,1412.9,1651.6,1571,1499
Greater Grand Crossing,69,31000,Simple Battery,1089,1135,1081,959,858,1380,1048,972,1125,3305,1101.7,-21.7,-18.5,4.1,2,4451.6,3380.6,3135.5,3093.5,3512.9,3661.3,3487.1,3629,3553.9
Greater Grand Crossing,69,31000,Stolen Property,0,3,0,1,2,1,1,1,2,3,1,-100,100,NA,100,3.2,3.2,3.2,3.2,0,9.7,0,6.5,3.2
Greater Grand Crossing,69,31000,Theft,600,663,611,513,478,734,573,486,637,1874,624.7,-16.8,-13.2,4.3,2,2367.7,1848.4,1567.7,1654.8,1935.5,2138.7,1971,2054.8,2015.2
Greater Grand Crossing,69,31000,Theft Over $500,352,299,267,327,166,226,193,204,232,918,306,18.1,2.7,-13.1,-24,729,622.6,658.1,1054.8,1135.5,964.5,861.3,748.4,987.1
Greater Grand Crossing,69,31000,Vandalism,867,723,736,720,499,787,786,786,703,2326,775.3,-6.5,-10.7,-4.5,-9,2538.7,2535.5,2535.5,2322.6,2796.8,2332.3,2374.2,2267.7,2501
Greater Grand Crossing,69,31000,Weapons Violation,378,395,277,362,208,261,431,380,260,1050,350,6.1,-0.4,-6.1,-26,841.9,1390.3,1225.8,1167.7,1219.4,1274.2,893.5,838.7,1129
Lincoln Park,7,70000,Aggravated Assault,40,37,47,40,26,35,30,32,34,124,41.3,34.3,-2.9,-27.7,-18,50,42.9,45.7,57.1,57.1,52.9,67.1,48.6,59
Lincoln Park,7,70000,Aggravated Battery,46,39,32,25,31,43,27,36,37,117,39,-25.6,-14,15.6,-5,61.4,38.6,51.4,35.7,65.7,55.7,45.7,52.9,55.7
Lincoln Park,7,70000,Arson,5,2,1,3,2,5,10,4,2,8,2.7,-80,-60,100,-26,7.1,14.3,5.7,4.3,7.1,2.9,1.4,2.9,3.9
Lincoln Park,7,70000,Burglary,203,261,281,187,261,205,167,125,347,745,248.3,37.1,69.3,23.5,40,292.9,238.6,178.6,267.1,290,372.9,401.4,495.7,354.7
Lincoln Park,7,70000,Criminal Sexual Abuse,27,15,28,25,18,32,16,21,24,70,23.3,-12.5,-25,-14.3,3,45.7,22.9,30,35.7,38.6,21.4,40,34.3,33.3
Lincoln Park,7,70000,Criminal Sexual Assault,20,19,22,25,20,21,8,26,25,61,20.3,4.8,19,13.6,23,30,11.4,37.1,35.7,28.6,27.1,31.4,35.7,29
Lincoln Park,7,70000,Disorderly Conduct,7,7,11,9,14,11,2,4,21,25,8.3,0,90.9,90.9,153,15.7,2.9,5.7,12.9,10,10,15.7,30,11.9
Lincoln Park,7,70000,Drug Abuse,11,8,15,3,4,15,7,5,8,34,11.3,0,-46.7,-46.7,-29,21.4,10,7.1,4.3,15.7,11.4,21.4,11.4,16.1
Lincoln Park,7,70000,Embezzlement,3,2,0,0,0,1,1,2,0,5,1.7,-100,-100,NA,-100,1.4,1.4,2.9,0,4.3,2.9,0,0,2.4
Lincoln Park,7,70000,Forgery & Counterfeiting,26,11,14,52,13,23,20,14,18,51,17,-39.1,-21.7,28.6,6,32.9,28.6,20,74.3,37.1,15.7,20,25.7,24.3
Lincoln Park,7,70000,Fraud,352,338,351,325,272,463,432,444,345,1041,347,-24.2,-25.5,-1.7,-1,661.4,617.1,634.3,464.3,502.9,482.9,501.4,492.9,495.7
Lincoln Park,7,70000,Gambling,0,0,0,0,0,2,0,0,0,0,0,-100,-100,NA,NA,2.9,0,0,0,0,0,0,0,0
Lincoln Park,7,70000,Human Trafficking,0,0,0,0,0,0,0,0,0,0,0,NA,NA,NA,NA,0,0,0,0,0,0,0,0,0
Lincoln Park,7,70000,Involuntary Manslaughter,0,0,0,0,0,0,0,0,0,0,0,NA,NA,NA,NA,0,0,0,0,0,0,0,0,0
Lincoln Park,7,70000,Liquor License,5,3,6,5,7,11,7,7,7,14,4.7,-45.5,-36.4,16.7,49,15.7,10,10,7.1,7.1,4.3,8.6,10,6.7
Lincoln Park,7,70000,Misc Non-Index Offense,220,215,245,219,167,253,184,166,230,680,226.7,-3.2,-9.1,-6.1,1,361.4,262.9,237.1,312.9,314.3,307.1,350,328.6,323.9
Lincoln Park,7,70000,Motor Vehicle Theft,347,309,210,267,219,94,111,221,288,866,288.7,123.4,206.4,37.1,-0,134.3,158.6,315.7,381.4,495.7,441.4,300,411.4,412.4
Lincoln Park,7,70000,Murder,0,1,1,1,1,3,1,0,1,2,0.7,-66.7,-66.7,0,43,4.3,1.4,0,1.4,0,1.4,1.4,1.4,1
Lincoln Park,7,70000,Obscenity,0,1,0,1,0,0,0,0,0,1,0.3,NA,NA,NA,-100,0,0,0,1.4,0,1.4,0,0,0.4
Lincoln Park,7,70000,Offenses Against Family,3,7,2,3,4,5,2,3,5,12,4,-60,0,150,25,7.1,2.9,4.3,4.3,4.3,10,2.9,7.1,5.7
Lincoln Park,7,70000,Prostitution,0,0,0,3,0,1,0,0,0,0,0,-100,-100,NA,NA,1.4,0,0,4.3,0,0,0,0,0
Lincoln Park,7,70000,Robbery,133,102,64,122,45,116,113,102,62,299,99.7,-44.8,-46.6,-3.1,-38,165.7,161.4,145.7,174.3,190,145.7,91.4,88.6,142.4
Lincoln Park,7,70000,Simple Assault,154,147,176,108,117,131,101,121,169,477,159,34.4,29,-4,6,187.1,144.3,172.9,154.3,220,210,251.4,241.4,227.1
Lincoln Park,7,70000,Simple Battery,294,318,300,265,250,386,215,250,315,912,304,-22.3,-18.4,5,4,551.4,307.1,357.1,378.6,420,454.3,428.6,450,434.3
Lincoln Park,7,70000,Stolen Property,0,0,3,1,0,0,2,0,0,3,1,NA,NA,-100,-100,0,2.9,0,1.4,0,0,4.3,0,1.4
Lincoln Park,7,70000,Theft,1068,1515,1294,1006,888,1372,815,775,1209,3877,1292.3,-5.7,-11.9,-6.6,-6,1960,1164.3,1107.1,1437.1,1525.7,2164.3,1848.6,1727.1,1846.1
Lincoln Park,7,70000,Theft Over $500,588,529,414,536,251,661,350,385,350,1531,510.3,-37.4,-47,-15.5,-31,944.3,500,550,765.7,840,755.7,591.4,500,729
Lincoln Park,7,70000,Vandalism,366,405,371,286,244,421,237,243,357,1142,380.7,-11.9,-15.2,-3.8,-6,601.4,338.6,347.1,408.6,522.9,578.6,530,510,543.9
Lincoln Park,7,70000,Weapons Violation,22,25,25,37,10,11,11,24,11,72,24,127.3,0,-56,-54,15.7,15.7,34.3,52.9,31.4,35.7,35.7,15.7,34.3
Ashburn,70,41000,Aggravated Assault,69,83,74,67,40,55,72,68,61,226,75.3,34.5,10.9,-17.6,-19,134.1,175.6,165.9,163.4,168.3,202.4,180.5,148.8,183.7
Ashburn,70,41000,Aggravated Battery,58,55,51,47,32,47,54,48,44,164,54.7,8.5,-6.4,-13.7,-20,114.6,131.7,117.1,114.6,141.5,134.1,124.4,107.3,133.4
Ashburn,70,41000,Arson,6,6,4,1,0,0,7,6,0,16,5.3,NA,NA,-100,-100,0,17.1,14.6,2.4,14.6,14.6,9.8,0,12.9
Ashburn,70,41000,Burglary,73,94,73,78,67,146,88,93,82,240,80,-50,-43.8,12.3,2,356.1,214.6,226.8,190.2,178,229.3,178,200,195.1
Ashburn,70,41000,Criminal Sexual Abuse,15,18,15,6,18,20,10,5,20,48,16,-25,0,33.3,25,48.8,24.4,12.2,14.6,36.6,43.9,36.6,48.8,39
Ashburn,70,41000,Criminal Sexual Assault,20,12,17,14,10,13,21,10,16,49,16.3,30.8,23.1,-5.9,-2,31.7,51.2,24.4,34.1,48.8,29.3,41.5,39,39.8
Ashburn,70,41000,Disorderly Conduct,5,2,12,3,4,13,2,5,5,19,6.3,-7.7,-61.5,-58.3,-21,31.7,4.9,12.2,7.3,12.2,4.9,29.3,12.2,15.4
Ashburn,70,41000,Drug Abuse,7,8,7,5,8,29,18,4,9,22,7.3,-75.9,-69,28.6,23,70.7,43.9,9.8,12.2,17.1,19.5,17.1,22,17.8
Ashburn,70,41000,Embezzlement,1,0,0,0,0,0,1,0,0,1,0.3,NA,NA,NA,-100,0,2.4,0,0,2.4,0,0,0,0.7
Ashburn,70,41000,Forgery & Counterfeiting,16,8,13,21,2,24,8,11,5,37,12.3,-45.8,-79.2,-61.5,-59,58.5,19.5,26.8,51.2,39,19.5,31.7,12.2,30
Ashburn,70,41000,Fraud,208,172,180,190,120,218,244,250,165,560,186.7,-17.4,-24.3,-8.3,-12,531.7,595.1,609.8,463.4,507.3,419.5,439,402.4,455.4
Ashburn,70,41000,Gambling,0,0,0,0,0,2,0,0,0,0,0,-100,-100,NA,NA,4.9,0,0,0,0,0,0,0,0
Ashburn,70,41000,Human Trafficking,0,0,0,0,0,0,0,0,0,0,0,NA,NA,NA,NA,0,0,0,0,0,0,0,0,0
Ashburn,70,41000,Involuntary Manslaughter,0,0,0,0,0,1,0,0,0,0,0,-100,-100,NA,NA,2.4,0,0,0,0,0,0,0,0
Ashburn,70,41000,Liquor License,0,0,1,1,1,0,0,4,1,1,0.3,NA,NA,0,233,0,0,9.8,2.4,0,0,2.4,2.4,0.7
Ashburn,70,41000,Misc Non-Index Offense,212,250,223,184,159,269,204,228,206,685,228.3,-17.1,-23.4,-7.6,-10,656.1,497.6,556.1,448.8,517.1,609.8,543.9,502.4,556.8
Ashburn,70,41000,Motor Vehicle Theft,396,389,225,181,170,118,90,101,235,1010,336.7,90.7,99.2,4.4,-30,287.8,219.5,246.3,441.5,965.9,948.8,548.8,573.2,821.2
Ashburn,70,41000,Murder,9,6,2,4,1,5,2,5,1,17,5.7,-60,-80,-50,-82,12.2,4.9,12.2,9.8,22,14.6,4.9,2.4,13.9
Ashburn,70,41000,Obscenity,0,1,1,0,1,0,0,0,1,2,0.7,NA,NA,0,43,0,0,0,0,0,2.4,2.4,2.4,1.7
Ashburn,70,41000,Offenses Against Family,19,9,13,14,3,17,15,13,5,41,13.7,-23.5,-70.6,-61.5,-64,41.5,36.6,31.7,34.1,46.3,22,31.7,12.2,33.4
Ashburn,70,41000,Prostitution,0,1,3,0,0,0,2,0,1,4,1.3,NA,NA,-66.7,-23,0,4.9,0,0,0,2.4,7.3,2.4,3.2
Ashburn,70,41000,Robbery,82,48,34,56,29,69,55,47,38,164,54.7,-50.7,-44.9,11.8,-31,168.3,134.1,114.6,136.6,200,117.1,82.9,92.7,133.4
Ashburn,70,41000,Simple Assault,150,165,149,144,120,176,107,108,157,464,154.7,-15.3,-10.8,5.4,1,429.3,261,263.4,351.2,365.9,402.4,363.4,382.9,377.3
Ashburn,70,41000,Simple Battery,309,324,334,305,222,362,290,265,321,967,322.3,-7.7,-11.3,-3.9,-0,882.9,707.3,646.3,743.9,753.7,790.2,814.6,782.9,786.1
Ashburn,70,41000,Stolen Property,0,1,0,0,0,0,0,0,0,1,0.3,NA,NA,NA,-100,0,0,0,0,0,2.4,0,0,0.7
Ashburn,70,41000,Theft,241,295,214,199,154,334,185,181,205,750,250,-35.9,-38.6,-4.2,-18,814.6,451.2,441.5,485.4,587.8,719.5,522,500,609.8
Ashburn,70,41000,Theft Over $500,189,137,97,174,69,105,126,99,94,423,141,-7.6,-10.5,-3.1,-33,256.1,307.3,241.5,424.4,461,334.1,236.6,229.3,343.9
Ashburn,70,41000,Vandalism,261,287,232,256,150,282,225,205,224,780,260,-17.7,-20.6,-3.4,-14,687.8,548.8,500,624.4,636.6,700,565.9,546.3,634.1
Ashburn,70,41000,Weapons Violation,96,56,42,52,39,47,74,58,47,194,64.7,-10.6,0,11.9,-27,114.6,180.5,141.5,126.8,234.1,136.6,102.4,114.6,157.8
Auburn Gresham,71,45000,Aggravated Assault,258,267,245,264,158,220,191,298,219,770,256.7,11.4,-0.5,-10.6,-15,488.9,424.4,662.2,586.7,573.3,593.3,544.4,486.7,570.4
Auburn Gresham,71,45000,Aggravated Battery,251,253,220,247,167,265,269,269,207,724,241.3,-17,-21.9,-5.9,-14,588.9,597.8,597.8,548.9,557.8,562.2,488.9,460,536.2
Auburn Gresham,71,45000,Arson,15,12,13,15,12,16,11,17,15,40,13.3,-18.8,-6.2,15.4,13,35.6,24.4,37.8,33.3,33.3,26.7,28.9,33.3,29.6
Auburn Gresham,71,45000,Burglary,225,212,240,254,160,306,254,223,231,677,225.7,-21.6,-24.5,-3.8,2,680,564.4,495.6,564.4,500,471.1,533.3,513.3,501.6
Auburn Gresham,71,45000,Criminal Sexual Abuse,34,32,21,29,16,24,22,28,22,87,29,-12.5,-8.3,4.8,-24,53.3,48.9,62.2,64.4,75.6,71.1,46.7,48.9,64.4
Auburn Gresham,71,45000,Criminal Sexual Assault,37,33,46,46,33,57,47,37,44,116,38.7,-19.3,-22.8,-4.3,14,126.7,104.4,82.2,102.2,82.2,73.3,102.2,97.8,86
Auburn Gresham,71,45000,Disorderly Conduct,49,38,44,33,46,132,46,28,58,131,43.7,-66.7,-56.1,31.8,33,293.3,102.2,62.2,73.3,108.9,84.4,97.8,128.9,97.1
Auburn Gresham,71,45000,Drug Abuse,86,84,104,31,89,396,145,89,115,274,91.3,-73.7,-71,10.6,26,880,322.2,197.8,68.9,191.1,186.7,231.1,255.6,202.9
Auburn Gresham,71,45000,Embezzlement,0,1,0,0,0,0,0,0,0,1,0.3,NA,NA,NA,-100,0,0,0,0,0,2.2,0,0,0.7
Auburn Gresham,71,45000,Forgery & Counterfeiting,25,13,16,18,10,40,25,14,11,54,18,-60,-72.5,-31.2,-39,88.9,55.6,31.1,40,55.6,28.9,35.6,24.4,40
Auburn Gresham,71,45000,Fraud,279,264,288,328,161,376,383,406,221,831,277,-23.4,-41.2,-23.3,-20,835.6,851.1,902.2,728.9,620,586.7,640,491.1,615.6
Auburn Gresham,71,45000,Gambling,0,2,2,0,1,5,0,0,1,4,1.3,-60,-80,-50,-23,11.1,0,0,0,0,4.4,4.4,2.2,2.9
Auburn Gresham,71,45000,Human Trafficking,0,1,0,0,0,0,1,1,0,1,0.3,NA,NA,NA,-100,0,2.2,2.2,0,0,2.2,0,0,0.7
Auburn Gresham,71,45000,Involuntary Manslaughter,0,0,0,0,0,0,0,0,0,0,0,NA,NA,NA,NA,0,0,0,0,0,0,0,0,0
Auburn Gresham,71,45000,Liquor License,3,2,3,9,1,6,2,6,1,8,2.7,-50,-83.3,-66.7,-63,13.3,4.4,13.3,20,6.7,4.4,6.7,2.2,6
Auburn Gresham,71,45000,Misc Non-Index Offense,674,784,686,599,518,853,600,523,692,2144,714.7,-19.6,-18.9,0.9,-3,1895.6,1333.3,1162.2,1331.1,1497.8,1742.2,1524.4,1537.8,1588.2
Auburn Gresham,71,45000,Motor Vehicle Theft,942,586,574,564,371,255,283,331,524,2102,700.7,125.1,105.5,-8.7,-25,566.7,628.9,735.6,1253.3,2093.3,1302.2,1275.6,1164.4,1557.1
Auburn Gresham,71,45000,Murder,23,29,20,35,14,21,34,39,23,72,24,-4.8,9.5,15,-4,46.7,75.6,86.7,77.8,51.1,64.4,44.4,51.1,53.3
Auburn Gresham,71,45000,Obscenity,0,0,1,0,2,0,0,0,3,1,0.3,NA,NA,200,900,0,0,0,0,0,0,2.2,6.7,0.7
Auburn Gresham,71,45000,Offenses Against Family,43,24,23,33,19,59,26,32,22,90,30,-61,-62.7,-4.3,-27,131.1,57.8,71.1,73.3,95.6,53.3,51.1,48.9,66.7
Auburn Gresham,71,45000,Prostitution,1,3,2,1,4,5,6,5,6,6,2,-60,20,200,200,11.1,13.3,11.1,2.2,2.2,6.7,4.4,13.3,4.4
Auburn Gresham,71,45000,Robbery,255,230,166,227,71,261,169,176,108,651,217,-36.4,-58.6,-34.9,-50,580,375.6,391.1,504.4,566.7,511.1,368.9,240,482.2
Auburn Gresham,71,45000,Simple Assault,461,525,459,421,338,541,422,411,431,1445,481.7,-15.2,-20.3,-6.1,-11,1202.2,937.8,913.3,935.6,1024.4,1166.7,1020,957.8,1070.4
Auburn Gresham,71,45000,Simple Battery,1101,1107,1032,1025,781,1468,1175,1051,1025,3240,1080,-29.7,-30.2,-0.7,-5,3262.2,2611.1,2335.6,2277.8,2446.7,2460,2293.3,2277.8,2400
Auburn Gresham,71,45000,Stolen Property,3,0,1,2,2,2,2,2,2,4,1.3,-50,0,100,54,4.4,4.4,4.4,4.4,6.7,0,2.2,4.4,2.9
Auburn Gresham,71,45000,Theft,617,591,621,587,517,889,666,527,677,1829,609.7,-30.1,-23.8,9,11,1975.6,1480,1171.1,1304.4,1371.1,1313.3,1380,1504.4,1354.9
Auburn Gresham,71,45000,Theft Over $500,359,313,271,369,210,256,255,276,270,943,314.3,5.9,5.5,-0.4,-14,568.9,566.7,613.3,820,797.8,695.6,602.2,600,698.4
Auburn Gresham,71,45000,Vandalism,844,979,877,869,558,850,850,875,857,2700,900,3.2,0.8,-2.3,-5,1888.9,1888.9,1944.4,1931.1,1875.6,2175.6,1948.9,1904.4,2000
Auburn Gresham,71,45000,Weapons Violation,308,266,139,315,116,330,379,394,139,713,237.7,-57.9,-57.9,0,-42,733.3,842.2,875.6,700,684.4,591.1,308.9,308.9,528.2
Beverly,72,20000,Aggravated Assault,13,14,15,12,17,15,14,16,20,42,14,0,33.3,33.3,43,75,70,80,60,65,70,75,100,70
Beverly,72,20000,Aggravated Battery,10,12,16,13,20,9,12,11,27,38,12.7,77.8,200,68.8,113,45,60,55,65,50,60,80,135,63.5
Beverly,72,20000,Arson,0,0,1,3,1,3,0,2,1,1,0.3,-66.7,-66.7,0,233,15,0,10,15,0,0,5,5,1.5
Beverly,72,20000,Burglary,56,29,44,51,38,80,42,47,46,129,43,-45,-42.5,4.5,7,400,210,235,255,280,145,220,230,215
Beverly,72,20000,Criminal Sexual Abuse,10,5,11,3,6,8,3,4,8,26,8.7,37.5,0,-27.3,-8,40,15,20,15,50,25,55,40,43.5
Beverly,72,20000,Criminal Sexual Assault,3,5,6,5,5,2,4,4,5,14,4.7,200,150,-16.7,6,10,20,20,25,15,25,30,25,23.5
Beverly,72,20000,Disorderly Conduct,3,1,1,2,3,6,2,2,3,5,1.7,-83.3,-50,200,76,30,10,10,10,15,5,5,15,8.5
Beverly,72,20000,Drug Abuse,9,6,8,3,9,9,7,6,11,23,7.7,-11.1,22.2,37.5,43,45,35,30,15,45,30,40,55,38.5
Beverly,72,20000,Embezzlement,1,1,0,1,0,1,0,0,0,2,0.7,-100,-100,NA,-100,5,0,0,5,5,5,0,0,3.5
Beverly,72,20000,Forgery & Counterfeiting,7,6,5,7,3,9,4,9,4,18,6,-44.4,-55.6,-20,-33,45,20,45,35,35,30,25,20,30
Beverly,72,20000,Fraud,114,93,109,103,57,135,200,140,87,316,105.3,-19.3,-35.6,-20.2,-17,675,1000,700,515,570,465,545,435,526.5
Beverly,72,20000,Gambling,0,0,0,0,0,0,0,0,0,0,0,NA,NA,NA,NA,0,0,0,0,0,0,0,0,0
Beverly,72,20000,Human Trafficking,0,0,0,0,0,0,0,0,0,0,0,NA,NA,NA,NA,0,0,0,0,0,0,0,0,0
Beverly,72,20000,Involuntary Manslaughter,0,0,0,0,0,0,0,0,0,0,0,NA,NA,NA,NA,0,0,0,0,0,0,0,0,0
Beverly,72,20000,Liquor License,2,0,2,2,0,0,0,0,1,4,1.3,NA,NA,-50,-23,0,0,0,10,10,0,10,5,6.5
Beverly,72,20000,Misc Non-Index Offense,124,135,121,102,78,115,122,95,104,380,126.7,5.2,-9.6,-14,-18,575,610,475,510,620,675,605,520,633.5
Beverly,72,20000,Motor Vehicle Theft,124,85,82,91,49,32,44,44,79,291,97,156.2,146.9,-3.7,-19,160,220,220,455,620,425,410,395,485
Beverly,72,20000,Murder,0,1,1,2,0,0,0,0,0,2,0.7,NA,NA,-100,-100,0,0,0,10,0,5,5,0,3.5
Beverly,72,20000,Obscenity,0,0,0,0,0,0,0,0,0,0,0,NA,NA,NA,NA,0,0,0,0,0,0,0,0,0
Beverly,72,20000,Offenses Against Family,5,4,6,5,2,5,7,8,4,15,5,20,-20,-33.3,-20,25,35,40,25,25,20,30,20,25
Beverly,72,20000,Prostitution,1,3,0,0,0,1,0,0,0,4,1.3,-100,-100,NA,-100,5,0,0,0,5,15,0,0,6.5
Beverly,72,20000,Robbery,32,14,12,29,9,15,29,18,13,58,19.3,-20,-13.3,8.3,-33,75,145,90,145,160,70,60,65,96.5
Beverly,72,20000,Simple Assault,69,59,63,53,51,44,42,61,66,191,63.7,43.2,50,4.8,4,220,210,305,265,345,295,315,330,318.5
Beverly,72,20000,Simple Battery,102,90,139,80,128,96,66,94,159,331,110.3,44.8,65.6,14.4,44,480,330,470,400,510,450,695,795,551.5
Beverly,72,20000,Stolen Property,1,1,0,0,0,0,1,1,0,2,0.7,NA,NA,NA,-100,0,5,5,0,5,5,0,0,3.5
Beverly,72,20000,Theft,116,133,161,126,112,177,121,77,157,410,136.7,-9,-11.3,-2.5,15,885,605,385,630,580,665,805,785,683.5
Beverly,72,20000,Theft Over $500,75,85,64,84,33,59,48,51,50,224,74.7,8.5,-15.3,-21.9,-33,295,240,255,420,375,425,320,250,373.5
Beverly,72,20000,Vandalism,124,123,112,105,94,101,81,89,138,359,119.7,10.9,36.6,23.2,15,505,405,445,525,620,615,560,690,598.5
Beverly,72,20000,Weapons Violation,17,12,10,19,12,5,7,18,15,39,13,100,200,50,15,25,35,90,95,85,60,50,75,65
Washington Heights,73,25000,Aggravated Assault,109,96,79,106,55,96,82,99,75,284,94.7,-17.7,-21.9,-5.1,-21,384,328,396,424,436,384,316,300,378.8
Washington Heights,73,25000,Aggravated Battery,82,74,69,91,53,110,98,93,70,225,75,-37.3,-36.4,1.4,-7,440,392,372,364,328,296,276,280,300
Washington Heights,73,25000,Arson,5,2,3,8,5,6,7,11,7,10,3.3,-50,16.7,133.3,112,24,28,44,32,20,8,12,28,13.2
Washington Heights,73,25000,Burglary,69,84,107,119,75,133,114,72,102,260,86.7,-19.5,-23.3,-4.7,18,532,456,288,476,276,336,428,408,346.8
Washington Heights,73,25000,Criminal Sexual Abuse,8,12,15,18,10,17,16,11,12,35,11.7,-11.8,-29.4,-20,3,68,64,44,72,32,48,60,48,46.8
Washington Heights,73,25000,Criminal Sexual Assault,12,20,19,16,18,19,22,17,22,51,17,0,15.8,15.8,29,76,88,68,64,48,80,76,88,68
Washington Heights,73,25000,Disorderly Conduct,17,20,20,9,12,38,11,6,14,57,19,-47.4,-63.2,-30,-26,152,44,24,36,68,80,80,56,76
Washington Heights,73,25000,Drug Abuse,34,58,53,31,38,128,45,48,49,145,48.3,-58.6,-61.7,-7.5,1,512,180,192,124,136,232,212,196,193.2
Washington Heights,73,25000,Embezzlement,0,0,0,1,0,0,0,0,0,0,0,NA,NA,NA,NA,0,0,0,4,0,0,0,0,0
Washington Heights,73,25000,Forgery & Counterfeiting,7,8,9,13,6,19,11,8,6,24,8,-52.6,-68.4,-33.3,-25,76,44,32,52,28,32,36,24,32
Washington Heights,73,25000,Fraud,169,145,182,159,111,201,280,230,139,496,165.3,-9.5,-30.8,-23.6,-16,804,1120,920,636,676,580,728,556,661.2
Washington Heights,73,25000,Gambling,0,0,0,0,0,1,0,0,0,0,0,-100,-100,NA,NA,4,0,0,0,0,0,0,0,0
Washington Heights,73,25000,Human Trafficking,0,0,0,0,0,1,0,0,0,0,0,-100,-100,NA,NA,4,0,0,0,0,0,0,0,0
Washington Heights,73,25000,Involuntary Manslaughter,1,0,0,0,0,0,0,0,0,1,0.3,NA,NA,NA,-100,0,0,0,0,4,0,0,0,1.2
Washington Heights,73,25000,Liquor License,0,1,1,1,2,0,0,0,2,2,0.7,NA,NA,100,186,0,0,0,4,0,4,4,8,2.8
Washington Heights,73,25000,Misc Non-Index Offense,280,324,336,258,233,396,263,279,308,940,313.3,-15.2,-22.2,-8.3,-2,1584,1052,1116,1032,1120,1296,1344,1232,1253.2
Washington Heights,73,25000,Motor Vehicle Theft,542,306,288,438,151,117,136,159,239,1136,378.7,146.2,104.3,-17,-37,468,544,636,1752,2168,1224,1152,956,1514.8
Washington Heights,73,25000,Murder,10,8,4,11,6,6,7,12,6,22,7.3,-33.3,0,50,-18,24,28,48,44,40,32,16,24,29.2
Washington Heights,73,25000,Obscenity,0,0,1,0,0,0,0,0,0,1,0.3,NA,NA,-100,-100,0,0,0,0,0,0,4,0,1.2
Washington Heights,73,25000,Offenses Against Family,14,12,9,16,5,21,16,6,7,35,11.7,-57.1,-66.7,-22.2,-40,84,64,24,64,56,48,36,28,46.8
Washington Heights,73,25000,Prostitution,0,0,1,0,1,2,0,0,1,1,0.3,-50,-50,0,233,8,0,0,0,0,0,4,4,1.2
Washington Heights,73,25000,Robbery,96,72,63,126,34,85,93,82,52,231,77,-25.9,-38.8,-17.5,-32,340,372,328,504,384,288,252,208,308
Washington Heights,73,25000,Simple Assault,224,212,200,153,129,187,159,181,173,636,212,7,-7.5,-13.5,-18,748,636,724,612,896,848,800,692,848
Washington Heights,73,25000,Simple Battery,429,412,381,396,284,539,418,389,375,1222,407.3,-29.3,-30.4,-1.6,-8,2156,1672,1556,1584,1716,1648,1524,1500,1629.2
Washington Heights,73,25000,Stolen Property,0,1,1,1,1,0,0,0,1,2,0.7,NA,NA,0,43,0,0,0,4,0,4,4,4,2.8
Washington Heights,73,25000,Theft,378,545,357,278,224,464,313,275,311,1280,426.7,-23.1,-33,-12.9,-27,1856,1252,1100,1112,1512,2180,1428,1244,1706.8
Washington Heights,73,25000,Theft Over $500,180,164,132,200,88,163,113,101,120,476,158.7,-19,-26.4,-9.1,-24,652,452,404,800,720,656,528,480,634.8
Washington Heights,73,25000,Vandalism,495,372,376,375,242,388,354,328,346,1243,414.3,-3.1,-10.8,-8,-16,1552,1416,1312,1500,1980,1488,1504,1384,1657.2
Washington Heights,73,25000,Weapons Violation,88,122,98,122,55,88,118,146,81,308,102.7,11.4,-8,-17.3,-21,352,472,584,488,352,488,392,324,410.8
Mount Greenwood,74,19000,Aggravated Assault,18,11,6,8,7,7,7,14,9,35,11.7,-14.3,28.6,50,-23,36.8,36.8,73.7,42.1,94.7,57.9,31.6,47.4,61.6
Mount Greenwood,74,19000,Aggravated Battery,2,7,6,7,3,3,9,9,4,15,5,100,33.3,-33.3,-20,15.8,47.4,47.4,36.8,10.5,36.8,31.6,21.1,26.3
Mount Greenwood,74,19000,Arson,0,0,0,0,0,0,1,0,0,0,0,NA,NA,NA,NA,0,5.3,0,0,0,0,0,0,0
Mount Greenwood,74,19000,Burglary,11,8,20,22,13,27,13,7,17,39,13,-25.9,-37,-15,31,142.1,68.4,36.8,115.8,57.9,42.1,105.3,89.5,68.4
Mount Greenwood,74,19000,Criminal Sexual Abuse,5,3,4,7,6,2,6,3,7,12,4,100,250,75,75,10.5,31.6,15.8,36.8,26.3,15.8,21.1,36.8,21.1
Mount Greenwood,74,19000,Criminal Sexual Assault,7,7,5,4,0,4,2,2,0,19,6.3,25,-100,-100,-100,21.1,10.5,10.5,21.1,36.8,36.8,26.3,0,33.2
Mount Greenwood,74,19000,Disorderly Conduct,1,4,1,1,0,0,1,0,0,6,2,NA,NA,-100,-100,0,5.3,0,5.3,5.3,21.1,5.3,0,10.5
Mount Greenwood,74,19000,Drug Abuse,6,2,0,10,1,12,9,3,1,8,2.7,-100,-91.7,NA,-63,63.2,47.4,15.8,52.6,31.6,10.5,0,5.3,14.2
Mount Greenwood,74,19000,Embezzlement,1,0,0,0,0,0,0,0,0,1,0.3,NA,NA,NA,-100,0,0,0,0,5.3,0,0,0,1.6
Mount Greenwood,74,19000,Forgery & Counterfeiting,12,5,10,9,8,5,6,4,10,27,9,100,100,0,11,26.3,31.6,21.1,47.4,63.2,26.3,52.6,52.6,47.4
Mount Greenwood,74,19000,Fraud,62,76,59,73,41,55,152,142,60,197,65.7,7.3,9.1,1.7,-9,289.5,800,747.4,384.2,326.3,400,310.5,315.8,345.8
Mount Greenwood,74,19000,Gambling,0,0,0,0,0,0,0,0,0,0,0,NA,NA,NA,NA,0,0,0,0,0,0,0,0,0
Mount Greenwood,74,19000,Human Trafficking,0,0,0,0,0,0,0,0,0,0,0,NA,NA,NA,NA,0,0,0,0,0,0,0,0,0
Mount Greenwood,74,19000,Involuntary Manslaughter,0,0,0,0,0,0,0,0,0,0,0,NA,NA,NA,NA,0,0,0,0,0,0,0,0,0
Mount Greenwood,74,19000,Liquor License,4,5,2,1,0,0,3,0,1,11,3.7,NA,NA,-50,-73,0,15.8,0,5.3,21.1,26.3,10.5,5.3,19.5
Mount Greenwood,74,19000,Misc Non-Index Offense,69,78,73,79,60,81,71,72,77,220,73.3,-9.9,-4.9,5.5,5,426.3,373.7,378.9,415.8,363.2,410.5,384.2,405.3,385.8
Mount Greenwood,74,19000,Motor Vehicle Theft,38,30,30,22,17,13,16,23,31,98,32.7,130.8,138.5,3.3,-5,68.4,84.2,121.1,115.8,200,157.9,157.9,163.2,172.1
Mount Greenwood,74,19000,Murder,0,0,0,0,0,0,0,0,0,0,0,NA,NA,NA,NA,0,0,0,0,0,0,0,0,0
Mount Greenwood,74,19000,Obscenity,0,0,0,0,0,0,0,0,0,0,0,NA,NA,NA,NA,0,0,0,0,0,0,0,0,0
Mount Greenwood,74,19000,Offenses Against Family,6,2,2,3,1,3,3,3,1,10,3.3,-33.3,-66.7,-50,-70,15.8,15.8,15.8,15.8,31.6,10.5,10.5,5.3,17.4
Mount Greenwood,74,19000,Prostitution,0,0,1,1,0,1,1,0,0,1,0.3,0,-100,-100,-100,5.3,5.3,0,5.3,0,0,5.3,0,1.6
Mount Greenwood,74,19000,Robbery,7,4,7,16,2,3,4,17,4,18,6,133.3,33.3,-42.9,-33,15.8,21.1,89.5,84.2,36.8,21.1,36.8,21.1,31.6
Mount Greenwood,74,19000,Simple Assault,35,33,42,33,34,21,26,19,45,110,36.7,100,114.3,7.1,23,110.5,136.8,100,173.7,184.2,173.7,221.1,236.8,193.2
Mount Greenwood,74,19000,Simple Battery,73,87,97,78,55,76,61,50,74,257,85.7,27.6,-2.6,-23.7,-14,400,321.1,263.2,410.5,384.2,457.9,510.5,389.5,451.1
Mount Greenwood,74,19000,Stolen Property,0,0,0,0,0,0,1,0,0,0,0,NA,NA,NA,NA,0,5.3,0,0,0,0,0,0,0
Mount Greenwood,74,19000,Theft,71,80,69,57,63,73,51,52,84,220,73.3,-5.5,15.1,21.7,15,384.2,268.4,273.7,300,373.7,421.1,363.2,442.1,385.8
Mount Greenwood,74,19000,Theft Over $500,39,46,36,53,16,27,21,26,31,121,40.3,33.3,14.8,-13.9,-23,142.1,110.5,136.8,278.9,205.3,242.1,189.5,163.2,212.1
Mount Greenwood,74,19000,Vandalism,69,61,54,49,37,59,49,56,47,184,61.3,-8.5,-20.3,-13,-23,310.5,257.9,294.7,257.9,363.2,321.1,284.2,247.4,322.6
Mount Greenwood,74,19000,Weapons Violation,11,1,3,7,1,1,5,4,2,15,5,200,100,-33.3,-60,5.3,26.3,21.1,36.8,57.9,5.3,15.8,10.5,26.3
Morgan Park,75,21000,Aggravated Assault,58,54,45,54,39,43,47,51,50,157,52.3,4.7,16.3,11.1,-4,204.8,223.8,242.9,257.1,276.2,257.1,214.3,238.1,249
Morgan Park,75,21000,Aggravated Battery,45,48,48,43,37,53,62,52,47,141,47,-9.4,-11.3,-2.1,0,252.4,295.2,247.6,204.8,214.3,228.6,228.6,223.8,223.8
Morgan Park,75,21000,Arson,4,2,2,3,2,0,1,1,3,8,2.7,NA,NA,50,11,0,4.8,4.8,14.3,19,9.5,9.5,14.3,12.9
Morgan Park,75,21000,Burglary,48,45,55,53,49,73,87,57,66,148,49.3,-24.7,-9.6,20,34,347.6,414.3,271.4,252.4,228.6,214.3,261.9,314.3,234.8
Morgan Park,75,21000,Criminal Sexual Abuse,7,9,15,11,3,16,9,5,7,31,10.3,-6.2,-56.2,-53.3,-32,76.2,42.9,23.8,52.4,33.3,42.9,71.4,33.3,49
Morgan Park,75,21000,Criminal Sexual Assault,11,14,8,6,6,9,5,10,10,33,11,-11.1,11.1,25,-9,42.9,23.8,47.6,28.6,52.4,66.7,38.1,47.6,52.4
Morgan Park,75,21000,Disorderly Conduct,14,15,9,11,7,34,10,9,9,38,12.7,-73.5,-73.5,0,-29,161.9,47.6,42.9,52.4,66.7,71.4,42.9,42.9,60.5
Morgan Park,75,21000,Drug Abuse,37,35,22,23,21,58,26,31,26,94,31.3,-62.1,-55.2,18.2,-17,276.2,123.8,147.6,109.5,176.2,166.7,104.8,123.8,149
Morgan Park,75,21000,Embezzlement,0,0,0,0,0,0,0,0,0,0,0,NA,NA,NA,NA,0,0,0,0,0,0,0,0,0
Morgan Park,75,21000,Forgery & Counterfeiting,13,4,4,11,4,15,9,27,5,21,7,-73.3,-66.7,25,-29,71.4,42.9,128.6,52.4,61.9,19,19,23.8,33.3
Morgan Park,75,21000,Fraud,126,126,137,121,89,144,221,200,119,389,129.7,-4.9,-17.4,-13.1,-8,685.7,1052.4,952.4,576.2,600,600,652.4,566.7,617.6
Morgan Park,75,21000,Gambling,0,0,0,0,0,0,0,0,0,0,0,NA,NA,NA,NA,0,0,0,0,0,0,0,0,0
Morgan Park,75,21000,Human Trafficking,0,1,1,0,0,0,0,0,0,2,0.7,NA,NA,-100,-100,0,0,0,0,0,4.8,4.8,0,3.3
Morgan Park,75,21000,Involuntary Manslaughter,0,1,0,0,0,0,0,0,0,1,0.3,NA,NA,NA,-100,0,0,0,0,0,4.8,0,0,1.4
Morgan Park,75,21000,Liquor License,0,2,1,0,1,0,0,4,2,3,1,NA,NA,100,100,0,0,19,0,0,9.5,4.8,9.5,4.8
Morgan Park,75,21000,Misc Non-Index Offense,191,243,236,174,143,255,171,200,207,670,223.3,-7.5,-18.8,-12.3,-7,1214.3,814.3,952.4,828.6,909.5,1157.1,1123.8,985.7,1063.3
Morgan Park,75,21000,Motor Vehicle Theft,242,187,109,177,117,61,77,79,151,538,179.3,78.7,147.5,38.5,-16,290.5,366.7,376.2,842.9,1152.4,890.5,519,719,853.8
Morgan Park,75,21000,Murder,2,1,6,9,2,4,10,4,4,9,3,50,0,-33.3,33,19,47.6,19,42.9,9.5,4.8,28.6,19,14.3
Morgan Park,75,21000,Obscenity,0,0,1,0,0,0,0,0,0,1,0.3,NA,NA,-100,-100,0,0,0,0,0,0,4.8,0,1.4
Morgan Park,75,21000,Offenses Against Family,6,7,5,10,10,14,7,9,12,18,6,-64.3,-14.3,140,100,66.7,33.3,42.9,47.6,28.6,33.3,23.8,57.1,28.6
Morgan Park,75,21000,Prostitution,0,0,1,0,1,1,0,0,2,1,0.3,0,100,100,567,4.8,0,0,0,0,0,4.8,9.5,1.4
Morgan Park,75,21000,Robbery,52,46,37,47,19,39,49,36,32,135,45,-5.1,-17.9,-13.5,-29,185.7,233.3,171.4,223.8,247.6,219,176.2,152.4,214.3
Morgan Park,75,21000,Simple Assault,147,138,119,89,78,112,116,124,107,404,134.7,6.2,-4.5,-10.1,-21,533.3,552.4,590.5,423.8,700,657.1,566.7,509.5,641.4
Morgan Park,75,21000,Simple Battery,281,330,306,261,229,301,230,259,309,917,305.7,1.7,2.7,1,1,1433.3,1095.2,1233.3,1242.9,1338.1,1571.4,1457.1,1471.4,1455.7
Morgan Park,75,21000,Stolen Property,1,1,3,2,0,0,0,0,1,5,1.7,NA,NA,-66.7,-41,0,0,0,9.5,4.8,4.8,14.3,4.8,8.1
Morgan Park,75,21000,Theft,243,287,338,260,186,319,239,248,259,868,289.3,6,-18.8,-23.4,-10,1519,1138.1,1181,1238.1,1157.1,1366.7,1609.5,1233.3,1377.6
Morgan Park,75,21000,Theft Over $500,137,105,105,133,72,97,64,97,104,347,115.7,8.2,7.2,-1,-10,461.9,304.8,461.9,633.3,652.4,500,500,495.2,551
Morgan Park,75,21000,Vandalism,248,235,210,220,158,193,209,194,203,693,231,8.8,5.2,-3.3,-12,919,995.2,923.8,1047.6,1181,1119,1000,966.7,1100
Morgan Park,75,21000,Weapons Violation,57,76,47,66,32,37,45,56,42,180,60,27,13.5,-10.6,-30,176.2,214.3,266.7,314.3,271.4,361.9,223.8,200,285.7
Ohare,76,13000,Aggravated Assault,24,22,15,16,7,11,12,16,9,61,20.3,36.4,-18.2,-40,-56,84.6,92.3,123.1,123.1,184.6,169.2,115.4,69.2,156.2
Ohare,76,13000,Aggravated Battery,12,17,20,13,12,7,8,18,16,49,16.3,185.7,128.6,-20,-2,53.8,61.5,138.5,100,92.3,130.8,153.8,123.1,125.4
Ohare,76,13000,Arson,1,0,0,0,1,1,1,3,1,1,0.3,-100,0,NA,233,7.7,7.7,23.1,0,7.7,0,0,7.7,2.3
Ohare,76,13000,Burglary,13,16,28,14,30,12,6,23,37,57,19,133.3,208.3,32.1,95,92.3,46.2,176.9,107.7,100,123.1,215.4,284.6,146.2
Ohare,76,13000,Criminal Sexual Abuse,8,11,8,9,7,9,6,7,7,27,9,-11.1,-22.2,-12.5,-22,69.2,46.2,53.8,69.2,61.5,84.6,61.5,53.8,69.2
Ohare,76,13000,Criminal Sexual Assault,5,9,2,10,3,5,2,9,5,16,5.3,-60,0,150,-6,38.5,15.4,69.2,76.9,38.5,69.2,15.4,38.5,40.8
Ohare,76,13000,Disorderly Conduct,17,9,24,12,16,9,2,17,23,50,16.7,166.7,155.6,-4.2,38,69.2,15.4,130.8,92.3,130.8,69.2,184.6,176.9,128.5
Ohare,76,13000,Drug Abuse,185,45,18,124,19,42,38,31,21,248,82.7,-57.1,-50,16.7,-75,323.1,292.3,238.5,953.8,1423.1,346.2,138.5,161.5,636.2
Ohare,76,13000,Embezzlement,1,1,0,0,0,0,0,0,0,2,0.7,NA,NA,NA,-100,0,0,0,0,7.7,7.7,0,0,5.4
Ohare,76,13000,Forgery & Counterfeiting,9,14,3,20,1,6,4,8,2,26,8.7,-50,-66.7,-33.3,-77,46.2,30.8,61.5,153.8,69.2,107.7,23.1,15.4,66.9
Ohare,76,13000,Fraud,183,228,179,119,104,264,165,136,130,590,196.7,-32.2,-50.8,-27.4,-34,2030.8,1269.2,1046.2,915.4,1407.7,1753.8,1376.9,1000,1513.1
Ohare,76,13000,Gambling,0,0,0,0,0,0,0,0,0,0,0,NA,NA,NA,NA,0,0,0,0,0,0,0,0,0
Ohare,76,13000,Human Trafficking,0,0,0,0,0,0,0,0,0,0,0,NA,NA,NA,NA,0,0,0,0,0,0,0,0,0
Ohare,76,13000,Involuntary Manslaughter,0,0,0,0,0,0,0,0,0,0,0,NA,NA,NA,NA,0,0,0,0,0,0,0,0,0
Ohare,76,13000,Liquor License,0,2,2,0,1,0,2,0,1,4,1.3,NA,NA,-50,-23,0,15.4,0,0,0,15.4,15.4,7.7,10
Ohare,76,13000,Misc Non-Index Offense,236,172,281,347,161,261,301,281,236,689,229.7,7.7,-9.6,-16,3,2007.7,2315.4,2161.5,2669.2,1815.4,1323.1,2161.5,1815.4,1766.9
Ohare,76,13000,Motor Vehicle Theft,137,120,87,124,40,89,79,64,61,344,114.7,-2.2,-31.5,-29.9,-47,684.6,607.7,492.3,953.8,1053.8,923.1,669.2,469.2,882.3
Ohare,76,13000,Murder,0,0,2,0,0,0,0,0,0,2,0.7,NA,NA,-100,-100,0,0,0,0,0,0,15.4,0,5.4
Ohare,76,13000,Obscenity,0,0,0,0,1,0,0,0,1,0,0,NA,NA,NA,NA,0,0,0,0,0,0,0,7.7,0
Ohare,76,13000,Offenses Against Family,2,1,1,3,2,1,3,2,2,4,1.3,0,100,100,54,7.7,23.1,15.4,23.1,15.4,7.7,7.7,15.4,10
Ohare,76,13000,Prostitution,1,3,0,0,0,0,1,0,0,4,1.3,NA,NA,NA,-100,0,7.7,0,0,7.7,23.1,0,0,10
Ohare,76,13000,Robbery,7,7,2,11,2,8,7,7,3,16,5.3,-75,-62.5,50,-43,61.5,53.8,53.8,84.6,53.8,53.8,15.4,23.1,40.8
Ohare,76,13000,Simple Assault,63,79,71,85,45,68,60,77,66,213,71,4.4,-2.9,-7,-7,523.1,461.5,592.3,653.8,484.6,607.7,546.2,507.7,546.2
Ohare,76,13000,Simple Battery,236,249,213,203,167,216,143,207,221,698,232.7,-1.4,2.3,3.8,-5,1661.5,1100,1592.3,1561.5,1815.4,1915.4,1638.5,1700,1790
Ohare,76,13000,Stolen Property,0,1,0,0,0,0,0,0,0,1,0.3,NA,NA,NA,-100,0,0,0,0,0,7.7,0,0,2.3
Ohare,76,13000,Theft,261,240,299,267,182,355,169,227,244,800,266.7,-15.8,-31.3,-18.4,-9,2730.8,1300,1746.2,2053.8,2007.7,1846.2,2300,1876.9,2051.5
Ohare,76,13000,Theft Over $500,309,276,238,294,131,187,116,197,175,823,274.3,27.3,-6.4,-26.5,-36,1438.5,892.3,1515.4,2261.5,2376.9,2123.1,1830.8,1346.2,2110
Ohare,76,13000,Vandalism,110,111,97,105,73,102,69,99,86,318,106,-4.9,-15.7,-11.3,-19,784.6,530.8,761.5,807.7,846.2,853.8,746.2,661.5,815.4
Ohare,76,13000,Weapons Violation,53,63,92,67,58,37,22,74,85,208,69.3,148.6,129.7,-7.6,23,284.6,169.2,569.2,515.4,407.7,484.6,707.7,653.8,533.1
Edgewater,77,56000,Aggravated Assault,51,73,58,67,39,45,44,46,52,182,60.7,28.9,15.6,-10.3,-14,80.4,78.6,82.1,119.6,91.1,130.4,103.6,92.9,108.4
Edgewater,77,56000,Aggravated Battery,47,59,54,42,38,33,42,51,46,160,53.3,63.6,39.4,-14.8,-14,58.9,75,91.1,75,83.9,105.4,96.4,82.1,95.2
Edgewater,77,56000,Arson,1,4,4,2,1,0,2,2,1,9,3,NA,NA,-75,-67,0,3.6,3.6,3.6,1.8,7.1,7.1,1.8,5.4
Edgewater,77,56000,Burglary,147,138,172,96,85,96,100,104,111,457,152.3,79.2,15.6,-35.5,-27,171.4,178.6,185.7,171.4,262.5,246.4,307.1,198.2,272
Edgewater,77,56000,Criminal Sexual Abuse,30,25,17,21,24,22,22,16,28,72,24,-22.7,27.3,64.7,17,39.3,39.3,28.6,37.5,53.6,44.6,30.4,50,42.9
Edgewater,77,56000,Criminal Sexual Assault,26,33,29,36,27,24,19,26,34,88,29.3,20.8,41.7,17.2,16,42.9,33.9,46.4,64.3,46.4,58.9,51.8,60.7,52.3
Edgewater,77,56000,Disorderly Conduct,9,10,4,3,10,4,5,6,10,23,7.7,0,150,150,30,7.1,8.9,10.7,5.4,16.1,17.9,7.1,17.9,13.8
Edgewater,77,56000,Drug Abuse,18,18,13,10,17,18,6,8,21,49,16.3,-27.8,16.7,61.5,29,32.1,10.7,14.3,17.9,32.1,32.1,23.2,37.5,29.1
Edgewater,77,56000,Embezzlement,1,2,1,0,0,1,0,2,0,4,1.3,0,-100,-100,-100,1.8,0,3.6,0,1.8,3.6,1.8,0,2.3
Edgewater,77,56000,Forgery & Counterfeiting,24,17,12,32,13,27,25,16,18,53,17.7,-55.6,-33.3,50,2,48.2,44.6,28.6,57.1,42.9,30.4,21.4,32.1,31.6
Edgewater,77,56000,Fraud,273,246,262,244,168,295,316,274,224,781,260.3,-11.2,-24.1,-14.5,-14,526.8,564.3,489.3,435.7,487.5,439.3,467.9,400,464.8
Edgewater,77,56000,Gambling,0,0,0,0,0,0,0,0,0,0,0,NA,NA,NA,NA,0,0,0,0,0,0,0,0,0
Edgewater,77,56000,Human Trafficking,0,0,0,0,0,0,0,0,0,0,0,NA,NA,NA,NA,0,0,0,0,0,0,0,0,0
Edgewater,77,56000,Involuntary Manslaughter,0,0,0,0,0,1,0,0,0,0,0,-100,-100,NA,NA,1.8,0,0,0,0,0,0,0,0
Edgewater,77,56000,Liquor License,1,0,0,0,3,0,0,0,3,1,0.3,NA,NA,NA,900,0,0,0,0,1.8,0,0,5.4,0.5
Edgewater,77,56000,Misc Non-Index Offense,302,334,321,218,180,252,194,188,265,957,319,27.4,5.2,-17.4,-17,450,346.4,335.7,389.3,539.3,596.4,573.2,473.2,569.6
Edgewater,77,56000,Motor Vehicle Theft,294,247,149,186,100,56,63,84,129,690,230,166.1,130.4,-13.4,-44,100,112.5,150,332.1,525,441.1,266.1,230.4,410.7
Edgewater,77,56000,Murder,2,3,4,3,2,0,1,1,3,9,3,NA,NA,-25,0,0,1.8,1.8,5.4,3.6,5.4,7.1,5.4,5.4
Edgewater,77,56000,Obscenity,0,2,1,0,0,0,0,0,0,3,1,NA,NA,-100,-100,0,0,0,0,0,3.6,1.8,0,1.8
Edgewater,77,56000,Offenses Against Family,3,5,2,4,4,6,4,3,4,10,3.3,-66.7,-33.3,100,21,10.7,7.1,5.4,7.1,5.4,8.9,3.6,7.1,5.9
Edgewater,77,56000,Prostitution,1,0,3,1,0,1,1,0,2,4,1.3,200,100,-33.3,54,1.8,1.8,0,1.8,1.8,0,5.4,3.6,2.3
Edgewater,77,56000,Robbery,65,98,63,95,33,68,61,77,49,226,75.3,-7.4,-27.9,-22.2,-35,121.4,108.9,137.5,169.6,116.1,175,112.5,87.5,134.5
Edgewater,77,56000,Simple Assault,177,204,203,206,146,146,124,166,190,584,194.7,39,30.1,-6.4,-2,260.7,221.4,296.4,367.9,316.1,364.3,362.5,339.3,347.7
Edgewater,77,56000,Simple Battery,463,494,442,429,333,370,369,419,445,1399,466.3,19.5,20.3,0.7,-5,660.7,658.9,748.2,766.1,826.8,882.1,789.3,794.6,832.7
Edgewater,77,56000,Stolen Property,0,0,0,0,0,0,0,0,0,0,0,NA,NA,NA,NA,0,0,0,0,0,0,0,0,0
Edgewater,77,56000,Theft,779,881,751,597,536,715,595,570,684,2411,803.7,5,-4.3,-8.9,-15,1276.8,1062.5,1017.9,1066.1,1391.1,1573.2,1341.1,1221.4,1435.2
Edgewater,77,56000,Theft Over $500,309,278,204,323,129,127,142,181,170,791,263.7,60.6,33.9,-16.7,-36,226.8,253.6,323.2,576.8,551.8,496.4,364.3,303.6,470.9
Edgewater,77,56000,Vandalism,309,386,231,274,149,202,207,226,183,926,308.7,14.4,-9.4,-20.8,-41,360.7,369.6,403.6,489.3,551.8,689.3,412.5,326.8,551.2
Edgewater,77,56000,Weapons Violation,17,18,23,13,16,5,5,6,23,58,19.3,360,360,0,19,8.9,8.9,10.7,23.2,30.4,32.1,41.1,41.1,34.5
Edison Park,9,12000,Aggravated Assault,2,8,3,2,0,2,1,1,1,13,4.3,50,-50,-66.7,-77,16.7,8.3,8.3,16.7,16.7,66.7,25,8.3,35.8
Edison Park,9,12000,Aggravated Battery,3,2,5,7,2,3,2,2,3,10,3.3,66.7,0,-40,-9,25,16.7,16.7,58.3,25,16.7,41.7,25,27.5
Edison Park,9,12000,Arson,0,0,1,1,0,0,0,0,0,1,0.3,NA,NA,-100,-100,0,0,0,8.3,0,0,8.3,0,2.5
Edison Park,9,12000,Burglary,14,8,32,26,7,7,11,9,14,54,18,357.1,100,-56.2,-22,58.3,91.7,75,216.7,116.7,66.7,266.7,116.7,150
Edison Park,9,12000,Criminal Sexual Abuse,2,1,1,2,2,3,4,3,3,4,1.3,-66.7,0,200,131,25,33.3,25,16.7,16.7,8.3,8.3,25,10.8
Edison Park,9,12000,Criminal Sexual Assault,2,0,1,4,0,3,2,2,1,3,1,-66.7,-66.7,0,0,25,16.7,16.7,33.3,16.7,0,8.3,8.3,8.3
Edison Park,9,12000,Disorderly Conduct,1,0,2,1,2,0,0,1,2,3,1,NA,NA,0,100,0,0,8.3,8.3,8.3,0,16.7,16.7,8.3
Edison Park,9,12000,Drug Abuse,0,0,0,1,0,0,0,0,0,0,0,NA,NA,NA,NA,0,0,0,8.3,0,0,0,0,0
Edison Park,9,12000,Embezzlement,0,0,1,0,0,0,0,0,0,1,0.3,NA,NA,-100,-100,0,0,0,0,0,0,8.3,0,2.5
Edison Park,9,12000,Forgery & Counterfeiting,23,23,6,21,4,2,2,5,4,52,17.3,200,100,-33.3,-77,16.7,16.7,41.7,175,191.7,191.7,50,33.3,144.2
Edison Park,9,12000,Fraud,39,42,37,42,21,45,85,56,31,118,39.3,-17.8,-31.1,-16.2,-21,375,708.3,466.7,350,325,350,308.3,258.3,327.5
Edison Park,9,12000,Gambling,0,0,0,0,0,1,0,0,0,0,0,-100,-100,NA,NA,8.3,0,0,0,0,0,0,0,0
Edison Park,9,12000,Human Trafficking,0,0,0,0,0,0,0,0,0,0,0,NA,NA,NA,NA,0,0,0,0,0,0,0,0,0
Edison Park,9,12000,Involuntary Manslaughter,0,0,0,1,0,0,0,0,0,0,0,NA,NA,NA,NA,0,0,0,8.3,0,0,0,0,0
Edison Park,9,12000,Liquor License,2,0,1,0,2,0,1,0,2,3,1,NA,NA,100,100,0,8.3,0,0,16.7,0,8.3,16.7,8.3
Edison Park,9,12000,Misc Non-Index Offense,60,36,41,49,25,40,33,31,30,137,45.7,2.5,-25,-26.8,-34,333.3,275,258.3,408.3,500,300,341.7,250,380.8
Edison Park,9,12000,Motor Vehicle Theft,11,14,10,13,5,11,9,6,9,35,11.7,-9.1,-18.2,-10,-23,91.7,75,50,108.3,91.7,116.7,83.3,75,97.5
Edison Park,9,12000,Murder,0,0,0,1,0,1,0,0,0,0,0,-100,-100,NA,NA,8.3,0,0,8.3,0,0,0,0,0
Edison Park,9,12000,Obscenity,0,0,0,0,0,0,0,0,0,0,0,NA,NA,NA,NA,0,0,0,0,0,0,0,0,0
Edison Park,9,12000,Offenses Against Family,2,1,0,0,0,1,0,1,0,3,1,-100,-100,NA,-100,8.3,0,8.3,0,16.7,8.3,0,0,8.3
Edison Park,9,12000,Prostitution,0,0,0,1,1,0,0,0,1,0,0,NA,NA,NA,NA,0,0,0,8.3,0,0,0,8.3,0
Edison Park,9,12000,Robbery,4,3,0,1,1,1,1,1,1,7,2.3,-100,0,NA,-57,8.3,8.3,8.3,8.3,33.3,25,0,8.3,19.2
Edison Park,9,12000,Simple Assault,13,9,20,18,6,18,10,18,14,42,14,11.1,-22.2,-30,0,150,83.3,150,150,108.3,75,166.7,116.7,116.7
Edison Park,9,12000,Simple Battery,36,25,39,40,23,43,29,37,42,100,33.3,-9.3,-2.3,7.7,26,358.3,241.7,308.3,333.3,300,208.3,325,350,277.5
Edison Park,9,12000,Stolen Property,0,0,0,0,0,0,0,0,0,0,0,NA,NA,NA,NA,0,0,0,0,0,0,0,0,0
Edison Park,9,12000,Theft,17,35,33,25,16,42,40,28,25,85,28.3,-21.4,-40.5,-24.2,-12,350,333.3,233.3,208.3,141.7,291.7,275,208.3,235.8
Edison Park,9,12000,Theft Over $500,27,38,13,24,4,13,20,18,8,78,26,0,-38.5,-38.5,-69,108.3,166.7,150,200,225,316.7,108.3,66.7,216.7
Edison Park,9,12000,Vandalism,36,39,32,22,11,33,17,25,14,107,35.7,-3,-57.6,-56.2,-61,275,141.7,208.3,183.3,300,325,266.7,116.7,297.5
Edison Park,9,12000,Weapons Violation,0,1,1,1,0,0,1,0,1,2,0.7,NA,NA,0,43,0,8.3,0,8.3,0,8.3,8.3,8.3,5.8
NA,0,NA,Aggravated Assault,4,1,1,0,0,0,0,0,0,6,2,NA,NA,-100,-100,NA,NA,NA,NA,NA,NA,NA,NA,NA
NA,0,NA,Aggravated Battery,13,9,10,9,7,0,0,0,7,32,10.7,NA,NA,-30,-35,NA,NA,NA,NA,NA,NA,NA,NA,NA
NA,0,NA,Arson,0,0,0,0,0,0,0,0,0,0,0,NA,NA,NA,NA,NA,NA,NA,NA,NA,NA,NA,NA,NA
NA,0,NA,Burglary,0,0,0,0,1,0,0,0,1,0,0,NA,NA,NA,NA,NA,NA,NA,NA,NA,NA,NA,NA,NA
NA,0,NA,Criminal Sexual Abuse,78,61,75,96,44,0,0,0,65,214,71.3,NA,NA,-13.3,-9,NA,NA,NA,NA,NA,NA,NA,NA,NA
NA,0,NA,Criminal Sexual Assault,137,133,136,127,130,0,0,0,157,406,135.3,NA,NA,15.4,16,NA,NA,NA,NA,NA,NA,NA,NA,NA
NA,0,NA,Disorderly Conduct,0,0,0,0,0,0,0,0,0,0,0,NA,NA,NA,NA,NA,NA,NA,NA,NA,NA,NA,NA,NA
NA,0,NA,Drug Abuse,0,0,0,0,0,0,0,0,0,0,0,NA,NA,NA,NA,NA,NA,NA,NA,NA,NA,NA,NA,NA
NA,0,NA,Embezzlement,0,0,0,0,0,0,0,0,0,0,0,NA,NA,NA,NA,NA,NA,NA,NA,NA,NA,NA,NA,NA
NA,0,NA,Forgery & Counterfeiting,5,4,2,2,2,0,0,0,3,11,3.7,NA,NA,50,-19,NA,NA,NA,NA,NA,NA,NA,NA,NA
NA,0,NA,Fraud,23,32,23,18,19,0,0,0,28,78,26,NA,NA,21.7,8,NA,NA,NA,NA,NA,NA,NA,NA,NA
NA,0,NA,Gambling,0,0,0,0,0,0,0,0,0,0,0,NA,NA,NA,NA,NA,NA,NA,NA,NA,NA,NA,NA,NA
NA,0,NA,Human Trafficking,4,4,5,4,7,0,0,0,7,13,4.3,NA,NA,40,63,NA,NA,NA,NA,NA,NA,NA,NA,NA
NA,0,NA,Involuntary Manslaughter,0,0,0,0,0,0,0,0,0,0,0,NA,NA,NA,NA,NA,NA,NA,NA,NA,NA,NA,NA,NA
NA,0,NA,Liquor License,0,0,0,1,0,0,0,0,0,0,0,NA,NA,NA,NA,NA,NA,NA,NA,NA,NA,NA,NA,NA
NA,0,NA,Misc Non-Index Offense,12,22,12,12,17,0,0,0,22,46,15.3,NA,NA,83.3,44,NA,NA,NA,NA,NA,NA,NA,NA,NA
NA,0,NA,Motor Vehicle Theft,0,0,1,1,0,0,0,0,0,1,0.3,NA,NA,-100,-100,NA,NA,NA,NA,NA,NA,NA,NA,NA
NA,0,NA,Murder,0,0,0,0,0,0,0,0,0,0,0,NA,NA,NA,NA,NA,NA,NA,NA,NA,NA,NA,NA,NA
NA,0,NA,Obscenity,0,0,0,0,0,0,0,0,0,0,0,NA,NA,NA,NA,NA,NA,NA,NA,NA,NA,NA,NA,NA
NA,0,NA,Offenses Against Family,45,27,11,27,15,0,0,0,16,83,27.7,NA,NA,45.5,-42,NA,NA,NA,NA,NA,NA,NA,NA,NA
NA,0,NA,Prostitution,5,3,3,4,6,0,0,0,7,11,3.7,NA,NA,133.3,89,NA,NA,NA,NA,NA,NA,NA,NA,NA
NA,0,NA,Robbery,9,10,8,5,5,0,0,0,6,27,9,NA,NA,-25,-33,NA,NA,NA,NA,NA,NA,NA,NA,NA
NA,0,NA,Simple Assault,3,1,0,2,3,0,0,0,3,4,1.3,NA,NA,NA,131,NA,NA,NA,NA,NA,NA,NA,NA,NA
NA,0,NA,Simple Battery,30,20,24,15,16,0,0,0,24,74,24.7,NA,NA,0,-3,NA,NA,NA,NA,NA,NA,NA,NA,NA
NA,0,NA,Stolen Property,0,0,0,0,0,0,0,0,0,0,0,NA,NA,NA,NA,NA,NA,NA,NA,NA,NA,NA,NA,NA
NA,0,NA,Theft,4,3,5,3,2,0,0,0,6,12,4,NA,NA,20,50,NA,NA,NA,NA,NA,NA,NA,NA,NA
NA,0,NA,Theft Over $500,4,2,3,1,4,0,0,0,5,9,3,NA,NA,66.7,67,NA,NA,NA,NA,NA,NA,NA,NA,NA
NA,0,NA,Vandalism,1,2,1,2,0,0,0,0,0,4,1.3,NA,NA,-100,-100,NA,NA,NA,NA,NA,NA,NA,NA,NA
NA,0,NA,Weapons Violation,1,2,0,0,0,0,0,0,0,3,1,NA,NA,NA,-100,NA,NA,NA,NA,NA,NA,NA,NA,NA
NA,Unknown,NA,Aggravated Assault,0,0,1,0,0,0,1,0,0,1,0.3,NA,NA,-100,-100,NA,NA,NA,NA,NA,NA,NA,NA,NA
NA,Unknown,NA,Aggravated Battery,0,0,0,0,0,0,1,0,0,0,0,NA,NA,NA,NA,NA,NA,NA,NA,NA,NA,NA,NA,NA
NA,Unknown,NA,Arson,2,0,0,0,0,0,0,0,0,2,0.7,NA,NA,NA,-100,NA,NA,NA,NA,NA,NA,NA,NA,NA
NA,Unknown,NA,Burglary,0,0,0,0,0,0,0,0,0,0,0,NA,NA,NA,NA,NA,NA,NA,NA,NA,NA,NA,NA,NA
NA,Unknown,NA,Criminal Sexual Abuse,0,0,0,0,0,0,0,0,0,0,0,NA,NA,NA,NA,NA,NA,NA,NA,NA,NA,NA,NA,NA
NA,Unknown,NA,Criminal Sexual Assault,0,0,0,0,0,0,0,0,0,0,0,NA,NA,NA,NA,NA,NA,NA,NA,NA,NA,NA,NA,NA
NA,Unknown,NA,Disorderly Conduct,0,0,0,0,0,0,0,0,0,0,0,NA,NA,NA,NA,NA,NA,NA,NA,NA,NA,NA,NA,NA
NA,Unknown,NA,Drug Abuse,0,0,1,0,0,0,0,0,1,1,0.3,NA,NA,0,233,NA,NA,NA,NA,NA,NA,NA,NA,NA
NA,Unknown,NA,Embezzlement,0,0,0,0,0,0,0,0,0,0,0,NA,NA,NA,NA,NA,NA,NA,NA,NA,NA,NA,NA,NA
NA,Unknown,NA,Forgery & Counterfeiting,0,0,0,1,0,0,0,0,0,0,0,NA,NA,NA,NA,NA,NA,NA,NA,NA,NA,NA,NA,NA
NA,Unknown,NA,Fraud,4,2,5,2,1,0,0,0,4,11,3.7,NA,NA,-20,8,NA,NA,NA,NA,NA,NA,NA,NA,NA
NA,Unknown,NA,Gambling,0,0,0,0,0,0,0,0,0,0,0,NA,NA,NA,NA,NA,NA,NA,NA,NA,NA,NA,NA,NA
NA,Unknown,NA,Human Trafficking,0,0,0,0,0,0,0,0,0,0,0,NA,NA,NA,NA,NA,NA,NA,NA,NA,NA,NA,NA,NA
NA,Unknown,NA,Involuntary Manslaughter,0,0,0,0,0,0,0,0,0,0,0,NA,NA,NA,NA,NA,NA,NA,NA,NA,NA,NA,NA,NA
NA,Unknown,NA,Liquor License,0,0,0,0,0,0,0,0,0,0,0,NA,NA,NA,NA,NA,NA,NA,NA,NA,NA,NA,NA,NA
NA,Unknown,NA,Misc Non-Index Offense,3,0,1,6,0,0,0,0,0,4,1.3,NA,NA,-100,-100,NA,NA,NA,NA,NA,NA,NA,NA,NA
NA,Unknown,NA,Motor Vehicle Theft,4,4,0,2,0,0,0,0,0,8,2.7,NA,NA,NA,-100,NA,NA,NA,NA,NA,NA,NA,NA,NA
NA,Unknown,NA,Murder,0,0,0,0,0,0,0,0,0,0,0,NA,NA,NA,NA,NA,NA,NA,NA,NA,NA,NA,NA,NA
NA,Unknown,NA,Obscenity,0,0,0,0,0,0,0,0,0,0,0,NA,NA,NA,NA,NA,NA,NA,NA,NA,NA,NA,NA,NA
NA,Unknown,NA,Offenses Against Family,0,0,0,0,0,0,0,0,0,0,0,NA,NA,NA,NA,NA,NA,NA,NA,NA,NA,NA,NA,NA
NA,Unknown,NA,Prostitution,0,0,0,0,0,0,0,0,0,0,0,NA,NA,NA,NA,NA,NA,NA,NA,NA,NA,NA,NA,NA
NA,Unknown,NA,Robbery,0,0,0,0,0,0,0,0,0,0,0,NA,NA,NA,NA,NA,NA,NA,NA,NA,NA,NA,NA,NA
NA,Unknown,NA,Simple Assault,1,1,1,1,0,0,0,0,0,3,1,NA,NA,-100,-100,NA,NA,NA,NA,NA,NA,NA,NA,NA
NA,Unknown,NA,Simple Battery,1,0,0,11,0,0,0,0,0,1,0.3,NA,NA,NA,-100,NA,NA,NA,NA,NA,NA,NA,NA,NA
NA,Unknown,NA,Stolen Property,0,0,0,0,0,0,0,0,0,0,0,NA,NA,NA,NA,NA,NA,NA,NA,NA,NA,NA,NA,NA
NA,Unknown,NA,Theft,1,0,0,4,0,0,0,0,0,1,0.3,NA,NA,NA,-100,NA,NA,NA,NA,NA,NA,NA,NA,NA
NA,Unknown,NA,Theft Over $500,0,0,0,1,0,0,0,0,0,0,0,NA,NA,NA,NA,NA,NA,NA,NA,NA,NA,NA,NA,NA
NA,Unknown,NA,Vandalism,3,0,0,3,0,0,0,0,0,3,1,NA,NA,NA,-100,NA,NA,NA,NA,NA,NA,NA,NA,NA
NA,Unknown,NA,Weapons Violation,0,0,0,0,0,0,0,0,0,0,0,NA,NA,NA,NA,NA,NA,NA,NA,NA,NA,NA,NA,NA
